comparison,target_model,reference_model,domain,resolution,variable_group,variable,row_label,level_hpa,lead_hour,lead_label,rmse_improvement_pct
nested_global_vs_gfs_regions,Nested-EAGLE-Global (AI),GFS,global,global 0.25 degree,geopotential_height,geopotential_height,geopotential_height 250,250,24,D1,-0.041
nested_global_vs_gfs_regions,Nested-EAGLE-Global (AI),GFS,global,global 0.25 degree,geopotential_height,geopotential_height,geopotential_height 250,250,48,D2,-0.085
nested_global_vs_gfs_regions,Nested-EAGLE-Global (AI),GFS,global,global 0.25 degree,geopotential_height,geopotential_height,geopotential_height 250,250,72,D3,-0.255
nested_global_vs_gfs_regions,Nested-EAGLE-Global (AI),GFS,global,global 0.25 degree,geopotential_height,geopotential_height,geopotential_height 250,250,96,D4,-0.255
nested_global_vs_gfs_regions,Nested-EAGLE-Global (AI),GFS,global,global 0.25 degree,geopotential_height,geopotential_height,geopotential_height 250,250,120,D5,0.146
nested_global_vs_gfs_regions,Nested-EAGLE-Global (AI),GFS,global,global 0.25 degree,geopotential_height,geopotential_height,geopotential_height 250,250,144,D6,0.555
nested_global_vs_gfs_regions,Nested-EAGLE-Global (AI),GFS,global,global 0.25 degree,geopotential_height,geopotential_height,geopotential_height 250,250,168,D7,1.437
nested_global_vs_gfs_regions,Nested-EAGLE-Global (AI),GFS,global,global 0.25 degree,geopotential_height,geopotential_height,geopotential_height 250,250,192,D8,2.288
nested_global_vs_gfs_regions,Nested-EAGLE-Global (AI),GFS,global,global 0.25 degree,geopotential_height,geopotential_height,geopotential_height 250,250,216,D9,2.44
nested_global_vs_gfs_regions,Nested-EAGLE-Global (AI),GFS,global,global 0.25 degree,geopotential_height,geopotential_height,geopotential_height 250,250,240,D10,2.644
nested_global_vs_gfs_regions,Nested-EAGLE-Global (AI),GFS,global,global 0.25 degree,geopotential_height,geopotential_height,geopotential_height 500,500,24,D1,0.154
nested_global_vs_gfs_regions,Nested-EAGLE-Global (AI),GFS,global,global 0.25 degree,geopotential_height,geopotential_height,geopotential_height 500,500,48,D2,0.087
nested_global_vs_gfs_regions,Nested-EAGLE-Global (AI),GFS,global,global 0.25 degree,geopotential_height,geopotential_height,geopotential_height 500,500,72,D3,-0.079
nested_global_vs_gfs_regions,Nested-EAGLE-Global (AI),GFS,global,global 0.25 degree,geopotential_height,geopotential_height,geopotential_height 500,500,96,D4,-0.018
nested_global_vs_gfs_regions,Nested-EAGLE-Global (AI),GFS,global,global 0.25 degree,geopotential_height,geopotential_height,geopotential_height 500,500,120,D5,0.398
nested_global_vs_gfs_regions,Nested-EAGLE-Global (AI),GFS,global,global 0.25 degree,geopotential_height,geopotential_height,geopotential_height 500,500,144,D6,0.255
nested_global_vs_gfs_regions,Nested-EAGLE-Global (AI),GFS,global,global 0.25 degree,geopotential_height,geopotential_height,geopotential_height 500,500,168,D7,0.942
nested_global_vs_gfs_regions,Nested-EAGLE-Global (AI),GFS,global,global 0.25 degree,geopotential_height,geopotential_height,geopotential_height 500,500,192,D8,1.18
nested_global_vs_gfs_regions,Nested-EAGLE-Global (AI),GFS,global,global 0.25 degree,geopotential_height,geopotential_height,geopotential_height 500,500,216,D9,1.42
nested_global_vs_gfs_regions,Nested-EAGLE-Global (AI),GFS,global,global 0.25 degree,geopotential_height,geopotential_height,geopotential_height 500,500,240,D10,1.557
nested_global_vs_gfs_regions,Nested-EAGLE-Global (AI),GFS,global,global 0.25 degree,geopotential_height,geopotential_height,geopotential_height 850,850,24,D1,0.83
nested_global_vs_gfs_regions,Nested-EAGLE-Global (AI),GFS,global,global 0.25 degree,geopotential_height,geopotential_height,geopotential_height 850,850,48,D2,0.778
nested_global_vs_gfs_regions,Nested-EAGLE-Global (AI),GFS,global,global 0.25 degree,geopotential_height,geopotential_height,geopotential_height 850,850,72,D3,0.372
nested_global_vs_gfs_regions,Nested-EAGLE-Global (AI),GFS,global,global 0.25 degree,geopotential_height,geopotential_height,geopotential_height 850,850,96,D4,0.22
nested_global_vs_gfs_regions,Nested-EAGLE-Global (AI),GFS,global,global 0.25 degree,geopotential_height,geopotential_height,geopotential_height 850,850,120,D5,1.092
nested_global_vs_gfs_regions,Nested-EAGLE-Global (AI),GFS,global,global 0.25 degree,geopotential_height,geopotential_height,geopotential_height 850,850,144,D6,1.663
nested_global_vs_gfs_regions,Nested-EAGLE-Global (AI),GFS,global,global 0.25 degree,geopotential_height,geopotential_height,geopotential_height 850,850,168,D7,1.928
nested_global_vs_gfs_regions,Nested-EAGLE-Global (AI),GFS,global,global 0.25 degree,geopotential_height,geopotential_height,geopotential_height 850,850,192,D8,1.605
nested_global_vs_gfs_regions,Nested-EAGLE-Global (AI),GFS,global,global 0.25 degree,geopotential_height,geopotential_height,geopotential_height 850,850,216,D9,2.481
nested_global_vs_gfs_regions,Nested-EAGLE-Global (AI),GFS,global,global 0.25 degree,geopotential_height,geopotential_height,geopotential_height 850,850,240,D10,3.275
nested_global_vs_gfs_regions,Nested-EAGLE-Global (AI),GFS,global,global 0.25 degree,zonal_wind,zonal_wind,zonal_wind 250,250,24,D1,8.445
nested_global_vs_gfs_regions,Nested-EAGLE-Global (AI),GFS,global,global 0.25 degree,zonal_wind,zonal_wind,zonal_wind 250,250,48,D2,9.562
nested_global_vs_gfs_regions,Nested-EAGLE-Global (AI),GFS,global,global 0.25 degree,zonal_wind,zonal_wind,zonal_wind 250,250,72,D3,8.952
nested_global_vs_gfs_regions,Nested-EAGLE-Global (AI),GFS,global,global 0.25 degree,zonal_wind,zonal_wind,zonal_wind 250,250,96,D4,8.148
nested_global_vs_gfs_regions,Nested-EAGLE-Global (AI),GFS,global,global 0.25 degree,zonal_wind,zonal_wind,zonal_wind 250,250,120,D5,6.541
nested_global_vs_gfs_regions,Nested-EAGLE-Global (AI),GFS,global,global 0.25 degree,zonal_wind,zonal_wind,zonal_wind 250,250,144,D6,5.737
nested_global_vs_gfs_regions,Nested-EAGLE-Global (AI),GFS,global,global 0.25 degree,zonal_wind,zonal_wind,zonal_wind 250,250,168,D7,5.266
nested_global_vs_gfs_regions,Nested-EAGLE-Global (AI),GFS,global,global 0.25 degree,zonal_wind,zonal_wind,zonal_wind 250,250,192,D8,5.432
nested_global_vs_gfs_regions,Nested-EAGLE-Global (AI),GFS,global,global 0.25 degree,zonal_wind,zonal_wind,zonal_wind 250,250,216,D9,5.662
nested_global_vs_gfs_regions,Nested-EAGLE-Global (AI),GFS,global,global 0.25 degree,zonal_wind,zonal_wind,zonal_wind 250,250,240,D10,4.378
nested_global_vs_gfs_regions,Nested-EAGLE-Global (AI),GFS,global,global 0.25 degree,zonal_wind,zonal_wind,zonal_wind 500,500,24,D1,6.701
nested_global_vs_gfs_regions,Nested-EAGLE-Global (AI),GFS,global,global 0.25 degree,zonal_wind,zonal_wind,zonal_wind 500,500,48,D2,8.73
nested_global_vs_gfs_regions,Nested-EAGLE-Global (AI),GFS,global,global 0.25 degree,zonal_wind,zonal_wind,zonal_wind 500,500,72,D3,9.593
nested_global_vs_gfs_regions,Nested-EAGLE-Global (AI),GFS,global,global 0.25 degree,zonal_wind,zonal_wind,zonal_wind 500,500,96,D4,8.675
nested_global_vs_gfs_regions,Nested-EAGLE-Global (AI),GFS,global,global 0.25 degree,zonal_wind,zonal_wind,zonal_wind 500,500,120,D5,7.7
nested_global_vs_gfs_regions,Nested-EAGLE-Global (AI),GFS,global,global 0.25 degree,zonal_wind,zonal_wind,zonal_wind 500,500,144,D6,5.966
nested_global_vs_gfs_regions,Nested-EAGLE-Global (AI),GFS,global,global 0.25 degree,zonal_wind,zonal_wind,zonal_wind 500,500,168,D7,5.703
nested_global_vs_gfs_regions,Nested-EAGLE-Global (AI),GFS,global,global 0.25 degree,zonal_wind,zonal_wind,zonal_wind 500,500,192,D8,4.784
nested_global_vs_gfs_regions,Nested-EAGLE-Global (AI),GFS,global,global 0.25 degree,zonal_wind,zonal_wind,zonal_wind 500,500,216,D9,4.887
nested_global_vs_gfs_regions,Nested-EAGLE-Global (AI),GFS,global,global 0.25 degree,zonal_wind,zonal_wind,zonal_wind 500,500,240,D10,4.238
nested_global_vs_gfs_regions,Nested-EAGLE-Global (AI),GFS,global,global 0.25 degree,zonal_wind,zonal_wind,zonal_wind 850,850,24,D1,7.456
nested_global_vs_gfs_regions,Nested-EAGLE-Global (AI),GFS,global,global 0.25 degree,zonal_wind,zonal_wind,zonal_wind 850,850,48,D2,9.038
nested_global_vs_gfs_regions,Nested-EAGLE-Global (AI),GFS,global,global 0.25 degree,zonal_wind,zonal_wind,zonal_wind 850,850,72,D3,9.185
nested_global_vs_gfs_regions,Nested-EAGLE-Global (AI),GFS,global,global 0.25 degree,zonal_wind,zonal_wind,zonal_wind 850,850,96,D4,8.546
nested_global_vs_gfs_regions,Nested-EAGLE-Global (AI),GFS,global,global 0.25 degree,zonal_wind,zonal_wind,zonal_wind 850,850,120,D5,8.53
nested_global_vs_gfs_regions,Nested-EAGLE-Global (AI),GFS,global,global 0.25 degree,zonal_wind,zonal_wind,zonal_wind 850,850,144,D6,7.704
nested_global_vs_gfs_regions,Nested-EAGLE-Global (AI),GFS,global,global 0.25 degree,zonal_wind,zonal_wind,zonal_wind 850,850,168,D7,6.803
nested_global_vs_gfs_regions,Nested-EAGLE-Global (AI),GFS,global,global 0.25 degree,zonal_wind,zonal_wind,zonal_wind 850,850,192,D8,6.218
nested_global_vs_gfs_regions,Nested-EAGLE-Global (AI),GFS,global,global 0.25 degree,zonal_wind,zonal_wind,zonal_wind 850,850,216,D9,6.253
nested_global_vs_gfs_regions,Nested-EAGLE-Global (AI),GFS,global,global 0.25 degree,zonal_wind,zonal_wind,zonal_wind 850,850,240,D10,5.798
nested_global_vs_gfs_regions,Nested-EAGLE-Global (AI),GFS,global,global 0.25 degree,meridional_wind,meridional_wind,meridional_wind 250,250,24,D1,7.762
nested_global_vs_gfs_regions,Nested-EAGLE-Global (AI),GFS,global,global 0.25 degree,meridional_wind,meridional_wind,meridional_wind 250,250,48,D2,9.491
nested_global_vs_gfs_regions,Nested-EAGLE-Global (AI),GFS,global,global 0.25 degree,meridional_wind,meridional_wind,meridional_wind 250,250,72,D3,7.815
nested_global_vs_gfs_regions,Nested-EAGLE-Global (AI),GFS,global,global 0.25 degree,meridional_wind,meridional_wind,meridional_wind 250,250,96,D4,7.248
nested_global_vs_gfs_regions,Nested-EAGLE-Global (AI),GFS,global,global 0.25 degree,meridional_wind,meridional_wind,meridional_wind 250,250,120,D5,7.459
nested_global_vs_gfs_regions,Nested-EAGLE-Global (AI),GFS,global,global 0.25 degree,meridional_wind,meridional_wind,meridional_wind 250,250,144,D6,6.802
nested_global_vs_gfs_regions,Nested-EAGLE-Global (AI),GFS,global,global 0.25 degree,meridional_wind,meridional_wind,meridional_wind 250,250,168,D7,6.693
nested_global_vs_gfs_regions,Nested-EAGLE-Global (AI),GFS,global,global 0.25 degree,meridional_wind,meridional_wind,meridional_wind 250,250,192,D8,6.249
nested_global_vs_gfs_regions,Nested-EAGLE-Global (AI),GFS,global,global 0.25 degree,meridional_wind,meridional_wind,meridional_wind 250,250,216,D9,6.334
nested_global_vs_gfs_regions,Nested-EAGLE-Global (AI),GFS,global,global 0.25 degree,meridional_wind,meridional_wind,meridional_wind 250,250,240,D10,4.469
nested_global_vs_gfs_regions,Nested-EAGLE-Global (AI),GFS,global,global 0.25 degree,meridional_wind,meridional_wind,meridional_wind 500,500,24,D1,6.13
nested_global_vs_gfs_regions,Nested-EAGLE-Global (AI),GFS,global,global 0.25 degree,meridional_wind,meridional_wind,meridional_wind 500,500,48,D2,7.944
nested_global_vs_gfs_regions,Nested-EAGLE-Global (AI),GFS,global,global 0.25 degree,meridional_wind,meridional_wind,meridional_wind 500,500,72,D3,8.137
nested_global_vs_gfs_regions,Nested-EAGLE-Global (AI),GFS,global,global 0.25 degree,meridional_wind,meridional_wind,meridional_wind 500,500,96,D4,7.551
nested_global_vs_gfs_regions,Nested-EAGLE-Global (AI),GFS,global,global 0.25 degree,meridional_wind,meridional_wind,meridional_wind 500,500,120,D5,7.038
nested_global_vs_gfs_regions,Nested-EAGLE-Global (AI),GFS,global,global 0.25 degree,meridional_wind,meridional_wind,meridional_wind 500,500,144,D6,6.813
nested_global_vs_gfs_regions,Nested-EAGLE-Global (AI),GFS,global,global 0.25 degree,meridional_wind,meridional_wind,meridional_wind 500,500,168,D7,6.987
nested_global_vs_gfs_regions,Nested-EAGLE-Global (AI),GFS,global,global 0.25 degree,meridional_wind,meridional_wind,meridional_wind 500,500,192,D8,6.004
nested_global_vs_gfs_regions,Nested-EAGLE-Global (AI),GFS,global,global 0.25 degree,meridional_wind,meridional_wind,meridional_wind 500,500,216,D9,5.532
nested_global_vs_gfs_regions,Nested-EAGLE-Global (AI),GFS,global,global 0.25 degree,meridional_wind,meridional_wind,meridional_wind 500,500,240,D10,3.279
nested_global_vs_gfs_regions,Nested-EAGLE-Global (AI),GFS,global,global 0.25 degree,meridional_wind,meridional_wind,meridional_wind 850,850,24,D1,6.594
nested_global_vs_gfs_regions,Nested-EAGLE-Global (AI),GFS,global,global 0.25 degree,meridional_wind,meridional_wind,meridional_wind 850,850,48,D2,8.248
nested_global_vs_gfs_regions,Nested-EAGLE-Global (AI),GFS,global,global 0.25 degree,meridional_wind,meridional_wind,meridional_wind 850,850,72,D3,8.363
nested_global_vs_gfs_regions,Nested-EAGLE-Global (AI),GFS,global,global 0.25 degree,meridional_wind,meridional_wind,meridional_wind 850,850,96,D4,7.591
nested_global_vs_gfs_regions,Nested-EAGLE-Global (AI),GFS,global,global 0.25 degree,meridional_wind,meridional_wind,meridional_wind 850,850,120,D5,7.595
nested_global_vs_gfs_regions,Nested-EAGLE-Global (AI),GFS,global,global 0.25 degree,meridional_wind,meridional_wind,meridional_wind 850,850,144,D6,8.412
nested_global_vs_gfs_regions,Nested-EAGLE-Global (AI),GFS,global,global 0.25 degree,meridional_wind,meridional_wind,meridional_wind 850,850,168,D7,7.778
nested_global_vs_gfs_regions,Nested-EAGLE-Global (AI),GFS,global,global 0.25 degree,meridional_wind,meridional_wind,meridional_wind 850,850,192,D8,6.442
nested_global_vs_gfs_regions,Nested-EAGLE-Global (AI),GFS,global,global 0.25 degree,meridional_wind,meridional_wind,meridional_wind 850,850,216,D9,5.841
nested_global_vs_gfs_regions,Nested-EAGLE-Global (AI),GFS,global,global 0.25 degree,meridional_wind,meridional_wind,meridional_wind 850,850,240,D10,4.942
nested_global_vs_gfs_regions,Nested-EAGLE-Global (AI),GFS,global,global 0.25 degree,temperature,temperature,temperature 250,250,24,D1,2.109
nested_global_vs_gfs_regions,Nested-EAGLE-Global (AI),GFS,global,global 0.25 degree,temperature,temperature,temperature 250,250,48,D2,3.543
nested_global_vs_gfs_regions,Nested-EAGLE-Global (AI),GFS,global,global 0.25 degree,temperature,temperature,temperature 250,250,72,D3,3.587
nested_global_vs_gfs_regions,Nested-EAGLE-Global (AI),GFS,global,global 0.25 degree,temperature,temperature,temperature 250,250,96,D4,3.906
nested_global_vs_gfs_regions,Nested-EAGLE-Global (AI),GFS,global,global 0.25 degree,temperature,temperature,temperature 250,250,120,D5,3.978
nested_global_vs_gfs_regions,Nested-EAGLE-Global (AI),GFS,global,global 0.25 degree,temperature,temperature,temperature 250,250,144,D6,2.677
nested_global_vs_gfs_regions,Nested-EAGLE-Global (AI),GFS,global,global 0.25 degree,temperature,temperature,temperature 250,250,168,D7,2.035
nested_global_vs_gfs_regions,Nested-EAGLE-Global (AI),GFS,global,global 0.25 degree,temperature,temperature,temperature 250,250,192,D8,1.551
nested_global_vs_gfs_regions,Nested-EAGLE-Global (AI),GFS,global,global 0.25 degree,temperature,temperature,temperature 250,250,216,D9,1.478
nested_global_vs_gfs_regions,Nested-EAGLE-Global (AI),GFS,global,global 0.25 degree,temperature,temperature,temperature 250,250,240,D10,0.806
nested_global_vs_gfs_regions,Nested-EAGLE-Global (AI),GFS,global,global 0.25 degree,temperature,temperature,temperature 500,500,24,D1,1.346
nested_global_vs_gfs_regions,Nested-EAGLE-Global (AI),GFS,global,global 0.25 degree,temperature,temperature,temperature 500,500,48,D2,2.661
nested_global_vs_gfs_regions,Nested-EAGLE-Global (AI),GFS,global,global 0.25 degree,temperature,temperature,temperature 500,500,72,D3,3.234
nested_global_vs_gfs_regions,Nested-EAGLE-Global (AI),GFS,global,global 0.25 degree,temperature,temperature,temperature 500,500,96,D4,3.085
nested_global_vs_gfs_regions,Nested-EAGLE-Global (AI),GFS,global,global 0.25 degree,temperature,temperature,temperature 500,500,120,D5,3.351
nested_global_vs_gfs_regions,Nested-EAGLE-Global (AI),GFS,global,global 0.25 degree,temperature,temperature,temperature 500,500,144,D6,3.282
nested_global_vs_gfs_regions,Nested-EAGLE-Global (AI),GFS,global,global 0.25 degree,temperature,temperature,temperature 500,500,168,D7,3.699
nested_global_vs_gfs_regions,Nested-EAGLE-Global (AI),GFS,global,global 0.25 degree,temperature,temperature,temperature 500,500,192,D8,3.838
nested_global_vs_gfs_regions,Nested-EAGLE-Global (AI),GFS,global,global 0.25 degree,temperature,temperature,temperature 500,500,216,D9,4.118
nested_global_vs_gfs_regions,Nested-EAGLE-Global (AI),GFS,global,global 0.25 degree,temperature,temperature,temperature 500,500,240,D10,3.629
nested_global_vs_gfs_regions,Nested-EAGLE-Global (AI),GFS,global,global 0.25 degree,temperature,temperature,temperature 850,850,24,D1,7.161
nested_global_vs_gfs_regions,Nested-EAGLE-Global (AI),GFS,global,global 0.25 degree,temperature,temperature,temperature 850,850,48,D2,8.992
nested_global_vs_gfs_regions,Nested-EAGLE-Global (AI),GFS,global,global 0.25 degree,temperature,temperature,temperature 850,850,72,D3,8.395
nested_global_vs_gfs_regions,Nested-EAGLE-Global (AI),GFS,global,global 0.25 degree,temperature,temperature,temperature 850,850,96,D4,6.546
nested_global_vs_gfs_regions,Nested-EAGLE-Global (AI),GFS,global,global 0.25 degree,temperature,temperature,temperature 850,850,120,D5,4.993
nested_global_vs_gfs_regions,Nested-EAGLE-Global (AI),GFS,global,global 0.25 degree,temperature,temperature,temperature 850,850,144,D6,4.222
nested_global_vs_gfs_regions,Nested-EAGLE-Global (AI),GFS,global,global 0.25 degree,temperature,temperature,temperature 850,850,168,D7,3.893
nested_global_vs_gfs_regions,Nested-EAGLE-Global (AI),GFS,global,global 0.25 degree,temperature,temperature,temperature 850,850,192,D8,3.174
nested_global_vs_gfs_regions,Nested-EAGLE-Global (AI),GFS,global,global 0.25 degree,temperature,temperature,temperature 850,850,216,D9,2.432
nested_global_vs_gfs_regions,Nested-EAGLE-Global (AI),GFS,global,global 0.25 degree,temperature,temperature,temperature 850,850,240,D10,2.42
nested_global_vs_gfs_regions,Nested-EAGLE-Global (AI),GFS,global,global 0.25 degree,specific_humidity,specific_humidity,specific_humidity 250,250,24,D1,3.322
nested_global_vs_gfs_regions,Nested-EAGLE-Global (AI),GFS,global,global 0.25 degree,specific_humidity,specific_humidity,specific_humidity 250,250,48,D2,4.191
nested_global_vs_gfs_regions,Nested-EAGLE-Global (AI),GFS,global,global 0.25 degree,specific_humidity,specific_humidity,specific_humidity 250,250,72,D3,4.498
nested_global_vs_gfs_regions,Nested-EAGLE-Global (AI),GFS,global,global 0.25 degree,specific_humidity,specific_humidity,specific_humidity 250,250,96,D4,4.252
nested_global_vs_gfs_regions,Nested-EAGLE-Global (AI),GFS,global,global 0.25 degree,specific_humidity,specific_humidity,specific_humidity 250,250,120,D5,4.506
nested_global_vs_gfs_regions,Nested-EAGLE-Global (AI),GFS,global,global 0.25 degree,specific_humidity,specific_humidity,specific_humidity 250,250,144,D6,4.454
nested_global_vs_gfs_regions,Nested-EAGLE-Global (AI),GFS,global,global 0.25 degree,specific_humidity,specific_humidity,specific_humidity 250,250,168,D7,4.56
nested_global_vs_gfs_regions,Nested-EAGLE-Global (AI),GFS,global,global 0.25 degree,specific_humidity,specific_humidity,specific_humidity 250,250,192,D8,4.327
nested_global_vs_gfs_regions,Nested-EAGLE-Global (AI),GFS,global,global 0.25 degree,specific_humidity,specific_humidity,specific_humidity 250,250,216,D9,4.233
nested_global_vs_gfs_regions,Nested-EAGLE-Global (AI),GFS,global,global 0.25 degree,specific_humidity,specific_humidity,specific_humidity 250,250,240,D10,4.187
nested_global_vs_gfs_regions,Nested-EAGLE-Global (AI),GFS,global,global 0.25 degree,specific_humidity,specific_humidity,specific_humidity 500,500,24,D1,9.305
nested_global_vs_gfs_regions,Nested-EAGLE-Global (AI),GFS,global,global 0.25 degree,specific_humidity,specific_humidity,specific_humidity 500,500,48,D2,12.222
nested_global_vs_gfs_regions,Nested-EAGLE-Global (AI),GFS,global,global 0.25 degree,specific_humidity,specific_humidity,specific_humidity 500,500,72,D3,13.256
nested_global_vs_gfs_regions,Nested-EAGLE-Global (AI),GFS,global,global 0.25 degree,specific_humidity,specific_humidity,specific_humidity 500,500,96,D4,13.033
nested_global_vs_gfs_regions,Nested-EAGLE-Global (AI),GFS,global,global 0.25 degree,specific_humidity,specific_humidity,specific_humidity 500,500,120,D5,13.052
nested_global_vs_gfs_regions,Nested-EAGLE-Global (AI),GFS,global,global 0.25 degree,specific_humidity,specific_humidity,specific_humidity 500,500,144,D6,12.911
nested_global_vs_gfs_regions,Nested-EAGLE-Global (AI),GFS,global,global 0.25 degree,specific_humidity,specific_humidity,specific_humidity 500,500,168,D7,12.121
nested_global_vs_gfs_regions,Nested-EAGLE-Global (AI),GFS,global,global 0.25 degree,specific_humidity,specific_humidity,specific_humidity 500,500,192,D8,11.633
nested_global_vs_gfs_regions,Nested-EAGLE-Global (AI),GFS,global,global 0.25 degree,specific_humidity,specific_humidity,specific_humidity 500,500,216,D9,10.831
nested_global_vs_gfs_regions,Nested-EAGLE-Global (AI),GFS,global,global 0.25 degree,specific_humidity,specific_humidity,specific_humidity 500,500,240,D10,10.17
nested_global_vs_gfs_regions,Nested-EAGLE-Global (AI),GFS,global,global 0.25 degree,specific_humidity,specific_humidity,specific_humidity 850,850,24,D1,6.632
nested_global_vs_gfs_regions,Nested-EAGLE-Global (AI),GFS,global,global 0.25 degree,specific_humidity,specific_humidity,specific_humidity 850,850,48,D2,9.605
nested_global_vs_gfs_regions,Nested-EAGLE-Global (AI),GFS,global,global 0.25 degree,specific_humidity,specific_humidity,specific_humidity 850,850,72,D3,10.043
nested_global_vs_gfs_regions,Nested-EAGLE-Global (AI),GFS,global,global 0.25 degree,specific_humidity,specific_humidity,specific_humidity 850,850,96,D4,9.52
nested_global_vs_gfs_regions,Nested-EAGLE-Global (AI),GFS,global,global 0.25 degree,specific_humidity,specific_humidity,specific_humidity 850,850,120,D5,9.097
nested_global_vs_gfs_regions,Nested-EAGLE-Global (AI),GFS,global,global 0.25 degree,specific_humidity,specific_humidity,specific_humidity 850,850,144,D6,9.133
nested_global_vs_gfs_regions,Nested-EAGLE-Global (AI),GFS,global,global 0.25 degree,specific_humidity,specific_humidity,specific_humidity 850,850,168,D7,8.475
nested_global_vs_gfs_regions,Nested-EAGLE-Global (AI),GFS,global,global 0.25 degree,specific_humidity,specific_humidity,specific_humidity 850,850,192,D8,7.736
nested_global_vs_gfs_regions,Nested-EAGLE-Global (AI),GFS,global,global 0.25 degree,specific_humidity,specific_humidity,specific_humidity 850,850,216,D9,6.661
nested_global_vs_gfs_regions,Nested-EAGLE-Global (AI),GFS,global,global 0.25 degree,specific_humidity,specific_humidity,specific_humidity 850,850,240,D10,7.114
nested_global_vs_gfs_regions,Nested-EAGLE-Global (AI),GFS,global,global 0.25 degree,wind_speed,wind_speed,wind_speed 250,250,24,D1,7.034
nested_global_vs_gfs_regions,Nested-EAGLE-Global (AI),GFS,global,global 0.25 degree,wind_speed,wind_speed,wind_speed 250,250,48,D2,8.518
nested_global_vs_gfs_regions,Nested-EAGLE-Global (AI),GFS,global,global 0.25 degree,wind_speed,wind_speed,wind_speed 250,250,72,D3,7.617
nested_global_vs_gfs_regions,Nested-EAGLE-Global (AI),GFS,global,global 0.25 degree,wind_speed,wind_speed,wind_speed 250,250,96,D4,6.988
nested_global_vs_gfs_regions,Nested-EAGLE-Global (AI),GFS,global,global 0.25 degree,wind_speed,wind_speed,wind_speed 250,250,120,D5,6.21
nested_global_vs_gfs_regions,Nested-EAGLE-Global (AI),GFS,global,global 0.25 degree,wind_speed,wind_speed,wind_speed 250,250,144,D6,4.735
nested_global_vs_gfs_regions,Nested-EAGLE-Global (AI),GFS,global,global 0.25 degree,wind_speed,wind_speed,wind_speed 250,250,168,D7,4.28
nested_global_vs_gfs_regions,Nested-EAGLE-Global (AI),GFS,global,global 0.25 degree,wind_speed,wind_speed,wind_speed 250,250,192,D8,4.487
nested_global_vs_gfs_regions,Nested-EAGLE-Global (AI),GFS,global,global 0.25 degree,wind_speed,wind_speed,wind_speed 250,250,216,D9,4.566
nested_global_vs_gfs_regions,Nested-EAGLE-Global (AI),GFS,global,global 0.25 degree,wind_speed,wind_speed,wind_speed 250,250,240,D10,3.3
nested_global_vs_gfs_regions,Nested-EAGLE-Global (AI),GFS,global,global 0.25 degree,wind_speed,wind_speed,wind_speed 500,500,24,D1,4.944
nested_global_vs_gfs_regions,Nested-EAGLE-Global (AI),GFS,global,global 0.25 degree,wind_speed,wind_speed,wind_speed 500,500,48,D2,6.758
nested_global_vs_gfs_regions,Nested-EAGLE-Global (AI),GFS,global,global 0.25 degree,wind_speed,wind_speed,wind_speed 500,500,72,D3,7.123
nested_global_vs_gfs_regions,Nested-EAGLE-Global (AI),GFS,global,global 0.25 degree,wind_speed,wind_speed,wind_speed 500,500,96,D4,6.369
nested_global_vs_gfs_regions,Nested-EAGLE-Global (AI),GFS,global,global 0.25 degree,wind_speed,wind_speed,wind_speed 500,500,120,D5,5.805
nested_global_vs_gfs_regions,Nested-EAGLE-Global (AI),GFS,global,global 0.25 degree,wind_speed,wind_speed,wind_speed 500,500,144,D6,4.223
nested_global_vs_gfs_regions,Nested-EAGLE-Global (AI),GFS,global,global 0.25 degree,wind_speed,wind_speed,wind_speed 500,500,168,D7,4.3
nested_global_vs_gfs_regions,Nested-EAGLE-Global (AI),GFS,global,global 0.25 degree,wind_speed,wind_speed,wind_speed 500,500,192,D8,3.186
nested_global_vs_gfs_regions,Nested-EAGLE-Global (AI),GFS,global,global 0.25 degree,wind_speed,wind_speed,wind_speed 500,500,216,D9,2.782
nested_global_vs_gfs_regions,Nested-EAGLE-Global (AI),GFS,global,global 0.25 degree,wind_speed,wind_speed,wind_speed 500,500,240,D10,2.536
nested_global_vs_gfs_regions,Nested-EAGLE-Global (AI),GFS,global,global 0.25 degree,wind_speed,wind_speed,wind_speed 850,850,24,D1,4.378
nested_global_vs_gfs_regions,Nested-EAGLE-Global (AI),GFS,global,global 0.25 degree,wind_speed,wind_speed,wind_speed 850,850,48,D2,6.107
nested_global_vs_gfs_regions,Nested-EAGLE-Global (AI),GFS,global,global 0.25 degree,wind_speed,wind_speed,wind_speed 850,850,72,D3,6.502
nested_global_vs_gfs_regions,Nested-EAGLE-Global (AI),GFS,global,global 0.25 degree,wind_speed,wind_speed,wind_speed 850,850,96,D4,6.311
nested_global_vs_gfs_regions,Nested-EAGLE-Global (AI),GFS,global,global 0.25 degree,wind_speed,wind_speed,wind_speed 850,850,120,D5,6.161
nested_global_vs_gfs_regions,Nested-EAGLE-Global (AI),GFS,global,global 0.25 degree,wind_speed,wind_speed,wind_speed 850,850,144,D6,5.901
nested_global_vs_gfs_regions,Nested-EAGLE-Global (AI),GFS,global,global 0.25 degree,wind_speed,wind_speed,wind_speed 850,850,168,D7,5.338
nested_global_vs_gfs_regions,Nested-EAGLE-Global (AI),GFS,global,global 0.25 degree,wind_speed,wind_speed,wind_speed 850,850,192,D8,4.448
nested_global_vs_gfs_regions,Nested-EAGLE-Global (AI),GFS,global,global 0.25 degree,wind_speed,wind_speed,wind_speed 850,850,216,D9,4.521
nested_global_vs_gfs_regions,Nested-EAGLE-Global (AI),GFS,global,global 0.25 degree,wind_speed,wind_speed,wind_speed 850,850,240,D10,4.286
nested_global_vs_gfs_regions,Nested-EAGLE-Global (AI),GFS,global,global 0.25 degree,surface,surface_pressure,surface_pressure,,24,D1,0.032
nested_global_vs_gfs_regions,Nested-EAGLE-Global (AI),GFS,global,global 0.25 degree,surface,surface_pressure,surface_pressure,,48,D2,0.003
nested_global_vs_gfs_regions,Nested-EAGLE-Global (AI),GFS,global,global 0.25 degree,surface,surface_pressure,surface_pressure,,72,D3,-0.031
nested_global_vs_gfs_regions,Nested-EAGLE-Global (AI),GFS,global,global 0.25 degree,surface,surface_pressure,surface_pressure,,96,D4,-0.037
nested_global_vs_gfs_regions,Nested-EAGLE-Global (AI),GFS,global,global 0.25 degree,surface,surface_pressure,surface_pressure,,120,D5,-0.017
nested_global_vs_gfs_regions,Nested-EAGLE-Global (AI),GFS,global,global 0.25 degree,surface,surface_pressure,surface_pressure,,144,D6,-0.02
nested_global_vs_gfs_regions,Nested-EAGLE-Global (AI),GFS,global,global 0.25 degree,surface,surface_pressure,surface_pressure,,168,D7,-0.052
nested_global_vs_gfs_regions,Nested-EAGLE-Global (AI),GFS,global,global 0.25 degree,surface,surface_pressure,surface_pressure,,192,D8,-0.089
nested_global_vs_gfs_regions,Nested-EAGLE-Global (AI),GFS,global,global 0.25 degree,surface,surface_pressure,surface_pressure,,216,D9,-0.078
nested_global_vs_gfs_regions,Nested-EAGLE-Global (AI),GFS,global,global 0.25 degree,surface,surface_pressure,surface_pressure,,240,D10,-0.049
nested_global_vs_gfs_regions,Nested-EAGLE-Global (AI),GFS,global,global 0.25 degree,surface,10m_zonal_wind,10m_zonal_wind,,24,D1,7.078
nested_global_vs_gfs_regions,Nested-EAGLE-Global (AI),GFS,global,global 0.25 degree,surface,10m_zonal_wind,10m_zonal_wind,,48,D2,7.758
nested_global_vs_gfs_regions,Nested-EAGLE-Global (AI),GFS,global,global 0.25 degree,surface,10m_zonal_wind,10m_zonal_wind,,72,D3,7.64
nested_global_vs_gfs_regions,Nested-EAGLE-Global (AI),GFS,global,global 0.25 degree,surface,10m_zonal_wind,10m_zonal_wind,,96,D4,7.336
nested_global_vs_gfs_regions,Nested-EAGLE-Global (AI),GFS,global,global 0.25 degree,surface,10m_zonal_wind,10m_zonal_wind,,120,D5,7.003
nested_global_vs_gfs_regions,Nested-EAGLE-Global (AI),GFS,global,global 0.25 degree,surface,10m_zonal_wind,10m_zonal_wind,,144,D6,6.935
nested_global_vs_gfs_regions,Nested-EAGLE-Global (AI),GFS,global,global 0.25 degree,surface,10m_zonal_wind,10m_zonal_wind,,168,D7,7.412
nested_global_vs_gfs_regions,Nested-EAGLE-Global (AI),GFS,global,global 0.25 degree,surface,10m_zonal_wind,10m_zonal_wind,,192,D8,6.632
nested_global_vs_gfs_regions,Nested-EAGLE-Global (AI),GFS,global,global 0.25 degree,surface,10m_zonal_wind,10m_zonal_wind,,216,D9,6.345
nested_global_vs_gfs_regions,Nested-EAGLE-Global (AI),GFS,global,global 0.25 degree,surface,10m_zonal_wind,10m_zonal_wind,,240,D10,6.541
nested_global_vs_gfs_regions,Nested-EAGLE-Global (AI),GFS,global,global 0.25 degree,surface,10m_meridional_wind,10m_meridional_wind,,24,D1,7.78
nested_global_vs_gfs_regions,Nested-EAGLE-Global (AI),GFS,global,global 0.25 degree,surface,10m_meridional_wind,10m_meridional_wind,,48,D2,8.434
nested_global_vs_gfs_regions,Nested-EAGLE-Global (AI),GFS,global,global 0.25 degree,surface,10m_meridional_wind,10m_meridional_wind,,72,D3,8.467
nested_global_vs_gfs_regions,Nested-EAGLE-Global (AI),GFS,global,global 0.25 degree,surface,10m_meridional_wind,10m_meridional_wind,,96,D4,8.389
nested_global_vs_gfs_regions,Nested-EAGLE-Global (AI),GFS,global,global 0.25 degree,surface,10m_meridional_wind,10m_meridional_wind,,120,D5,7.767
nested_global_vs_gfs_regions,Nested-EAGLE-Global (AI),GFS,global,global 0.25 degree,surface,10m_meridional_wind,10m_meridional_wind,,144,D6,8.186
nested_global_vs_gfs_regions,Nested-EAGLE-Global (AI),GFS,global,global 0.25 degree,surface,10m_meridional_wind,10m_meridional_wind,,168,D7,8.395
nested_global_vs_gfs_regions,Nested-EAGLE-Global (AI),GFS,global,global 0.25 degree,surface,10m_meridional_wind,10m_meridional_wind,,192,D8,7.764
nested_global_vs_gfs_regions,Nested-EAGLE-Global (AI),GFS,global,global 0.25 degree,surface,10m_meridional_wind,10m_meridional_wind,,216,D9,7.583
nested_global_vs_gfs_regions,Nested-EAGLE-Global (AI),GFS,global,global 0.25 degree,surface,10m_meridional_wind,10m_meridional_wind,,240,D10,7.522
nested_global_vs_gfs_regions,Nested-EAGLE-Global (AI),GFS,global,global 0.25 degree,surface,2m_temperature,2m_temperature,,24,D1,4.989
nested_global_vs_gfs_regions,Nested-EAGLE-Global (AI),GFS,global,global 0.25 degree,surface,2m_temperature,2m_temperature,,48,D2,5.095
nested_global_vs_gfs_regions,Nested-EAGLE-Global (AI),GFS,global,global 0.25 degree,surface,2m_temperature,2m_temperature,,72,D3,4.903
nested_global_vs_gfs_regions,Nested-EAGLE-Global (AI),GFS,global,global 0.25 degree,surface,2m_temperature,2m_temperature,,96,D4,4.791
nested_global_vs_gfs_regions,Nested-EAGLE-Global (AI),GFS,global,global 0.25 degree,surface,2m_temperature,2m_temperature,,120,D5,4.251
nested_global_vs_gfs_regions,Nested-EAGLE-Global (AI),GFS,global,global 0.25 degree,surface,2m_temperature,2m_temperature,,144,D6,3.844
nested_global_vs_gfs_regions,Nested-EAGLE-Global (AI),GFS,global,global 0.25 degree,surface,2m_temperature,2m_temperature,,168,D7,3.726
nested_global_vs_gfs_regions,Nested-EAGLE-Global (AI),GFS,global,global 0.25 degree,surface,2m_temperature,2m_temperature,,192,D8,2.788
nested_global_vs_gfs_regions,Nested-EAGLE-Global (AI),GFS,global,global 0.25 degree,surface,2m_temperature,2m_temperature,,216,D9,2.623
nested_global_vs_gfs_regions,Nested-EAGLE-Global (AI),GFS,global,global 0.25 degree,surface,2m_temperature,2m_temperature,,240,D10,2.406
nested_global_vs_gfs_regions,Nested-EAGLE-Global (AI),GFS,global,global 0.25 degree,surface,2m_specific_humidity,2m_specific_humidity,,24,D1,0.123
nested_global_vs_gfs_regions,Nested-EAGLE-Global (AI),GFS,global,global 0.25 degree,surface,2m_specific_humidity,2m_specific_humidity,,48,D2,0.144
nested_global_vs_gfs_regions,Nested-EAGLE-Global (AI),GFS,global,global 0.25 degree,surface,2m_specific_humidity,2m_specific_humidity,,72,D3,0.167
nested_global_vs_gfs_regions,Nested-EAGLE-Global (AI),GFS,global,global 0.25 degree,surface,2m_specific_humidity,2m_specific_humidity,,96,D4,0.172
nested_global_vs_gfs_regions,Nested-EAGLE-Global (AI),GFS,global,global 0.25 degree,surface,2m_specific_humidity,2m_specific_humidity,,120,D5,0.197
nested_global_vs_gfs_regions,Nested-EAGLE-Global (AI),GFS,global,global 0.25 degree,surface,2m_specific_humidity,2m_specific_humidity,,144,D6,0.216
nested_global_vs_gfs_regions,Nested-EAGLE-Global (AI),GFS,global,global 0.25 degree,surface,2m_specific_humidity,2m_specific_humidity,,168,D7,0.206
nested_global_vs_gfs_regions,Nested-EAGLE-Global (AI),GFS,global,global 0.25 degree,surface,2m_specific_humidity,2m_specific_humidity,,192,D8,0.212
nested_global_vs_gfs_regions,Nested-EAGLE-Global (AI),GFS,global,global 0.25 degree,surface,2m_specific_humidity,2m_specific_humidity,,216,D9,0.216
nested_global_vs_gfs_regions,Nested-EAGLE-Global (AI),GFS,global,global 0.25 degree,surface,2m_specific_humidity,2m_specific_humidity,,240,D10,0.2
nested_global_vs_gfs_regions,Nested-EAGLE-Global (AI),GFS,global,global 0.25 degree,surface,10m_wind_speed,10m_wind_speed,,24,D1,4.921
nested_global_vs_gfs_regions,Nested-EAGLE-Global (AI),GFS,global,global 0.25 degree,surface,10m_wind_speed,10m_wind_speed,,48,D2,5.332
nested_global_vs_gfs_regions,Nested-EAGLE-Global (AI),GFS,global,global 0.25 degree,surface,10m_wind_speed,10m_wind_speed,,72,D3,5.308
nested_global_vs_gfs_regions,Nested-EAGLE-Global (AI),GFS,global,global 0.25 degree,surface,10m_wind_speed,10m_wind_speed,,96,D4,5.096
nested_global_vs_gfs_regions,Nested-EAGLE-Global (AI),GFS,global,global 0.25 degree,surface,10m_wind_speed,10m_wind_speed,,120,D5,4.903
nested_global_vs_gfs_regions,Nested-EAGLE-Global (AI),GFS,global,global 0.25 degree,surface,10m_wind_speed,10m_wind_speed,,144,D6,5.129
nested_global_vs_gfs_regions,Nested-EAGLE-Global (AI),GFS,global,global 0.25 degree,surface,10m_wind_speed,10m_wind_speed,,168,D7,5.116
nested_global_vs_gfs_regions,Nested-EAGLE-Global (AI),GFS,global,global 0.25 degree,surface,10m_wind_speed,10m_wind_speed,,192,D8,4.553
nested_global_vs_gfs_regions,Nested-EAGLE-Global (AI),GFS,global,global 0.25 degree,surface,10m_wind_speed,10m_wind_speed,,216,D9,4.851
nested_global_vs_gfs_regions,Nested-EAGLE-Global (AI),GFS,global,global 0.25 degree,surface,10m_wind_speed,10m_wind_speed,,240,D10,4.946
nested_global_vs_gfs_regions,Nested-EAGLE-Global (AI),GFS,northern_hemisphere,global 0.25 degree,geopotential_height,geopotential_height,geopotential_height 250,250,24,D1,-0.187
nested_global_vs_gfs_regions,Nested-EAGLE-Global (AI),GFS,northern_hemisphere,global 0.25 degree,geopotential_height,geopotential_height,geopotential_height 250,250,48,D2,-0.207
nested_global_vs_gfs_regions,Nested-EAGLE-Global (AI),GFS,northern_hemisphere,global 0.25 degree,geopotential_height,geopotential_height,geopotential_height 250,250,72,D3,-0.479
nested_global_vs_gfs_regions,Nested-EAGLE-Global (AI),GFS,northern_hemisphere,global 0.25 degree,geopotential_height,geopotential_height,geopotential_height 250,250,96,D4,-0.361
nested_global_vs_gfs_regions,Nested-EAGLE-Global (AI),GFS,northern_hemisphere,global 0.25 degree,geopotential_height,geopotential_height,geopotential_height 250,250,120,D5,0.189
nested_global_vs_gfs_regions,Nested-EAGLE-Global (AI),GFS,northern_hemisphere,global 0.25 degree,geopotential_height,geopotential_height,geopotential_height 250,250,144,D6,0.835
nested_global_vs_gfs_regions,Nested-EAGLE-Global (AI),GFS,northern_hemisphere,global 0.25 degree,geopotential_height,geopotential_height,geopotential_height 250,250,168,D7,1.856
nested_global_vs_gfs_regions,Nested-EAGLE-Global (AI),GFS,northern_hemisphere,global 0.25 degree,geopotential_height,geopotential_height,geopotential_height 250,250,192,D8,2.835
nested_global_vs_gfs_regions,Nested-EAGLE-Global (AI),GFS,northern_hemisphere,global 0.25 degree,geopotential_height,geopotential_height,geopotential_height 250,250,216,D9,2.946
nested_global_vs_gfs_regions,Nested-EAGLE-Global (AI),GFS,northern_hemisphere,global 0.25 degree,geopotential_height,geopotential_height,geopotential_height 250,250,240,D10,3.233
nested_global_vs_gfs_regions,Nested-EAGLE-Global (AI),GFS,northern_hemisphere,global 0.25 degree,geopotential_height,geopotential_height,geopotential_height 500,500,24,D1,0.025
nested_global_vs_gfs_regions,Nested-EAGLE-Global (AI),GFS,northern_hemisphere,global 0.25 degree,geopotential_height,geopotential_height,geopotential_height 500,500,48,D2,-0.328
nested_global_vs_gfs_regions,Nested-EAGLE-Global (AI),GFS,northern_hemisphere,global 0.25 degree,geopotential_height,geopotential_height,geopotential_height 500,500,72,D3,-0.821
nested_global_vs_gfs_regions,Nested-EAGLE-Global (AI),GFS,northern_hemisphere,global 0.25 degree,geopotential_height,geopotential_height,geopotential_height 500,500,96,D4,-0.56
nested_global_vs_gfs_regions,Nested-EAGLE-Global (AI),GFS,northern_hemisphere,global 0.25 degree,geopotential_height,geopotential_height,geopotential_height 500,500,120,D5,0.259
nested_global_vs_gfs_regions,Nested-EAGLE-Global (AI),GFS,northern_hemisphere,global 0.25 degree,geopotential_height,geopotential_height,geopotential_height 500,500,144,D6,0.349
nested_global_vs_gfs_regions,Nested-EAGLE-Global (AI),GFS,northern_hemisphere,global 0.25 degree,geopotential_height,geopotential_height,geopotential_height 500,500,168,D7,1.163
nested_global_vs_gfs_regions,Nested-EAGLE-Global (AI),GFS,northern_hemisphere,global 0.25 degree,geopotential_height,geopotential_height,geopotential_height 500,500,192,D8,1.359
nested_global_vs_gfs_regions,Nested-EAGLE-Global (AI),GFS,northern_hemisphere,global 0.25 degree,geopotential_height,geopotential_height,geopotential_height 500,500,216,D9,1.484
nested_global_vs_gfs_regions,Nested-EAGLE-Global (AI),GFS,northern_hemisphere,global 0.25 degree,geopotential_height,geopotential_height,geopotential_height 500,500,240,D10,1.85
nested_global_vs_gfs_regions,Nested-EAGLE-Global (AI),GFS,northern_hemisphere,global 0.25 degree,geopotential_height,geopotential_height,geopotential_height 850,850,24,D1,2.474
nested_global_vs_gfs_regions,Nested-EAGLE-Global (AI),GFS,northern_hemisphere,global 0.25 degree,geopotential_height,geopotential_height,geopotential_height 850,850,48,D2,1.6
nested_global_vs_gfs_regions,Nested-EAGLE-Global (AI),GFS,northern_hemisphere,global 0.25 degree,geopotential_height,geopotential_height,geopotential_height 850,850,72,D3,0.049
nested_global_vs_gfs_regions,Nested-EAGLE-Global (AI),GFS,northern_hemisphere,global 0.25 degree,geopotential_height,geopotential_height,geopotential_height 850,850,96,D4,-0.373
nested_global_vs_gfs_regions,Nested-EAGLE-Global (AI),GFS,northern_hemisphere,global 0.25 degree,geopotential_height,geopotential_height,geopotential_height 850,850,120,D5,1.015
nested_global_vs_gfs_regions,Nested-EAGLE-Global (AI),GFS,northern_hemisphere,global 0.25 degree,geopotential_height,geopotential_height,geopotential_height 850,850,144,D6,1.985
nested_global_vs_gfs_regions,Nested-EAGLE-Global (AI),GFS,northern_hemisphere,global 0.25 degree,geopotential_height,geopotential_height,geopotential_height 850,850,168,D7,2.235
nested_global_vs_gfs_regions,Nested-EAGLE-Global (AI),GFS,northern_hemisphere,global 0.25 degree,geopotential_height,geopotential_height,geopotential_height 850,850,192,D8,1.607
nested_global_vs_gfs_regions,Nested-EAGLE-Global (AI),GFS,northern_hemisphere,global 0.25 degree,geopotential_height,geopotential_height,geopotential_height 850,850,216,D9,2.665
nested_global_vs_gfs_regions,Nested-EAGLE-Global (AI),GFS,northern_hemisphere,global 0.25 degree,geopotential_height,geopotential_height,geopotential_height 850,850,240,D10,3.527
nested_global_vs_gfs_regions,Nested-EAGLE-Global (AI),GFS,northern_hemisphere,global 0.25 degree,zonal_wind,zonal_wind,zonal_wind 250,250,24,D1,5.874
nested_global_vs_gfs_regions,Nested-EAGLE-Global (AI),GFS,northern_hemisphere,global 0.25 degree,zonal_wind,zonal_wind,zonal_wind 250,250,48,D2,7.131
nested_global_vs_gfs_regions,Nested-EAGLE-Global (AI),GFS,northern_hemisphere,global 0.25 degree,zonal_wind,zonal_wind,zonal_wind 250,250,72,D3,6.669
nested_global_vs_gfs_regions,Nested-EAGLE-Global (AI),GFS,northern_hemisphere,global 0.25 degree,zonal_wind,zonal_wind,zonal_wind 250,250,96,D4,6.419
nested_global_vs_gfs_regions,Nested-EAGLE-Global (AI),GFS,northern_hemisphere,global 0.25 degree,zonal_wind,zonal_wind,zonal_wind 250,250,120,D5,5.127
nested_global_vs_gfs_regions,Nested-EAGLE-Global (AI),GFS,northern_hemisphere,global 0.25 degree,zonal_wind,zonal_wind,zonal_wind 250,250,144,D6,4.533
nested_global_vs_gfs_regions,Nested-EAGLE-Global (AI),GFS,northern_hemisphere,global 0.25 degree,zonal_wind,zonal_wind,zonal_wind 250,250,168,D7,4.288
nested_global_vs_gfs_regions,Nested-EAGLE-Global (AI),GFS,northern_hemisphere,global 0.25 degree,zonal_wind,zonal_wind,zonal_wind 250,250,192,D8,4.982
nested_global_vs_gfs_regions,Nested-EAGLE-Global (AI),GFS,northern_hemisphere,global 0.25 degree,zonal_wind,zonal_wind,zonal_wind 250,250,216,D9,5.263
nested_global_vs_gfs_regions,Nested-EAGLE-Global (AI),GFS,northern_hemisphere,global 0.25 degree,zonal_wind,zonal_wind,zonal_wind 250,250,240,D10,4.053
nested_global_vs_gfs_regions,Nested-EAGLE-Global (AI),GFS,northern_hemisphere,global 0.25 degree,zonal_wind,zonal_wind,zonal_wind 500,500,24,D1,5.74
nested_global_vs_gfs_regions,Nested-EAGLE-Global (AI),GFS,northern_hemisphere,global 0.25 degree,zonal_wind,zonal_wind,zonal_wind 500,500,48,D2,7.713
nested_global_vs_gfs_regions,Nested-EAGLE-Global (AI),GFS,northern_hemisphere,global 0.25 degree,zonal_wind,zonal_wind,zonal_wind 500,500,72,D3,8.555
nested_global_vs_gfs_regions,Nested-EAGLE-Global (AI),GFS,northern_hemisphere,global 0.25 degree,zonal_wind,zonal_wind,zonal_wind 500,500,96,D4,7.633
nested_global_vs_gfs_regions,Nested-EAGLE-Global (AI),GFS,northern_hemisphere,global 0.25 degree,zonal_wind,zonal_wind,zonal_wind 500,500,120,D5,6.561
nested_global_vs_gfs_regions,Nested-EAGLE-Global (AI),GFS,northern_hemisphere,global 0.25 degree,zonal_wind,zonal_wind,zonal_wind 500,500,144,D6,4.717
nested_global_vs_gfs_regions,Nested-EAGLE-Global (AI),GFS,northern_hemisphere,global 0.25 degree,zonal_wind,zonal_wind,zonal_wind 500,500,168,D7,4.472
nested_global_vs_gfs_regions,Nested-EAGLE-Global (AI),GFS,northern_hemisphere,global 0.25 degree,zonal_wind,zonal_wind,zonal_wind 500,500,192,D8,3.693
nested_global_vs_gfs_regions,Nested-EAGLE-Global (AI),GFS,northern_hemisphere,global 0.25 degree,zonal_wind,zonal_wind,zonal_wind 500,500,216,D9,3.882
nested_global_vs_gfs_regions,Nested-EAGLE-Global (AI),GFS,northern_hemisphere,global 0.25 degree,zonal_wind,zonal_wind,zonal_wind 500,500,240,D10,3.469
nested_global_vs_gfs_regions,Nested-EAGLE-Global (AI),GFS,northern_hemisphere,global 0.25 degree,zonal_wind,zonal_wind,zonal_wind 850,850,24,D1,6.353
nested_global_vs_gfs_regions,Nested-EAGLE-Global (AI),GFS,northern_hemisphere,global 0.25 degree,zonal_wind,zonal_wind,zonal_wind 850,850,48,D2,7.793
nested_global_vs_gfs_regions,Nested-EAGLE-Global (AI),GFS,northern_hemisphere,global 0.25 degree,zonal_wind,zonal_wind,zonal_wind 850,850,72,D3,7.673
nested_global_vs_gfs_regions,Nested-EAGLE-Global (AI),GFS,northern_hemisphere,global 0.25 degree,zonal_wind,zonal_wind,zonal_wind 850,850,96,D4,6.857
nested_global_vs_gfs_regions,Nested-EAGLE-Global (AI),GFS,northern_hemisphere,global 0.25 degree,zonal_wind,zonal_wind,zonal_wind 850,850,120,D5,7.227
nested_global_vs_gfs_regions,Nested-EAGLE-Global (AI),GFS,northern_hemisphere,global 0.25 degree,zonal_wind,zonal_wind,zonal_wind 850,850,144,D6,6.296
nested_global_vs_gfs_regions,Nested-EAGLE-Global (AI),GFS,northern_hemisphere,global 0.25 degree,zonal_wind,zonal_wind,zonal_wind 850,850,168,D7,5.477
nested_global_vs_gfs_regions,Nested-EAGLE-Global (AI),GFS,northern_hemisphere,global 0.25 degree,zonal_wind,zonal_wind,zonal_wind 850,850,192,D8,5.077
nested_global_vs_gfs_regions,Nested-EAGLE-Global (AI),GFS,northern_hemisphere,global 0.25 degree,zonal_wind,zonal_wind,zonal_wind 850,850,216,D9,5.019
nested_global_vs_gfs_regions,Nested-EAGLE-Global (AI),GFS,northern_hemisphere,global 0.25 degree,zonal_wind,zonal_wind,zonal_wind 850,850,240,D10,4.711
nested_global_vs_gfs_regions,Nested-EAGLE-Global (AI),GFS,northern_hemisphere,global 0.25 degree,meridional_wind,meridional_wind,meridional_wind 250,250,24,D1,5.503
nested_global_vs_gfs_regions,Nested-EAGLE-Global (AI),GFS,northern_hemisphere,global 0.25 degree,meridional_wind,meridional_wind,meridional_wind 250,250,48,D2,6.852
nested_global_vs_gfs_regions,Nested-EAGLE-Global (AI),GFS,northern_hemisphere,global 0.25 degree,meridional_wind,meridional_wind,meridional_wind 250,250,72,D3,5.54
nested_global_vs_gfs_regions,Nested-EAGLE-Global (AI),GFS,northern_hemisphere,global 0.25 degree,meridional_wind,meridional_wind,meridional_wind 250,250,96,D4,5.421
nested_global_vs_gfs_regions,Nested-EAGLE-Global (AI),GFS,northern_hemisphere,global 0.25 degree,meridional_wind,meridional_wind,meridional_wind 250,250,120,D5,6.316
nested_global_vs_gfs_regions,Nested-EAGLE-Global (AI),GFS,northern_hemisphere,global 0.25 degree,meridional_wind,meridional_wind,meridional_wind 250,250,144,D6,5.817
nested_global_vs_gfs_regions,Nested-EAGLE-Global (AI),GFS,northern_hemisphere,global 0.25 degree,meridional_wind,meridional_wind,meridional_wind 250,250,168,D7,6.043
nested_global_vs_gfs_regions,Nested-EAGLE-Global (AI),GFS,northern_hemisphere,global 0.25 degree,meridional_wind,meridional_wind,meridional_wind 250,250,192,D8,5.962
nested_global_vs_gfs_regions,Nested-EAGLE-Global (AI),GFS,northern_hemisphere,global 0.25 degree,meridional_wind,meridional_wind,meridional_wind 250,250,216,D9,5.976
nested_global_vs_gfs_regions,Nested-EAGLE-Global (AI),GFS,northern_hemisphere,global 0.25 degree,meridional_wind,meridional_wind,meridional_wind 250,250,240,D10,4.065
nested_global_vs_gfs_regions,Nested-EAGLE-Global (AI),GFS,northern_hemisphere,global 0.25 degree,meridional_wind,meridional_wind,meridional_wind 500,500,24,D1,4.924
nested_global_vs_gfs_regions,Nested-EAGLE-Global (AI),GFS,northern_hemisphere,global 0.25 degree,meridional_wind,meridional_wind,meridional_wind 500,500,48,D2,6.912
nested_global_vs_gfs_regions,Nested-EAGLE-Global (AI),GFS,northern_hemisphere,global 0.25 degree,meridional_wind,meridional_wind,meridional_wind 500,500,72,D3,6.888
nested_global_vs_gfs_regions,Nested-EAGLE-Global (AI),GFS,northern_hemisphere,global 0.25 degree,meridional_wind,meridional_wind,meridional_wind 500,500,96,D4,6.25
nested_global_vs_gfs_regions,Nested-EAGLE-Global (AI),GFS,northern_hemisphere,global 0.25 degree,meridional_wind,meridional_wind,meridional_wind 500,500,120,D5,6.066
nested_global_vs_gfs_regions,Nested-EAGLE-Global (AI),GFS,northern_hemisphere,global 0.25 degree,meridional_wind,meridional_wind,meridional_wind 500,500,144,D6,5.931
nested_global_vs_gfs_regions,Nested-EAGLE-Global (AI),GFS,northern_hemisphere,global 0.25 degree,meridional_wind,meridional_wind,meridional_wind 500,500,168,D7,6.338
nested_global_vs_gfs_regions,Nested-EAGLE-Global (AI),GFS,northern_hemisphere,global 0.25 degree,meridional_wind,meridional_wind,meridional_wind 500,500,192,D8,5.413
nested_global_vs_gfs_regions,Nested-EAGLE-Global (AI),GFS,northern_hemisphere,global 0.25 degree,meridional_wind,meridional_wind,meridional_wind 500,500,216,D9,4.916
nested_global_vs_gfs_regions,Nested-EAGLE-Global (AI),GFS,northern_hemisphere,global 0.25 degree,meridional_wind,meridional_wind,meridional_wind 500,500,240,D10,2.546
nested_global_vs_gfs_regions,Nested-EAGLE-Global (AI),GFS,northern_hemisphere,global 0.25 degree,meridional_wind,meridional_wind,meridional_wind 850,850,24,D1,6.132
nested_global_vs_gfs_regions,Nested-EAGLE-Global (AI),GFS,northern_hemisphere,global 0.25 degree,meridional_wind,meridional_wind,meridional_wind 850,850,48,D2,7.482
nested_global_vs_gfs_regions,Nested-EAGLE-Global (AI),GFS,northern_hemisphere,global 0.25 degree,meridional_wind,meridional_wind,meridional_wind 850,850,72,D3,7.355
nested_global_vs_gfs_regions,Nested-EAGLE-Global (AI),GFS,northern_hemisphere,global 0.25 degree,meridional_wind,meridional_wind,meridional_wind 850,850,96,D4,6.457
nested_global_vs_gfs_regions,Nested-EAGLE-Global (AI),GFS,northern_hemisphere,global 0.25 degree,meridional_wind,meridional_wind,meridional_wind 850,850,120,D5,6.455
nested_global_vs_gfs_regions,Nested-EAGLE-Global (AI),GFS,northern_hemisphere,global 0.25 degree,meridional_wind,meridional_wind,meridional_wind 850,850,144,D6,7.453
nested_global_vs_gfs_regions,Nested-EAGLE-Global (AI),GFS,northern_hemisphere,global 0.25 degree,meridional_wind,meridional_wind,meridional_wind 850,850,168,D7,7.084
nested_global_vs_gfs_regions,Nested-EAGLE-Global (AI),GFS,northern_hemisphere,global 0.25 degree,meridional_wind,meridional_wind,meridional_wind 850,850,192,D8,5.821
nested_global_vs_gfs_regions,Nested-EAGLE-Global (AI),GFS,northern_hemisphere,global 0.25 degree,meridional_wind,meridional_wind,meridional_wind 850,850,216,D9,5.088
nested_global_vs_gfs_regions,Nested-EAGLE-Global (AI),GFS,northern_hemisphere,global 0.25 degree,meridional_wind,meridional_wind,meridional_wind 850,850,240,D10,4.332
nested_global_vs_gfs_regions,Nested-EAGLE-Global (AI),GFS,northern_hemisphere,global 0.25 degree,temperature,temperature,temperature 250,250,24,D1,1.56
nested_global_vs_gfs_regions,Nested-EAGLE-Global (AI),GFS,northern_hemisphere,global 0.25 degree,temperature,temperature,temperature 250,250,48,D2,2.857
nested_global_vs_gfs_regions,Nested-EAGLE-Global (AI),GFS,northern_hemisphere,global 0.25 degree,temperature,temperature,temperature 250,250,72,D3,2.822
nested_global_vs_gfs_regions,Nested-EAGLE-Global (AI),GFS,northern_hemisphere,global 0.25 degree,temperature,temperature,temperature 250,250,96,D4,3.123
nested_global_vs_gfs_regions,Nested-EAGLE-Global (AI),GFS,northern_hemisphere,global 0.25 degree,temperature,temperature,temperature 250,250,120,D5,3.383
nested_global_vs_gfs_regions,Nested-EAGLE-Global (AI),GFS,northern_hemisphere,global 0.25 degree,temperature,temperature,temperature 250,250,144,D6,2.098
nested_global_vs_gfs_regions,Nested-EAGLE-Global (AI),GFS,northern_hemisphere,global 0.25 degree,temperature,temperature,temperature 250,250,168,D7,1.548
nested_global_vs_gfs_regions,Nested-EAGLE-Global (AI),GFS,northern_hemisphere,global 0.25 degree,temperature,temperature,temperature 250,250,192,D8,1.11
nested_global_vs_gfs_regions,Nested-EAGLE-Global (AI),GFS,northern_hemisphere,global 0.25 degree,temperature,temperature,temperature 250,250,216,D9,1.008
nested_global_vs_gfs_regions,Nested-EAGLE-Global (AI),GFS,northern_hemisphere,global 0.25 degree,temperature,temperature,temperature 250,250,240,D10,0.11
nested_global_vs_gfs_regions,Nested-EAGLE-Global (AI),GFS,northern_hemisphere,global 0.25 degree,temperature,temperature,temperature 500,500,24,D1,0.806
nested_global_vs_gfs_regions,Nested-EAGLE-Global (AI),GFS,northern_hemisphere,global 0.25 degree,temperature,temperature,temperature 500,500,48,D2,2.243
nested_global_vs_gfs_regions,Nested-EAGLE-Global (AI),GFS,northern_hemisphere,global 0.25 degree,temperature,temperature,temperature 500,500,72,D3,2.883
nested_global_vs_gfs_regions,Nested-EAGLE-Global (AI),GFS,northern_hemisphere,global 0.25 degree,temperature,temperature,temperature 500,500,96,D4,2.683
nested_global_vs_gfs_regions,Nested-EAGLE-Global (AI),GFS,northern_hemisphere,global 0.25 degree,temperature,temperature,temperature 500,500,120,D5,3.076
nested_global_vs_gfs_regions,Nested-EAGLE-Global (AI),GFS,northern_hemisphere,global 0.25 degree,temperature,temperature,temperature 500,500,144,D6,2.913
nested_global_vs_gfs_regions,Nested-EAGLE-Global (AI),GFS,northern_hemisphere,global 0.25 degree,temperature,temperature,temperature 500,500,168,D7,3.64
nested_global_vs_gfs_regions,Nested-EAGLE-Global (AI),GFS,northern_hemisphere,global 0.25 degree,temperature,temperature,temperature 500,500,192,D8,3.754
nested_global_vs_gfs_regions,Nested-EAGLE-Global (AI),GFS,northern_hemisphere,global 0.25 degree,temperature,temperature,temperature 500,500,216,D9,4.045
nested_global_vs_gfs_regions,Nested-EAGLE-Global (AI),GFS,northern_hemisphere,global 0.25 degree,temperature,temperature,temperature 500,500,240,D10,3.573
nested_global_vs_gfs_regions,Nested-EAGLE-Global (AI),GFS,northern_hemisphere,global 0.25 degree,temperature,temperature,temperature 850,850,24,D1,6.94
nested_global_vs_gfs_regions,Nested-EAGLE-Global (AI),GFS,northern_hemisphere,global 0.25 degree,temperature,temperature,temperature 850,850,48,D2,8.441
nested_global_vs_gfs_regions,Nested-EAGLE-Global (AI),GFS,northern_hemisphere,global 0.25 degree,temperature,temperature,temperature 850,850,72,D3,7.41
nested_global_vs_gfs_regions,Nested-EAGLE-Global (AI),GFS,northern_hemisphere,global 0.25 degree,temperature,temperature,temperature 850,850,96,D4,5.404
nested_global_vs_gfs_regions,Nested-EAGLE-Global (AI),GFS,northern_hemisphere,global 0.25 degree,temperature,temperature,temperature 850,850,120,D5,3.984
nested_global_vs_gfs_regions,Nested-EAGLE-Global (AI),GFS,northern_hemisphere,global 0.25 degree,temperature,temperature,temperature 850,850,144,D6,3.583
nested_global_vs_gfs_regions,Nested-EAGLE-Global (AI),GFS,northern_hemisphere,global 0.25 degree,temperature,temperature,temperature 850,850,168,D7,3.368
nested_global_vs_gfs_regions,Nested-EAGLE-Global (AI),GFS,northern_hemisphere,global 0.25 degree,temperature,temperature,temperature 850,850,192,D8,2.787
nested_global_vs_gfs_regions,Nested-EAGLE-Global (AI),GFS,northern_hemisphere,global 0.25 degree,temperature,temperature,temperature 850,850,216,D9,2.011
nested_global_vs_gfs_regions,Nested-EAGLE-Global (AI),GFS,northern_hemisphere,global 0.25 degree,temperature,temperature,temperature 850,850,240,D10,1.964
nested_global_vs_gfs_regions,Nested-EAGLE-Global (AI),GFS,northern_hemisphere,global 0.25 degree,specific_humidity,specific_humidity,specific_humidity 250,250,24,D1,2.481
nested_global_vs_gfs_regions,Nested-EAGLE-Global (AI),GFS,northern_hemisphere,global 0.25 degree,specific_humidity,specific_humidity,specific_humidity 250,250,48,D2,3.329
nested_global_vs_gfs_regions,Nested-EAGLE-Global (AI),GFS,northern_hemisphere,global 0.25 degree,specific_humidity,specific_humidity,specific_humidity 250,250,72,D3,3.539
nested_global_vs_gfs_regions,Nested-EAGLE-Global (AI),GFS,northern_hemisphere,global 0.25 degree,specific_humidity,specific_humidity,specific_humidity 250,250,96,D4,3.464
nested_global_vs_gfs_regions,Nested-EAGLE-Global (AI),GFS,northern_hemisphere,global 0.25 degree,specific_humidity,specific_humidity,specific_humidity 250,250,120,D5,3.852
nested_global_vs_gfs_regions,Nested-EAGLE-Global (AI),GFS,northern_hemisphere,global 0.25 degree,specific_humidity,specific_humidity,specific_humidity 250,250,144,D6,4.074
nested_global_vs_gfs_regions,Nested-EAGLE-Global (AI),GFS,northern_hemisphere,global 0.25 degree,specific_humidity,specific_humidity,specific_humidity 250,250,168,D7,4.328
nested_global_vs_gfs_regions,Nested-EAGLE-Global (AI),GFS,northern_hemisphere,global 0.25 degree,specific_humidity,specific_humidity,specific_humidity 250,250,192,D8,4.208
nested_global_vs_gfs_regions,Nested-EAGLE-Global (AI),GFS,northern_hemisphere,global 0.25 degree,specific_humidity,specific_humidity,specific_humidity 250,250,216,D9,4.231
nested_global_vs_gfs_regions,Nested-EAGLE-Global (AI),GFS,northern_hemisphere,global 0.25 degree,specific_humidity,specific_humidity,specific_humidity 250,250,240,D10,4.05
nested_global_vs_gfs_regions,Nested-EAGLE-Global (AI),GFS,northern_hemisphere,global 0.25 degree,specific_humidity,specific_humidity,specific_humidity 500,500,24,D1,7.516
nested_global_vs_gfs_regions,Nested-EAGLE-Global (AI),GFS,northern_hemisphere,global 0.25 degree,specific_humidity,specific_humidity,specific_humidity 500,500,48,D2,10.46
nested_global_vs_gfs_regions,Nested-EAGLE-Global (AI),GFS,northern_hemisphere,global 0.25 degree,specific_humidity,specific_humidity,specific_humidity 500,500,72,D3,10.765
nested_global_vs_gfs_regions,Nested-EAGLE-Global (AI),GFS,northern_hemisphere,global 0.25 degree,specific_humidity,specific_humidity,specific_humidity 500,500,96,D4,11.073
nested_global_vs_gfs_regions,Nested-EAGLE-Global (AI),GFS,northern_hemisphere,global 0.25 degree,specific_humidity,specific_humidity,specific_humidity 500,500,120,D5,11.148
nested_global_vs_gfs_regions,Nested-EAGLE-Global (AI),GFS,northern_hemisphere,global 0.25 degree,specific_humidity,specific_humidity,specific_humidity 500,500,144,D6,11.16
nested_global_vs_gfs_regions,Nested-EAGLE-Global (AI),GFS,northern_hemisphere,global 0.25 degree,specific_humidity,specific_humidity,specific_humidity 500,500,168,D7,10.773
nested_global_vs_gfs_regions,Nested-EAGLE-Global (AI),GFS,northern_hemisphere,global 0.25 degree,specific_humidity,specific_humidity,specific_humidity 500,500,192,D8,10.836
nested_global_vs_gfs_regions,Nested-EAGLE-Global (AI),GFS,northern_hemisphere,global 0.25 degree,specific_humidity,specific_humidity,specific_humidity 500,500,216,D9,10.347
nested_global_vs_gfs_regions,Nested-EAGLE-Global (AI),GFS,northern_hemisphere,global 0.25 degree,specific_humidity,specific_humidity,specific_humidity 500,500,240,D10,9.408
nested_global_vs_gfs_regions,Nested-EAGLE-Global (AI),GFS,northern_hemisphere,global 0.25 degree,specific_humidity,specific_humidity,specific_humidity 850,850,24,D1,5.666
nested_global_vs_gfs_regions,Nested-EAGLE-Global (AI),GFS,northern_hemisphere,global 0.25 degree,specific_humidity,specific_humidity,specific_humidity 850,850,48,D2,8.219
nested_global_vs_gfs_regions,Nested-EAGLE-Global (AI),GFS,northern_hemisphere,global 0.25 degree,specific_humidity,specific_humidity,specific_humidity 850,850,72,D3,8.174
nested_global_vs_gfs_regions,Nested-EAGLE-Global (AI),GFS,northern_hemisphere,global 0.25 degree,specific_humidity,specific_humidity,specific_humidity 850,850,96,D4,7.736
nested_global_vs_gfs_regions,Nested-EAGLE-Global (AI),GFS,northern_hemisphere,global 0.25 degree,specific_humidity,specific_humidity,specific_humidity 850,850,120,D5,7.032
nested_global_vs_gfs_regions,Nested-EAGLE-Global (AI),GFS,northern_hemisphere,global 0.25 degree,specific_humidity,specific_humidity,specific_humidity 850,850,144,D6,7.486
nested_global_vs_gfs_regions,Nested-EAGLE-Global (AI),GFS,northern_hemisphere,global 0.25 degree,specific_humidity,specific_humidity,specific_humidity 850,850,168,D7,7.306
nested_global_vs_gfs_regions,Nested-EAGLE-Global (AI),GFS,northern_hemisphere,global 0.25 degree,specific_humidity,specific_humidity,specific_humidity 850,850,192,D8,6.519
nested_global_vs_gfs_regions,Nested-EAGLE-Global (AI),GFS,northern_hemisphere,global 0.25 degree,specific_humidity,specific_humidity,specific_humidity 850,850,216,D9,5.719
nested_global_vs_gfs_regions,Nested-EAGLE-Global (AI),GFS,northern_hemisphere,global 0.25 degree,specific_humidity,specific_humidity,specific_humidity 850,850,240,D10,6.026
nested_global_vs_gfs_regions,Nested-EAGLE-Global (AI),GFS,northern_hemisphere,global 0.25 degree,wind_speed,wind_speed,wind_speed 250,250,24,D1,5.3
nested_global_vs_gfs_regions,Nested-EAGLE-Global (AI),GFS,northern_hemisphere,global 0.25 degree,wind_speed,wind_speed,wind_speed 250,250,48,D2,6.553
nested_global_vs_gfs_regions,Nested-EAGLE-Global (AI),GFS,northern_hemisphere,global 0.25 degree,wind_speed,wind_speed,wind_speed 250,250,72,D3,5.841
nested_global_vs_gfs_regions,Nested-EAGLE-Global (AI),GFS,northern_hemisphere,global 0.25 degree,wind_speed,wind_speed,wind_speed 250,250,96,D4,5.578
nested_global_vs_gfs_regions,Nested-EAGLE-Global (AI),GFS,northern_hemisphere,global 0.25 degree,wind_speed,wind_speed,wind_speed 250,250,120,D5,5.124
nested_global_vs_gfs_regions,Nested-EAGLE-Global (AI),GFS,northern_hemisphere,global 0.25 degree,wind_speed,wind_speed,wind_speed 250,250,144,D6,3.639
nested_global_vs_gfs_regions,Nested-EAGLE-Global (AI),GFS,northern_hemisphere,global 0.25 degree,wind_speed,wind_speed,wind_speed 250,250,168,D7,3.556
nested_global_vs_gfs_regions,Nested-EAGLE-Global (AI),GFS,northern_hemisphere,global 0.25 degree,wind_speed,wind_speed,wind_speed 250,250,192,D8,4.166
nested_global_vs_gfs_regions,Nested-EAGLE-Global (AI),GFS,northern_hemisphere,global 0.25 degree,wind_speed,wind_speed,wind_speed 250,250,216,D9,4.309
nested_global_vs_gfs_regions,Nested-EAGLE-Global (AI),GFS,northern_hemisphere,global 0.25 degree,wind_speed,wind_speed,wind_speed 250,250,240,D10,3.054
nested_global_vs_gfs_regions,Nested-EAGLE-Global (AI),GFS,northern_hemisphere,global 0.25 degree,wind_speed,wind_speed,wind_speed 500,500,24,D1,4.651
nested_global_vs_gfs_regions,Nested-EAGLE-Global (AI),GFS,northern_hemisphere,global 0.25 degree,wind_speed,wind_speed,wind_speed 500,500,48,D2,6.547
nested_global_vs_gfs_regions,Nested-EAGLE-Global (AI),GFS,northern_hemisphere,global 0.25 degree,wind_speed,wind_speed,wind_speed 500,500,72,D3,6.764
nested_global_vs_gfs_regions,Nested-EAGLE-Global (AI),GFS,northern_hemisphere,global 0.25 degree,wind_speed,wind_speed,wind_speed 500,500,96,D4,5.851
nested_global_vs_gfs_regions,Nested-EAGLE-Global (AI),GFS,northern_hemisphere,global 0.25 degree,wind_speed,wind_speed,wind_speed 500,500,120,D5,5.181
nested_global_vs_gfs_regions,Nested-EAGLE-Global (AI),GFS,northern_hemisphere,global 0.25 degree,wind_speed,wind_speed,wind_speed 500,500,144,D6,3.608
nested_global_vs_gfs_regions,Nested-EAGLE-Global (AI),GFS,northern_hemisphere,global 0.25 degree,wind_speed,wind_speed,wind_speed 500,500,168,D7,3.825
nested_global_vs_gfs_regions,Nested-EAGLE-Global (AI),GFS,northern_hemisphere,global 0.25 degree,wind_speed,wind_speed,wind_speed 500,500,192,D8,2.672
nested_global_vs_gfs_regions,Nested-EAGLE-Global (AI),GFS,northern_hemisphere,global 0.25 degree,wind_speed,wind_speed,wind_speed 500,500,216,D9,2.271
nested_global_vs_gfs_regions,Nested-EAGLE-Global (AI),GFS,northern_hemisphere,global 0.25 degree,wind_speed,wind_speed,wind_speed 500,500,240,D10,2.079
nested_global_vs_gfs_regions,Nested-EAGLE-Global (AI),GFS,northern_hemisphere,global 0.25 degree,wind_speed,wind_speed,wind_speed 850,850,24,D1,3.77
nested_global_vs_gfs_regions,Nested-EAGLE-Global (AI),GFS,northern_hemisphere,global 0.25 degree,wind_speed,wind_speed,wind_speed 850,850,48,D2,5.331
nested_global_vs_gfs_regions,Nested-EAGLE-Global (AI),GFS,northern_hemisphere,global 0.25 degree,wind_speed,wind_speed,wind_speed 850,850,72,D3,5.508
nested_global_vs_gfs_regions,Nested-EAGLE-Global (AI),GFS,northern_hemisphere,global 0.25 degree,wind_speed,wind_speed,wind_speed 850,850,96,D4,5.202
nested_global_vs_gfs_regions,Nested-EAGLE-Global (AI),GFS,northern_hemisphere,global 0.25 degree,wind_speed,wind_speed,wind_speed 850,850,120,D5,5.103
nested_global_vs_gfs_regions,Nested-EAGLE-Global (AI),GFS,northern_hemisphere,global 0.25 degree,wind_speed,wind_speed,wind_speed 850,850,144,D6,4.928
nested_global_vs_gfs_regions,Nested-EAGLE-Global (AI),GFS,northern_hemisphere,global 0.25 degree,wind_speed,wind_speed,wind_speed 850,850,168,D7,4.383
nested_global_vs_gfs_regions,Nested-EAGLE-Global (AI),GFS,northern_hemisphere,global 0.25 degree,wind_speed,wind_speed,wind_speed 850,850,192,D8,3.621
nested_global_vs_gfs_regions,Nested-EAGLE-Global (AI),GFS,northern_hemisphere,global 0.25 degree,wind_speed,wind_speed,wind_speed 850,850,216,D9,3.507
nested_global_vs_gfs_regions,Nested-EAGLE-Global (AI),GFS,northern_hemisphere,global 0.25 degree,wind_speed,wind_speed,wind_speed 850,850,240,D10,3.421
nested_global_vs_gfs_regions,Nested-EAGLE-Global (AI),GFS,northern_hemisphere,global 0.25 degree,surface,surface_pressure,surface_pressure,,24,D1,0.068
nested_global_vs_gfs_regions,Nested-EAGLE-Global (AI),GFS,northern_hemisphere,global 0.25 degree,surface,surface_pressure,surface_pressure,,48,D2,0.034
nested_global_vs_gfs_regions,Nested-EAGLE-Global (AI),GFS,northern_hemisphere,global 0.25 degree,surface,surface_pressure,surface_pressure,,72,D3,-0.002
nested_global_vs_gfs_regions,Nested-EAGLE-Global (AI),GFS,northern_hemisphere,global 0.25 degree,surface,surface_pressure,surface_pressure,,96,D4,-0.006
nested_global_vs_gfs_regions,Nested-EAGLE-Global (AI),GFS,northern_hemisphere,global 0.25 degree,surface,surface_pressure,surface_pressure,,120,D5,0.015
nested_global_vs_gfs_regions,Nested-EAGLE-Global (AI),GFS,northern_hemisphere,global 0.25 degree,surface,surface_pressure,surface_pressure,,144,D6,0.017
nested_global_vs_gfs_regions,Nested-EAGLE-Global (AI),GFS,northern_hemisphere,global 0.25 degree,surface,surface_pressure,surface_pressure,,168,D7,0.013
nested_global_vs_gfs_regions,Nested-EAGLE-Global (AI),GFS,northern_hemisphere,global 0.25 degree,surface,surface_pressure,surface_pressure,,192,D8,-0.013
nested_global_vs_gfs_regions,Nested-EAGLE-Global (AI),GFS,northern_hemisphere,global 0.25 degree,surface,surface_pressure,surface_pressure,,216,D9,0.005
nested_global_vs_gfs_regions,Nested-EAGLE-Global (AI),GFS,northern_hemisphere,global 0.25 degree,surface,surface_pressure,surface_pressure,,240,D10,-0.028
nested_global_vs_gfs_regions,Nested-EAGLE-Global (AI),GFS,northern_hemisphere,global 0.25 degree,surface,10m_zonal_wind,10m_zonal_wind,,24,D1,9.659
nested_global_vs_gfs_regions,Nested-EAGLE-Global (AI),GFS,northern_hemisphere,global 0.25 degree,surface,10m_zonal_wind,10m_zonal_wind,,48,D2,10.304
nested_global_vs_gfs_regions,Nested-EAGLE-Global (AI),GFS,northern_hemisphere,global 0.25 degree,surface,10m_zonal_wind,10m_zonal_wind,,72,D3,9.891
nested_global_vs_gfs_regions,Nested-EAGLE-Global (AI),GFS,northern_hemisphere,global 0.25 degree,surface,10m_zonal_wind,10m_zonal_wind,,96,D4,9.192
nested_global_vs_gfs_regions,Nested-EAGLE-Global (AI),GFS,northern_hemisphere,global 0.25 degree,surface,10m_zonal_wind,10m_zonal_wind,,120,D5,8.419
nested_global_vs_gfs_regions,Nested-EAGLE-Global (AI),GFS,northern_hemisphere,global 0.25 degree,surface,10m_zonal_wind,10m_zonal_wind,,144,D6,8.209
nested_global_vs_gfs_regions,Nested-EAGLE-Global (AI),GFS,northern_hemisphere,global 0.25 degree,surface,10m_zonal_wind,10m_zonal_wind,,168,D7,8.688
nested_global_vs_gfs_regions,Nested-EAGLE-Global (AI),GFS,northern_hemisphere,global 0.25 degree,surface,10m_zonal_wind,10m_zonal_wind,,192,D8,7.683
nested_global_vs_gfs_regions,Nested-EAGLE-Global (AI),GFS,northern_hemisphere,global 0.25 degree,surface,10m_zonal_wind,10m_zonal_wind,,216,D9,7.255
nested_global_vs_gfs_regions,Nested-EAGLE-Global (AI),GFS,northern_hemisphere,global 0.25 degree,surface,10m_zonal_wind,10m_zonal_wind,,240,D10,7.482
nested_global_vs_gfs_regions,Nested-EAGLE-Global (AI),GFS,northern_hemisphere,global 0.25 degree,surface,10m_meridional_wind,10m_meridional_wind,,24,D1,9.642
nested_global_vs_gfs_regions,Nested-EAGLE-Global (AI),GFS,northern_hemisphere,global 0.25 degree,surface,10m_meridional_wind,10m_meridional_wind,,48,D2,10.23
nested_global_vs_gfs_regions,Nested-EAGLE-Global (AI),GFS,northern_hemisphere,global 0.25 degree,surface,10m_meridional_wind,10m_meridional_wind,,72,D3,9.961
nested_global_vs_gfs_regions,Nested-EAGLE-Global (AI),GFS,northern_hemisphere,global 0.25 degree,surface,10m_meridional_wind,10m_meridional_wind,,96,D4,9.647
nested_global_vs_gfs_regions,Nested-EAGLE-Global (AI),GFS,northern_hemisphere,global 0.25 degree,surface,10m_meridional_wind,10m_meridional_wind,,120,D5,8.733
nested_global_vs_gfs_regions,Nested-EAGLE-Global (AI),GFS,northern_hemisphere,global 0.25 degree,surface,10m_meridional_wind,10m_meridional_wind,,144,D6,9.28
nested_global_vs_gfs_regions,Nested-EAGLE-Global (AI),GFS,northern_hemisphere,global 0.25 degree,surface,10m_meridional_wind,10m_meridional_wind,,168,D7,9.477
nested_global_vs_gfs_regions,Nested-EAGLE-Global (AI),GFS,northern_hemisphere,global 0.25 degree,surface,10m_meridional_wind,10m_meridional_wind,,192,D8,8.761
nested_global_vs_gfs_regions,Nested-EAGLE-Global (AI),GFS,northern_hemisphere,global 0.25 degree,surface,10m_meridional_wind,10m_meridional_wind,,216,D9,8.526
nested_global_vs_gfs_regions,Nested-EAGLE-Global (AI),GFS,northern_hemisphere,global 0.25 degree,surface,10m_meridional_wind,10m_meridional_wind,,240,D10,8.485
nested_global_vs_gfs_regions,Nested-EAGLE-Global (AI),GFS,northern_hemisphere,global 0.25 degree,surface,2m_temperature,2m_temperature,,24,D1,6.245
nested_global_vs_gfs_regions,Nested-EAGLE-Global (AI),GFS,northern_hemisphere,global 0.25 degree,surface,2m_temperature,2m_temperature,,48,D2,6.175
nested_global_vs_gfs_regions,Nested-EAGLE-Global (AI),GFS,northern_hemisphere,global 0.25 degree,surface,2m_temperature,2m_temperature,,72,D3,5.767
nested_global_vs_gfs_regions,Nested-EAGLE-Global (AI),GFS,northern_hemisphere,global 0.25 degree,surface,2m_temperature,2m_temperature,,96,D4,5.513
nested_global_vs_gfs_regions,Nested-EAGLE-Global (AI),GFS,northern_hemisphere,global 0.25 degree,surface,2m_temperature,2m_temperature,,120,D5,4.719
nested_global_vs_gfs_regions,Nested-EAGLE-Global (AI),GFS,northern_hemisphere,global 0.25 degree,surface,2m_temperature,2m_temperature,,144,D6,4.215
nested_global_vs_gfs_regions,Nested-EAGLE-Global (AI),GFS,northern_hemisphere,global 0.25 degree,surface,2m_temperature,2m_temperature,,168,D7,4.018
nested_global_vs_gfs_regions,Nested-EAGLE-Global (AI),GFS,northern_hemisphere,global 0.25 degree,surface,2m_temperature,2m_temperature,,192,D8,2.895
nested_global_vs_gfs_regions,Nested-EAGLE-Global (AI),GFS,northern_hemisphere,global 0.25 degree,surface,2m_temperature,2m_temperature,,216,D9,2.698
nested_global_vs_gfs_regions,Nested-EAGLE-Global (AI),GFS,northern_hemisphere,global 0.25 degree,surface,2m_temperature,2m_temperature,,240,D10,2.344
nested_global_vs_gfs_regions,Nested-EAGLE-Global (AI),GFS,northern_hemisphere,global 0.25 degree,surface,2m_specific_humidity,2m_specific_humidity,,24,D1,0.09
nested_global_vs_gfs_regions,Nested-EAGLE-Global (AI),GFS,northern_hemisphere,global 0.25 degree,surface,2m_specific_humidity,2m_specific_humidity,,48,D2,0.127
nested_global_vs_gfs_regions,Nested-EAGLE-Global (AI),GFS,northern_hemisphere,global 0.25 degree,surface,2m_specific_humidity,2m_specific_humidity,,72,D3,0.154
nested_global_vs_gfs_regions,Nested-EAGLE-Global (AI),GFS,northern_hemisphere,global 0.25 degree,surface,2m_specific_humidity,2m_specific_humidity,,96,D4,0.158
nested_global_vs_gfs_regions,Nested-EAGLE-Global (AI),GFS,northern_hemisphere,global 0.25 degree,surface,2m_specific_humidity,2m_specific_humidity,,120,D5,0.172
nested_global_vs_gfs_regions,Nested-EAGLE-Global (AI),GFS,northern_hemisphere,global 0.25 degree,surface,2m_specific_humidity,2m_specific_humidity,,144,D6,0.191
nested_global_vs_gfs_regions,Nested-EAGLE-Global (AI),GFS,northern_hemisphere,global 0.25 degree,surface,2m_specific_humidity,2m_specific_humidity,,168,D7,0.177
nested_global_vs_gfs_regions,Nested-EAGLE-Global (AI),GFS,northern_hemisphere,global 0.25 degree,surface,2m_specific_humidity,2m_specific_humidity,,192,D8,0.151
nested_global_vs_gfs_regions,Nested-EAGLE-Global (AI),GFS,northern_hemisphere,global 0.25 degree,surface,2m_specific_humidity,2m_specific_humidity,,216,D9,0.153
nested_global_vs_gfs_regions,Nested-EAGLE-Global (AI),GFS,northern_hemisphere,global 0.25 degree,surface,2m_specific_humidity,2m_specific_humidity,,240,D10,0.156
nested_global_vs_gfs_regions,Nested-EAGLE-Global (AI),GFS,northern_hemisphere,global 0.25 degree,surface,10m_wind_speed,10m_wind_speed,,24,D1,7.128
nested_global_vs_gfs_regions,Nested-EAGLE-Global (AI),GFS,northern_hemisphere,global 0.25 degree,surface,10m_wind_speed,10m_wind_speed,,48,D2,7.492
nested_global_vs_gfs_regions,Nested-EAGLE-Global (AI),GFS,northern_hemisphere,global 0.25 degree,surface,10m_wind_speed,10m_wind_speed,,72,D3,7.306
nested_global_vs_gfs_regions,Nested-EAGLE-Global (AI),GFS,northern_hemisphere,global 0.25 degree,surface,10m_wind_speed,10m_wind_speed,,96,D4,6.821
nested_global_vs_gfs_regions,Nested-EAGLE-Global (AI),GFS,northern_hemisphere,global 0.25 degree,surface,10m_wind_speed,10m_wind_speed,,120,D5,6.347
nested_global_vs_gfs_regions,Nested-EAGLE-Global (AI),GFS,northern_hemisphere,global 0.25 degree,surface,10m_wind_speed,10m_wind_speed,,144,D6,6.522
nested_global_vs_gfs_regions,Nested-EAGLE-Global (AI),GFS,northern_hemisphere,global 0.25 degree,surface,10m_wind_speed,10m_wind_speed,,168,D7,6.447
nested_global_vs_gfs_regions,Nested-EAGLE-Global (AI),GFS,northern_hemisphere,global 0.25 degree,surface,10m_wind_speed,10m_wind_speed,,192,D8,5.717
nested_global_vs_gfs_regions,Nested-EAGLE-Global (AI),GFS,northern_hemisphere,global 0.25 degree,surface,10m_wind_speed,10m_wind_speed,,216,D9,5.985
nested_global_vs_gfs_regions,Nested-EAGLE-Global (AI),GFS,northern_hemisphere,global 0.25 degree,surface,10m_wind_speed,10m_wind_speed,,240,D10,6.178
nested_global_vs_gfs_regions,Nested-EAGLE-Global (AI),GFS,southern_hemisphere,global 0.25 degree,geopotential_height,geopotential_height,geopotential_height 250,250,24,D1,1.286
nested_global_vs_gfs_regions,Nested-EAGLE-Global (AI),GFS,southern_hemisphere,global 0.25 degree,geopotential_height,geopotential_height,geopotential_height 250,250,48,D2,-1.101
nested_global_vs_gfs_regions,Nested-EAGLE-Global (AI),GFS,southern_hemisphere,global 0.25 degree,geopotential_height,geopotential_height,geopotential_height 250,250,72,D3,-0.317
nested_global_vs_gfs_regions,Nested-EAGLE-Global (AI),GFS,southern_hemisphere,global 0.25 degree,geopotential_height,geopotential_height,geopotential_height 250,250,96,D4,0.387
nested_global_vs_gfs_regions,Nested-EAGLE-Global (AI),GFS,southern_hemisphere,global 0.25 degree,geopotential_height,geopotential_height,geopotential_height 250,250,120,D5,2.409
nested_global_vs_gfs_regions,Nested-EAGLE-Global (AI),GFS,southern_hemisphere,global 0.25 degree,geopotential_height,geopotential_height,geopotential_height 250,250,144,D6,2.843
nested_global_vs_gfs_regions,Nested-EAGLE-Global (AI),GFS,southern_hemisphere,global 0.25 degree,geopotential_height,geopotential_height,geopotential_height 250,250,168,D7,1.119
nested_global_vs_gfs_regions,Nested-EAGLE-Global (AI),GFS,southern_hemisphere,global 0.25 degree,geopotential_height,geopotential_height,geopotential_height 250,250,192,D8,1.891
nested_global_vs_gfs_regions,Nested-EAGLE-Global (AI),GFS,southern_hemisphere,global 0.25 degree,geopotential_height,geopotential_height,geopotential_height 250,250,216,D9,-0.734
nested_global_vs_gfs_regions,Nested-EAGLE-Global (AI),GFS,southern_hemisphere,global 0.25 degree,geopotential_height,geopotential_height,geopotential_height 250,250,240,D10,0.007
nested_global_vs_gfs_regions,Nested-EAGLE-Global (AI),GFS,southern_hemisphere,global 0.25 degree,geopotential_height,geopotential_height,geopotential_height 500,500,24,D1,1.3
nested_global_vs_gfs_regions,Nested-EAGLE-Global (AI),GFS,southern_hemisphere,global 0.25 degree,geopotential_height,geopotential_height,geopotential_height 500,500,48,D2,1.159
nested_global_vs_gfs_regions,Nested-EAGLE-Global (AI),GFS,southern_hemisphere,global 0.25 degree,geopotential_height,geopotential_height,geopotential_height 500,500,72,D3,3.044
nested_global_vs_gfs_regions,Nested-EAGLE-Global (AI),GFS,southern_hemisphere,global 0.25 degree,geopotential_height,geopotential_height,geopotential_height 500,500,96,D4,3.452
nested_global_vs_gfs_regions,Nested-EAGLE-Global (AI),GFS,southern_hemisphere,global 0.25 degree,geopotential_height,geopotential_height,geopotential_height 500,500,120,D5,4.288
nested_global_vs_gfs_regions,Nested-EAGLE-Global (AI),GFS,southern_hemisphere,global 0.25 degree,geopotential_height,geopotential_height,geopotential_height 500,500,144,D6,1.312
nested_global_vs_gfs_regions,Nested-EAGLE-Global (AI),GFS,southern_hemisphere,global 0.25 degree,geopotential_height,geopotential_height,geopotential_height 500,500,168,D7,0.932
nested_global_vs_gfs_regions,Nested-EAGLE-Global (AI),GFS,southern_hemisphere,global 0.25 degree,geopotential_height,geopotential_height,geopotential_height 500,500,192,D8,1.685
nested_global_vs_gfs_regions,Nested-EAGLE-Global (AI),GFS,southern_hemisphere,global 0.25 degree,geopotential_height,geopotential_height,geopotential_height 500,500,216,D9,1.371
nested_global_vs_gfs_regions,Nested-EAGLE-Global (AI),GFS,southern_hemisphere,global 0.25 degree,geopotential_height,geopotential_height,geopotential_height 500,500,240,D10,1.14
nested_global_vs_gfs_regions,Nested-EAGLE-Global (AI),GFS,southern_hemisphere,global 0.25 degree,geopotential_height,geopotential_height,geopotential_height 850,850,24,D1,4.172
nested_global_vs_gfs_regions,Nested-EAGLE-Global (AI),GFS,southern_hemisphere,global 0.25 degree,geopotential_height,geopotential_height,geopotential_height 850,850,48,D2,7.283
nested_global_vs_gfs_regions,Nested-EAGLE-Global (AI),GFS,southern_hemisphere,global 0.25 degree,geopotential_height,geopotential_height,geopotential_height 850,850,72,D3,8.777
nested_global_vs_gfs_regions,Nested-EAGLE-Global (AI),GFS,southern_hemisphere,global 0.25 degree,geopotential_height,geopotential_height,geopotential_height 850,850,96,D4,7.55
nested_global_vs_gfs_regions,Nested-EAGLE-Global (AI),GFS,southern_hemisphere,global 0.25 degree,geopotential_height,geopotential_height,geopotential_height 850,850,120,D5,6.263
nested_global_vs_gfs_regions,Nested-EAGLE-Global (AI),GFS,southern_hemisphere,global 0.25 degree,geopotential_height,geopotential_height,geopotential_height 850,850,144,D6,3.004
nested_global_vs_gfs_regions,Nested-EAGLE-Global (AI),GFS,southern_hemisphere,global 0.25 degree,geopotential_height,geopotential_height,geopotential_height 850,850,168,D7,0.216
nested_global_vs_gfs_regions,Nested-EAGLE-Global (AI),GFS,southern_hemisphere,global 0.25 degree,geopotential_height,geopotential_height,geopotential_height 850,850,192,D8,0.736
nested_global_vs_gfs_regions,Nested-EAGLE-Global (AI),GFS,southern_hemisphere,global 0.25 degree,geopotential_height,geopotential_height,geopotential_height 850,850,216,D9,2.047
nested_global_vs_gfs_regions,Nested-EAGLE-Global (AI),GFS,southern_hemisphere,global 0.25 degree,geopotential_height,geopotential_height,geopotential_height 850,850,240,D10,2.368
nested_global_vs_gfs_regions,Nested-EAGLE-Global (AI),GFS,southern_hemisphere,global 0.25 degree,zonal_wind,zonal_wind,zonal_wind 250,250,24,D1,11.335
nested_global_vs_gfs_regions,Nested-EAGLE-Global (AI),GFS,southern_hemisphere,global 0.25 degree,zonal_wind,zonal_wind,zonal_wind 250,250,48,D2,11.157
nested_global_vs_gfs_regions,Nested-EAGLE-Global (AI),GFS,southern_hemisphere,global 0.25 degree,zonal_wind,zonal_wind,zonal_wind 250,250,72,D3,10.475
nested_global_vs_gfs_regions,Nested-EAGLE-Global (AI),GFS,southern_hemisphere,global 0.25 degree,zonal_wind,zonal_wind,zonal_wind 250,250,96,D4,9.926
nested_global_vs_gfs_regions,Nested-EAGLE-Global (AI),GFS,southern_hemisphere,global 0.25 degree,zonal_wind,zonal_wind,zonal_wind 250,250,120,D5,6.554
nested_global_vs_gfs_regions,Nested-EAGLE-Global (AI),GFS,southern_hemisphere,global 0.25 degree,zonal_wind,zonal_wind,zonal_wind 250,250,144,D6,5.196
nested_global_vs_gfs_regions,Nested-EAGLE-Global (AI),GFS,southern_hemisphere,global 0.25 degree,zonal_wind,zonal_wind,zonal_wind 250,250,168,D7,6.75
nested_global_vs_gfs_regions,Nested-EAGLE-Global (AI),GFS,southern_hemisphere,global 0.25 degree,zonal_wind,zonal_wind,zonal_wind 250,250,192,D8,1.807
nested_global_vs_gfs_regions,Nested-EAGLE-Global (AI),GFS,southern_hemisphere,global 0.25 degree,zonal_wind,zonal_wind,zonal_wind 250,250,216,D9,3.074
nested_global_vs_gfs_regions,Nested-EAGLE-Global (AI),GFS,southern_hemisphere,global 0.25 degree,zonal_wind,zonal_wind,zonal_wind 250,250,240,D10,-0.01
nested_global_vs_gfs_regions,Nested-EAGLE-Global (AI),GFS,southern_hemisphere,global 0.25 degree,zonal_wind,zonal_wind,zonal_wind 500,500,24,D1,3.704
nested_global_vs_gfs_regions,Nested-EAGLE-Global (AI),GFS,southern_hemisphere,global 0.25 degree,zonal_wind,zonal_wind,zonal_wind 500,500,48,D2,7.297
nested_global_vs_gfs_regions,Nested-EAGLE-Global (AI),GFS,southern_hemisphere,global 0.25 degree,zonal_wind,zonal_wind,zonal_wind 500,500,72,D3,8.327
nested_global_vs_gfs_regions,Nested-EAGLE-Global (AI),GFS,southern_hemisphere,global 0.25 degree,zonal_wind,zonal_wind,zonal_wind 500,500,96,D4,7.318
nested_global_vs_gfs_regions,Nested-EAGLE-Global (AI),GFS,southern_hemisphere,global 0.25 degree,zonal_wind,zonal_wind,zonal_wind 500,500,120,D5,7.886
nested_global_vs_gfs_regions,Nested-EAGLE-Global (AI),GFS,southern_hemisphere,global 0.25 degree,zonal_wind,zonal_wind,zonal_wind 500,500,144,D6,4.17
nested_global_vs_gfs_regions,Nested-EAGLE-Global (AI),GFS,southern_hemisphere,global 0.25 degree,zonal_wind,zonal_wind,zonal_wind 500,500,168,D7,7.391
nested_global_vs_gfs_regions,Nested-EAGLE-Global (AI),GFS,southern_hemisphere,global 0.25 degree,zonal_wind,zonal_wind,zonal_wind 500,500,192,D8,3.659
nested_global_vs_gfs_regions,Nested-EAGLE-Global (AI),GFS,southern_hemisphere,global 0.25 degree,zonal_wind,zonal_wind,zonal_wind 500,500,216,D9,4.657
nested_global_vs_gfs_regions,Nested-EAGLE-Global (AI),GFS,southern_hemisphere,global 0.25 degree,zonal_wind,zonal_wind,zonal_wind 500,500,240,D10,0.321
nested_global_vs_gfs_regions,Nested-EAGLE-Global (AI),GFS,southern_hemisphere,global 0.25 degree,zonal_wind,zonal_wind,zonal_wind 850,850,24,D1,8.573
nested_global_vs_gfs_regions,Nested-EAGLE-Global (AI),GFS,southern_hemisphere,global 0.25 degree,zonal_wind,zonal_wind,zonal_wind 850,850,48,D2,10.1
nested_global_vs_gfs_regions,Nested-EAGLE-Global (AI),GFS,southern_hemisphere,global 0.25 degree,zonal_wind,zonal_wind,zonal_wind 850,850,72,D3,10.055
nested_global_vs_gfs_regions,Nested-EAGLE-Global (AI),GFS,southern_hemisphere,global 0.25 degree,zonal_wind,zonal_wind,zonal_wind 850,850,96,D4,11.288
nested_global_vs_gfs_regions,Nested-EAGLE-Global (AI),GFS,southern_hemisphere,global 0.25 degree,zonal_wind,zonal_wind,zonal_wind 850,850,120,D5,8.304
nested_global_vs_gfs_regions,Nested-EAGLE-Global (AI),GFS,southern_hemisphere,global 0.25 degree,zonal_wind,zonal_wind,zonal_wind 850,850,144,D6,6.553
nested_global_vs_gfs_regions,Nested-EAGLE-Global (AI),GFS,southern_hemisphere,global 0.25 degree,zonal_wind,zonal_wind,zonal_wind 850,850,168,D7,6.539
nested_global_vs_gfs_regions,Nested-EAGLE-Global (AI),GFS,southern_hemisphere,global 0.25 degree,zonal_wind,zonal_wind,zonal_wind 850,850,192,D8,4.314
nested_global_vs_gfs_regions,Nested-EAGLE-Global (AI),GFS,southern_hemisphere,global 0.25 degree,zonal_wind,zonal_wind,zonal_wind 850,850,216,D9,6.401
nested_global_vs_gfs_regions,Nested-EAGLE-Global (AI),GFS,southern_hemisphere,global 0.25 degree,zonal_wind,zonal_wind,zonal_wind 850,850,240,D10,3.995
nested_global_vs_gfs_regions,Nested-EAGLE-Global (AI),GFS,southern_hemisphere,global 0.25 degree,meridional_wind,meridional_wind,meridional_wind 250,250,24,D1,8.162
nested_global_vs_gfs_regions,Nested-EAGLE-Global (AI),GFS,southern_hemisphere,global 0.25 degree,meridional_wind,meridional_wind,meridional_wind 250,250,48,D2,10.452
nested_global_vs_gfs_regions,Nested-EAGLE-Global (AI),GFS,southern_hemisphere,global 0.25 degree,meridional_wind,meridional_wind,meridional_wind 250,250,72,D3,7.574
nested_global_vs_gfs_regions,Nested-EAGLE-Global (AI),GFS,southern_hemisphere,global 0.25 degree,meridional_wind,meridional_wind,meridional_wind 250,250,96,D4,10.191
nested_global_vs_gfs_regions,Nested-EAGLE-Global (AI),GFS,southern_hemisphere,global 0.25 degree,meridional_wind,meridional_wind,meridional_wind 250,250,120,D5,7.677
nested_global_vs_gfs_regions,Nested-EAGLE-Global (AI),GFS,southern_hemisphere,global 0.25 degree,meridional_wind,meridional_wind,meridional_wind 250,250,144,D6,5.852
nested_global_vs_gfs_regions,Nested-EAGLE-Global (AI),GFS,southern_hemisphere,global 0.25 degree,meridional_wind,meridional_wind,meridional_wind 250,250,168,D7,6.536
nested_global_vs_gfs_regions,Nested-EAGLE-Global (AI),GFS,southern_hemisphere,global 0.25 degree,meridional_wind,meridional_wind,meridional_wind 250,250,192,D8,4.024
nested_global_vs_gfs_regions,Nested-EAGLE-Global (AI),GFS,southern_hemisphere,global 0.25 degree,meridional_wind,meridional_wind,meridional_wind 250,250,216,D9,4.553
nested_global_vs_gfs_regions,Nested-EAGLE-Global (AI),GFS,southern_hemisphere,global 0.25 degree,meridional_wind,meridional_wind,meridional_wind 250,250,240,D10,4.973
nested_global_vs_gfs_regions,Nested-EAGLE-Global (AI),GFS,southern_hemisphere,global 0.25 degree,meridional_wind,meridional_wind,meridional_wind 500,500,24,D1,4.183
nested_global_vs_gfs_regions,Nested-EAGLE-Global (AI),GFS,southern_hemisphere,global 0.25 degree,meridional_wind,meridional_wind,meridional_wind 500,500,48,D2,8.711
nested_global_vs_gfs_regions,Nested-EAGLE-Global (AI),GFS,southern_hemisphere,global 0.25 degree,meridional_wind,meridional_wind,meridional_wind 500,500,72,D3,9.92
nested_global_vs_gfs_regions,Nested-EAGLE-Global (AI),GFS,southern_hemisphere,global 0.25 degree,meridional_wind,meridional_wind,meridional_wind 500,500,96,D4,11.961
nested_global_vs_gfs_regions,Nested-EAGLE-Global (AI),GFS,southern_hemisphere,global 0.25 degree,meridional_wind,meridional_wind,meridional_wind 500,500,120,D5,7.085
nested_global_vs_gfs_regions,Nested-EAGLE-Global (AI),GFS,southern_hemisphere,global 0.25 degree,meridional_wind,meridional_wind,meridional_wind 500,500,144,D6,4.641
nested_global_vs_gfs_regions,Nested-EAGLE-Global (AI),GFS,southern_hemisphere,global 0.25 degree,meridional_wind,meridional_wind,meridional_wind 500,500,168,D7,5.813
nested_global_vs_gfs_regions,Nested-EAGLE-Global (AI),GFS,southern_hemisphere,global 0.25 degree,meridional_wind,meridional_wind,meridional_wind 500,500,192,D8,4.4
nested_global_vs_gfs_regions,Nested-EAGLE-Global (AI),GFS,southern_hemisphere,global 0.25 degree,meridional_wind,meridional_wind,meridional_wind 500,500,216,D9,5.572
nested_global_vs_gfs_regions,Nested-EAGLE-Global (AI),GFS,southern_hemisphere,global 0.25 degree,meridional_wind,meridional_wind,meridional_wind 500,500,240,D10,5.812
nested_global_vs_gfs_regions,Nested-EAGLE-Global (AI),GFS,southern_hemisphere,global 0.25 degree,meridional_wind,meridional_wind,meridional_wind 850,850,24,D1,2.644
nested_global_vs_gfs_regions,Nested-EAGLE-Global (AI),GFS,southern_hemisphere,global 0.25 degree,meridional_wind,meridional_wind,meridional_wind 850,850,48,D2,6.611
nested_global_vs_gfs_regions,Nested-EAGLE-Global (AI),GFS,southern_hemisphere,global 0.25 degree,meridional_wind,meridional_wind,meridional_wind 850,850,72,D3,7.834
nested_global_vs_gfs_regions,Nested-EAGLE-Global (AI),GFS,southern_hemisphere,global 0.25 degree,meridional_wind,meridional_wind,meridional_wind 850,850,96,D4,7.57
nested_global_vs_gfs_regions,Nested-EAGLE-Global (AI),GFS,southern_hemisphere,global 0.25 degree,meridional_wind,meridional_wind,meridional_wind 850,850,120,D5,7.144
nested_global_vs_gfs_regions,Nested-EAGLE-Global (AI),GFS,southern_hemisphere,global 0.25 degree,meridional_wind,meridional_wind,meridional_wind 850,850,144,D6,6.527
nested_global_vs_gfs_regions,Nested-EAGLE-Global (AI),GFS,southern_hemisphere,global 0.25 degree,meridional_wind,meridional_wind,meridional_wind 850,850,168,D7,6.571
nested_global_vs_gfs_regions,Nested-EAGLE-Global (AI),GFS,southern_hemisphere,global 0.25 degree,meridional_wind,meridional_wind,meridional_wind 850,850,192,D8,3.177
nested_global_vs_gfs_regions,Nested-EAGLE-Global (AI),GFS,southern_hemisphere,global 0.25 degree,meridional_wind,meridional_wind,meridional_wind 850,850,216,D9,5.949
nested_global_vs_gfs_regions,Nested-EAGLE-Global (AI),GFS,southern_hemisphere,global 0.25 degree,meridional_wind,meridional_wind,meridional_wind 850,850,240,D10,3.935
nested_global_vs_gfs_regions,Nested-EAGLE-Global (AI),GFS,southern_hemisphere,global 0.25 degree,temperature,temperature,temperature 250,250,24,D1,8.902
nested_global_vs_gfs_regions,Nested-EAGLE-Global (AI),GFS,southern_hemisphere,global 0.25 degree,temperature,temperature,temperature 250,250,48,D2,8.284
nested_global_vs_gfs_regions,Nested-EAGLE-Global (AI),GFS,southern_hemisphere,global 0.25 degree,temperature,temperature,temperature 250,250,72,D3,8.264
nested_global_vs_gfs_regions,Nested-EAGLE-Global (AI),GFS,southern_hemisphere,global 0.25 degree,temperature,temperature,temperature 250,250,96,D4,11.657
nested_global_vs_gfs_regions,Nested-EAGLE-Global (AI),GFS,southern_hemisphere,global 0.25 degree,temperature,temperature,temperature 250,250,120,D5,8.31
nested_global_vs_gfs_regions,Nested-EAGLE-Global (AI),GFS,southern_hemisphere,global 0.25 degree,temperature,temperature,temperature 250,250,144,D6,5.327
nested_global_vs_gfs_regions,Nested-EAGLE-Global (AI),GFS,southern_hemisphere,global 0.25 degree,temperature,temperature,temperature 250,250,168,D7,3.786
nested_global_vs_gfs_regions,Nested-EAGLE-Global (AI),GFS,southern_hemisphere,global 0.25 degree,temperature,temperature,temperature 250,250,192,D8,2.596
nested_global_vs_gfs_regions,Nested-EAGLE-Global (AI),GFS,southern_hemisphere,global 0.25 degree,temperature,temperature,temperature 250,250,216,D9,2.344
nested_global_vs_gfs_regions,Nested-EAGLE-Global (AI),GFS,southern_hemisphere,global 0.25 degree,temperature,temperature,temperature 250,250,240,D10,3.277
nested_global_vs_gfs_regions,Nested-EAGLE-Global (AI),GFS,southern_hemisphere,global 0.25 degree,temperature,temperature,temperature 500,500,24,D1,2.746
nested_global_vs_gfs_regions,Nested-EAGLE-Global (AI),GFS,southern_hemisphere,global 0.25 degree,temperature,temperature,temperature 500,500,48,D2,5.186
nested_global_vs_gfs_regions,Nested-EAGLE-Global (AI),GFS,southern_hemisphere,global 0.25 degree,temperature,temperature,temperature 500,500,72,D3,6.453
nested_global_vs_gfs_regions,Nested-EAGLE-Global (AI),GFS,southern_hemisphere,global 0.25 degree,temperature,temperature,temperature 500,500,96,D4,7.182
nested_global_vs_gfs_regions,Nested-EAGLE-Global (AI),GFS,southern_hemisphere,global 0.25 degree,temperature,temperature,temperature 500,500,120,D5,5.063
nested_global_vs_gfs_regions,Nested-EAGLE-Global (AI),GFS,southern_hemisphere,global 0.25 degree,temperature,temperature,temperature 500,500,144,D6,5.899
nested_global_vs_gfs_regions,Nested-EAGLE-Global (AI),GFS,southern_hemisphere,global 0.25 degree,temperature,temperature,temperature 500,500,168,D7,4.095
nested_global_vs_gfs_regions,Nested-EAGLE-Global (AI),GFS,southern_hemisphere,global 0.25 degree,temperature,temperature,temperature 500,500,192,D8,4.005
nested_global_vs_gfs_regions,Nested-EAGLE-Global (AI),GFS,southern_hemisphere,global 0.25 degree,temperature,temperature,temperature 500,500,216,D9,2.044
nested_global_vs_gfs_regions,Nested-EAGLE-Global (AI),GFS,southern_hemisphere,global 0.25 degree,temperature,temperature,temperature 500,500,240,D10,1.414
nested_global_vs_gfs_regions,Nested-EAGLE-Global (AI),GFS,southern_hemisphere,global 0.25 degree,temperature,temperature,temperature 850,850,24,D1,5.504
nested_global_vs_gfs_regions,Nested-EAGLE-Global (AI),GFS,southern_hemisphere,global 0.25 degree,temperature,temperature,temperature 850,850,48,D2,6.684
nested_global_vs_gfs_regions,Nested-EAGLE-Global (AI),GFS,southern_hemisphere,global 0.25 degree,temperature,temperature,temperature 850,850,72,D3,9.042
nested_global_vs_gfs_regions,Nested-EAGLE-Global (AI),GFS,southern_hemisphere,global 0.25 degree,temperature,temperature,temperature 850,850,96,D4,8.929
nested_global_vs_gfs_regions,Nested-EAGLE-Global (AI),GFS,southern_hemisphere,global 0.25 degree,temperature,temperature,temperature 850,850,120,D5,8.624
nested_global_vs_gfs_regions,Nested-EAGLE-Global (AI),GFS,southern_hemisphere,global 0.25 degree,temperature,temperature,temperature 850,850,144,D6,6.535
nested_global_vs_gfs_regions,Nested-EAGLE-Global (AI),GFS,southern_hemisphere,global 0.25 degree,temperature,temperature,temperature 850,850,168,D7,5.952
nested_global_vs_gfs_regions,Nested-EAGLE-Global (AI),GFS,southern_hemisphere,global 0.25 degree,temperature,temperature,temperature 850,850,192,D8,4.088
nested_global_vs_gfs_regions,Nested-EAGLE-Global (AI),GFS,southern_hemisphere,global 0.25 degree,temperature,temperature,temperature 850,850,216,D9,3.669
nested_global_vs_gfs_regions,Nested-EAGLE-Global (AI),GFS,southern_hemisphere,global 0.25 degree,temperature,temperature,temperature 850,850,240,D10,3.235
nested_global_vs_gfs_regions,Nested-EAGLE-Global (AI),GFS,southern_hemisphere,global 0.25 degree,specific_humidity,specific_humidity,specific_humidity 250,250,24,D1,9.002
nested_global_vs_gfs_regions,Nested-EAGLE-Global (AI),GFS,southern_hemisphere,global 0.25 degree,specific_humidity,specific_humidity,specific_humidity 250,250,48,D2,13.038
nested_global_vs_gfs_regions,Nested-EAGLE-Global (AI),GFS,southern_hemisphere,global 0.25 degree,specific_humidity,specific_humidity,specific_humidity 250,250,72,D3,16.979
nested_global_vs_gfs_regions,Nested-EAGLE-Global (AI),GFS,southern_hemisphere,global 0.25 degree,specific_humidity,specific_humidity,specific_humidity 250,250,96,D4,16.135
nested_global_vs_gfs_regions,Nested-EAGLE-Global (AI),GFS,southern_hemisphere,global 0.25 degree,specific_humidity,specific_humidity,specific_humidity 250,250,120,D5,16.704
nested_global_vs_gfs_regions,Nested-EAGLE-Global (AI),GFS,southern_hemisphere,global 0.25 degree,specific_humidity,specific_humidity,specific_humidity 250,250,144,D6,10.765
nested_global_vs_gfs_regions,Nested-EAGLE-Global (AI),GFS,southern_hemisphere,global 0.25 degree,specific_humidity,specific_humidity,specific_humidity 250,250,168,D7,11.263
nested_global_vs_gfs_regions,Nested-EAGLE-Global (AI),GFS,southern_hemisphere,global 0.25 degree,specific_humidity,specific_humidity,specific_humidity 250,250,192,D8,9.581
nested_global_vs_gfs_regions,Nested-EAGLE-Global (AI),GFS,southern_hemisphere,global 0.25 degree,specific_humidity,specific_humidity,specific_humidity 250,250,216,D9,7.721
nested_global_vs_gfs_regions,Nested-EAGLE-Global (AI),GFS,southern_hemisphere,global 0.25 degree,specific_humidity,specific_humidity,specific_humidity 250,250,240,D10,11.326
nested_global_vs_gfs_regions,Nested-EAGLE-Global (AI),GFS,southern_hemisphere,global 0.25 degree,specific_humidity,specific_humidity,specific_humidity 500,500,24,D1,10.692
nested_global_vs_gfs_regions,Nested-EAGLE-Global (AI),GFS,southern_hemisphere,global 0.25 degree,specific_humidity,specific_humidity,specific_humidity 500,500,48,D2,15.463
nested_global_vs_gfs_regions,Nested-EAGLE-Global (AI),GFS,southern_hemisphere,global 0.25 degree,specific_humidity,specific_humidity,specific_humidity 500,500,72,D3,17.881
nested_global_vs_gfs_regions,Nested-EAGLE-Global (AI),GFS,southern_hemisphere,global 0.25 degree,specific_humidity,specific_humidity,specific_humidity 500,500,96,D4,16.554
nested_global_vs_gfs_regions,Nested-EAGLE-Global (AI),GFS,southern_hemisphere,global 0.25 degree,specific_humidity,specific_humidity,specific_humidity 500,500,120,D5,17.124
nested_global_vs_gfs_regions,Nested-EAGLE-Global (AI),GFS,southern_hemisphere,global 0.25 degree,specific_humidity,specific_humidity,specific_humidity 500,500,144,D6,16.353
nested_global_vs_gfs_regions,Nested-EAGLE-Global (AI),GFS,southern_hemisphere,global 0.25 degree,specific_humidity,specific_humidity,specific_humidity 500,500,168,D7,11.868
nested_global_vs_gfs_regions,Nested-EAGLE-Global (AI),GFS,southern_hemisphere,global 0.25 degree,specific_humidity,specific_humidity,specific_humidity 500,500,192,D8,12.328
nested_global_vs_gfs_regions,Nested-EAGLE-Global (AI),GFS,southern_hemisphere,global 0.25 degree,specific_humidity,specific_humidity,specific_humidity 500,500,216,D9,8.767
nested_global_vs_gfs_regions,Nested-EAGLE-Global (AI),GFS,southern_hemisphere,global 0.25 degree,specific_humidity,specific_humidity,specific_humidity 500,500,240,D10,12.463
nested_global_vs_gfs_regions,Nested-EAGLE-Global (AI),GFS,southern_hemisphere,global 0.25 degree,specific_humidity,specific_humidity,specific_humidity 850,850,24,D1,7.107
nested_global_vs_gfs_regions,Nested-EAGLE-Global (AI),GFS,southern_hemisphere,global 0.25 degree,specific_humidity,specific_humidity,specific_humidity 850,850,48,D2,8.865
nested_global_vs_gfs_regions,Nested-EAGLE-Global (AI),GFS,southern_hemisphere,global 0.25 degree,specific_humidity,specific_humidity,specific_humidity 850,850,72,D3,11.107
nested_global_vs_gfs_regions,Nested-EAGLE-Global (AI),GFS,southern_hemisphere,global 0.25 degree,specific_humidity,specific_humidity,specific_humidity 850,850,96,D4,9.496
nested_global_vs_gfs_regions,Nested-EAGLE-Global (AI),GFS,southern_hemisphere,global 0.25 degree,specific_humidity,specific_humidity,specific_humidity 850,850,120,D5,7.994
nested_global_vs_gfs_regions,Nested-EAGLE-Global (AI),GFS,southern_hemisphere,global 0.25 degree,specific_humidity,specific_humidity,specific_humidity 850,850,144,D6,7.505
nested_global_vs_gfs_regions,Nested-EAGLE-Global (AI),GFS,southern_hemisphere,global 0.25 degree,specific_humidity,specific_humidity,specific_humidity 850,850,168,D7,5.578
nested_global_vs_gfs_regions,Nested-EAGLE-Global (AI),GFS,southern_hemisphere,global 0.25 degree,specific_humidity,specific_humidity,specific_humidity 850,850,192,D8,5.793
nested_global_vs_gfs_regions,Nested-EAGLE-Global (AI),GFS,southern_hemisphere,global 0.25 degree,specific_humidity,specific_humidity,specific_humidity 850,850,216,D9,2.886
nested_global_vs_gfs_regions,Nested-EAGLE-Global (AI),GFS,southern_hemisphere,global 0.25 degree,specific_humidity,specific_humidity,specific_humidity 850,850,240,D10,5.277
nested_global_vs_gfs_regions,Nested-EAGLE-Global (AI),GFS,southern_hemisphere,global 0.25 degree,wind_speed,wind_speed,wind_speed 250,250,24,D1,8.412
nested_global_vs_gfs_regions,Nested-EAGLE-Global (AI),GFS,southern_hemisphere,global 0.25 degree,wind_speed,wind_speed,wind_speed 250,250,48,D2,11.972
nested_global_vs_gfs_regions,Nested-EAGLE-Global (AI),GFS,southern_hemisphere,global 0.25 degree,wind_speed,wind_speed,wind_speed 250,250,72,D3,10.341
nested_global_vs_gfs_regions,Nested-EAGLE-Global (AI),GFS,southern_hemisphere,global 0.25 degree,wind_speed,wind_speed,wind_speed 250,250,96,D4,10.139
nested_global_vs_gfs_regions,Nested-EAGLE-Global (AI),GFS,southern_hemisphere,global 0.25 degree,wind_speed,wind_speed,wind_speed 250,250,120,D5,6.778
nested_global_vs_gfs_regions,Nested-EAGLE-Global (AI),GFS,southern_hemisphere,global 0.25 degree,wind_speed,wind_speed,wind_speed 250,250,144,D6,5.982
nested_global_vs_gfs_regions,Nested-EAGLE-Global (AI),GFS,southern_hemisphere,global 0.25 degree,wind_speed,wind_speed,wind_speed 250,250,168,D7,5.138
nested_global_vs_gfs_regions,Nested-EAGLE-Global (AI),GFS,southern_hemisphere,global 0.25 degree,wind_speed,wind_speed,wind_speed 250,250,192,D8,1.549
nested_global_vs_gfs_regions,Nested-EAGLE-Global (AI),GFS,southern_hemisphere,global 0.25 degree,wind_speed,wind_speed,wind_speed 250,250,216,D9,1.306
nested_global_vs_gfs_regions,Nested-EAGLE-Global (AI),GFS,southern_hemisphere,global 0.25 degree,wind_speed,wind_speed,wind_speed 250,250,240,D10,-0.783
nested_global_vs_gfs_regions,Nested-EAGLE-Global (AI),GFS,southern_hemisphere,global 0.25 degree,wind_speed,wind_speed,wind_speed 500,500,24,D1,2.403
nested_global_vs_gfs_regions,Nested-EAGLE-Global (AI),GFS,southern_hemisphere,global 0.25 degree,wind_speed,wind_speed,wind_speed 500,500,48,D2,5.712
nested_global_vs_gfs_regions,Nested-EAGLE-Global (AI),GFS,southern_hemisphere,global 0.25 degree,wind_speed,wind_speed,wind_speed 500,500,72,D3,5.814
nested_global_vs_gfs_regions,Nested-EAGLE-Global (AI),GFS,southern_hemisphere,global 0.25 degree,wind_speed,wind_speed,wind_speed 500,500,96,D4,6.925
nested_global_vs_gfs_regions,Nested-EAGLE-Global (AI),GFS,southern_hemisphere,global 0.25 degree,wind_speed,wind_speed,wind_speed 500,500,120,D5,7.746
nested_global_vs_gfs_regions,Nested-EAGLE-Global (AI),GFS,southern_hemisphere,global 0.25 degree,wind_speed,wind_speed,wind_speed 500,500,144,D6,2.932
nested_global_vs_gfs_regions,Nested-EAGLE-Global (AI),GFS,southern_hemisphere,global 0.25 degree,wind_speed,wind_speed,wind_speed 500,500,168,D7,4.441
nested_global_vs_gfs_regions,Nested-EAGLE-Global (AI),GFS,southern_hemisphere,global 0.25 degree,wind_speed,wind_speed,wind_speed 500,500,192,D8,2.851
nested_global_vs_gfs_regions,Nested-EAGLE-Global (AI),GFS,southern_hemisphere,global 0.25 degree,wind_speed,wind_speed,wind_speed 500,500,216,D9,2.642
nested_global_vs_gfs_regions,Nested-EAGLE-Global (AI),GFS,southern_hemisphere,global 0.25 degree,wind_speed,wind_speed,wind_speed 500,500,240,D10,0.586
nested_global_vs_gfs_regions,Nested-EAGLE-Global (AI),GFS,southern_hemisphere,global 0.25 degree,wind_speed,wind_speed,wind_speed 850,850,24,D1,1.953
nested_global_vs_gfs_regions,Nested-EAGLE-Global (AI),GFS,southern_hemisphere,global 0.25 degree,wind_speed,wind_speed,wind_speed 850,850,48,D2,4.102
nested_global_vs_gfs_regions,Nested-EAGLE-Global (AI),GFS,southern_hemisphere,global 0.25 degree,wind_speed,wind_speed,wind_speed 850,850,72,D3,4.185
nested_global_vs_gfs_regions,Nested-EAGLE-Global (AI),GFS,southern_hemisphere,global 0.25 degree,wind_speed,wind_speed,wind_speed 850,850,96,D4,6.39
nested_global_vs_gfs_regions,Nested-EAGLE-Global (AI),GFS,southern_hemisphere,global 0.25 degree,wind_speed,wind_speed,wind_speed 850,850,120,D5,5.279
nested_global_vs_gfs_regions,Nested-EAGLE-Global (AI),GFS,southern_hemisphere,global 0.25 degree,wind_speed,wind_speed,wind_speed 850,850,144,D6,4.197
nested_global_vs_gfs_regions,Nested-EAGLE-Global (AI),GFS,southern_hemisphere,global 0.25 degree,wind_speed,wind_speed,wind_speed 850,850,168,D7,3.717
nested_global_vs_gfs_regions,Nested-EAGLE-Global (AI),GFS,southern_hemisphere,global 0.25 degree,wind_speed,wind_speed,wind_speed 850,850,192,D8,1.134
nested_global_vs_gfs_regions,Nested-EAGLE-Global (AI),GFS,southern_hemisphere,global 0.25 degree,wind_speed,wind_speed,wind_speed 850,850,216,D9,2.205
nested_global_vs_gfs_regions,Nested-EAGLE-Global (AI),GFS,southern_hemisphere,global 0.25 degree,wind_speed,wind_speed,wind_speed 850,850,240,D10,0.929
nested_global_vs_gfs_regions,Nested-EAGLE-Global (AI),GFS,southern_hemisphere,global 0.25 degree,surface,surface_pressure,surface_pressure,,24,D1,0.001
nested_global_vs_gfs_regions,Nested-EAGLE-Global (AI),GFS,southern_hemisphere,global 0.25 degree,surface,surface_pressure,surface_pressure,,48,D2,-0.014
nested_global_vs_gfs_regions,Nested-EAGLE-Global (AI),GFS,southern_hemisphere,global 0.25 degree,surface,surface_pressure,surface_pressure,,72,D3,-0.046
nested_global_vs_gfs_regions,Nested-EAGLE-Global (AI),GFS,southern_hemisphere,global 0.25 degree,surface,surface_pressure,surface_pressure,,96,D4,-0.056
nested_global_vs_gfs_regions,Nested-EAGLE-Global (AI),GFS,southern_hemisphere,global 0.25 degree,surface,surface_pressure,surface_pressure,,120,D5,-0.033
nested_global_vs_gfs_regions,Nested-EAGLE-Global (AI),GFS,southern_hemisphere,global 0.25 degree,surface,surface_pressure,surface_pressure,,144,D6,-0.033
nested_global_vs_gfs_regions,Nested-EAGLE-Global (AI),GFS,southern_hemisphere,global 0.25 degree,surface,surface_pressure,surface_pressure,,168,D7,-0.088
nested_global_vs_gfs_regions,Nested-EAGLE-Global (AI),GFS,southern_hemisphere,global 0.25 degree,surface,surface_pressure,surface_pressure,,192,D8,-0.138
nested_global_vs_gfs_regions,Nested-EAGLE-Global (AI),GFS,southern_hemisphere,global 0.25 degree,surface,surface_pressure,surface_pressure,,216,D9,-0.13
nested_global_vs_gfs_regions,Nested-EAGLE-Global (AI),GFS,southern_hemisphere,global 0.25 degree,surface,surface_pressure,surface_pressure,,240,D10,-0.018
nested_global_vs_gfs_regions,Nested-EAGLE-Global (AI),GFS,southern_hemisphere,global 0.25 degree,surface,10m_zonal_wind,10m_zonal_wind,,24,D1,1.374
nested_global_vs_gfs_regions,Nested-EAGLE-Global (AI),GFS,southern_hemisphere,global 0.25 degree,surface,10m_zonal_wind,10m_zonal_wind,,48,D2,2.131
nested_global_vs_gfs_regions,Nested-EAGLE-Global (AI),GFS,southern_hemisphere,global 0.25 degree,surface,10m_zonal_wind,10m_zonal_wind,,72,D3,2.269
nested_global_vs_gfs_regions,Nested-EAGLE-Global (AI),GFS,southern_hemisphere,global 0.25 degree,surface,10m_zonal_wind,10m_zonal_wind,,96,D4,2.836
nested_global_vs_gfs_regions,Nested-EAGLE-Global (AI),GFS,southern_hemisphere,global 0.25 degree,surface,10m_zonal_wind,10m_zonal_wind,,120,D5,3.198
nested_global_vs_gfs_regions,Nested-EAGLE-Global (AI),GFS,southern_hemisphere,global 0.25 degree,surface,10m_zonal_wind,10m_zonal_wind,,144,D6,2.744
nested_global_vs_gfs_regions,Nested-EAGLE-Global (AI),GFS,southern_hemisphere,global 0.25 degree,surface,10m_zonal_wind,10m_zonal_wind,,168,D7,3.399
nested_global_vs_gfs_regions,Nested-EAGLE-Global (AI),GFS,southern_hemisphere,global 0.25 degree,surface,10m_zonal_wind,10m_zonal_wind,,192,D8,2.418
nested_global_vs_gfs_regions,Nested-EAGLE-Global (AI),GFS,southern_hemisphere,global 0.25 degree,surface,10m_zonal_wind,10m_zonal_wind,,216,D9,2.588
nested_global_vs_gfs_regions,Nested-EAGLE-Global (AI),GFS,southern_hemisphere,global 0.25 degree,surface,10m_zonal_wind,10m_zonal_wind,,240,D10,2.739
nested_global_vs_gfs_regions,Nested-EAGLE-Global (AI),GFS,southern_hemisphere,global 0.25 degree,surface,10m_meridional_wind,10m_meridional_wind,,24,D1,1.401
nested_global_vs_gfs_regions,Nested-EAGLE-Global (AI),GFS,southern_hemisphere,global 0.25 degree,surface,10m_meridional_wind,10m_meridional_wind,,48,D2,2.028
nested_global_vs_gfs_regions,Nested-EAGLE-Global (AI),GFS,southern_hemisphere,global 0.25 degree,surface,10m_meridional_wind,10m_meridional_wind,,72,D3,2.748
nested_global_vs_gfs_regions,Nested-EAGLE-Global (AI),GFS,southern_hemisphere,global 0.25 degree,surface,10m_meridional_wind,10m_meridional_wind,,96,D4,3.101
nested_global_vs_gfs_regions,Nested-EAGLE-Global (AI),GFS,southern_hemisphere,global 0.25 degree,surface,10m_meridional_wind,10m_meridional_wind,,120,D5,3.229
nested_global_vs_gfs_regions,Nested-EAGLE-Global (AI),GFS,southern_hemisphere,global 0.25 degree,surface,10m_meridional_wind,10m_meridional_wind,,144,D6,3.136
nested_global_vs_gfs_regions,Nested-EAGLE-Global (AI),GFS,southern_hemisphere,global 0.25 degree,surface,10m_meridional_wind,10m_meridional_wind,,168,D7,3.322
nested_global_vs_gfs_regions,Nested-EAGLE-Global (AI),GFS,southern_hemisphere,global 0.25 degree,surface,10m_meridional_wind,10m_meridional_wind,,192,D8,2.862
nested_global_vs_gfs_regions,Nested-EAGLE-Global (AI),GFS,southern_hemisphere,global 0.25 degree,surface,10m_meridional_wind,10m_meridional_wind,,216,D9,2.705
nested_global_vs_gfs_regions,Nested-EAGLE-Global (AI),GFS,southern_hemisphere,global 0.25 degree,surface,10m_meridional_wind,10m_meridional_wind,,240,D10,2.705
nested_global_vs_gfs_regions,Nested-EAGLE-Global (AI),GFS,southern_hemisphere,global 0.25 degree,surface,2m_temperature,2m_temperature,,24,D1,1.652
nested_global_vs_gfs_regions,Nested-EAGLE-Global (AI),GFS,southern_hemisphere,global 0.25 degree,surface,2m_temperature,2m_temperature,,48,D2,1.806
nested_global_vs_gfs_regions,Nested-EAGLE-Global (AI),GFS,southern_hemisphere,global 0.25 degree,surface,2m_temperature,2m_temperature,,72,D3,2.076
nested_global_vs_gfs_regions,Nested-EAGLE-Global (AI),GFS,southern_hemisphere,global 0.25 degree,surface,2m_temperature,2m_temperature,,96,D4,2.238
nested_global_vs_gfs_regions,Nested-EAGLE-Global (AI),GFS,southern_hemisphere,global 0.25 degree,surface,2m_temperature,2m_temperature,,120,D5,2.686
nested_global_vs_gfs_regions,Nested-EAGLE-Global (AI),GFS,southern_hemisphere,global 0.25 degree,surface,2m_temperature,2m_temperature,,144,D6,1.895
nested_global_vs_gfs_regions,Nested-EAGLE-Global (AI),GFS,southern_hemisphere,global 0.25 degree,surface,2m_temperature,2m_temperature,,168,D7,2.112
nested_global_vs_gfs_regions,Nested-EAGLE-Global (AI),GFS,southern_hemisphere,global 0.25 degree,surface,2m_temperature,2m_temperature,,192,D8,1.11
nested_global_vs_gfs_regions,Nested-EAGLE-Global (AI),GFS,southern_hemisphere,global 0.25 degree,surface,2m_temperature,2m_temperature,,216,D9,1.271
nested_global_vs_gfs_regions,Nested-EAGLE-Global (AI),GFS,southern_hemisphere,global 0.25 degree,surface,2m_temperature,2m_temperature,,240,D10,1.633
nested_global_vs_gfs_regions,Nested-EAGLE-Global (AI),GFS,southern_hemisphere,global 0.25 degree,surface,2m_specific_humidity,2m_specific_humidity,,24,D1,4.412
nested_global_vs_gfs_regions,Nested-EAGLE-Global (AI),GFS,southern_hemisphere,global 0.25 degree,surface,2m_specific_humidity,2m_specific_humidity,,48,D2,3.726
nested_global_vs_gfs_regions,Nested-EAGLE-Global (AI),GFS,southern_hemisphere,global 0.25 degree,surface,2m_specific_humidity,2m_specific_humidity,,72,D3,3.322
nested_global_vs_gfs_regions,Nested-EAGLE-Global (AI),GFS,southern_hemisphere,global 0.25 degree,surface,2m_specific_humidity,2m_specific_humidity,,96,D4,3.266
nested_global_vs_gfs_regions,Nested-EAGLE-Global (AI),GFS,southern_hemisphere,global 0.25 degree,surface,2m_specific_humidity,2m_specific_humidity,,120,D5,3.595
nested_global_vs_gfs_regions,Nested-EAGLE-Global (AI),GFS,southern_hemisphere,global 0.25 degree,surface,2m_specific_humidity,2m_specific_humidity,,144,D6,3.665
nested_global_vs_gfs_regions,Nested-EAGLE-Global (AI),GFS,southern_hemisphere,global 0.25 degree,surface,2m_specific_humidity,2m_specific_humidity,,168,D7,2.421
nested_global_vs_gfs_regions,Nested-EAGLE-Global (AI),GFS,southern_hemisphere,global 0.25 degree,surface,2m_specific_humidity,2m_specific_humidity,,192,D8,2.315
nested_global_vs_gfs_regions,Nested-EAGLE-Global (AI),GFS,southern_hemisphere,global 0.25 degree,surface,2m_specific_humidity,2m_specific_humidity,,216,D9,1.666
nested_global_vs_gfs_regions,Nested-EAGLE-Global (AI),GFS,southern_hemisphere,global 0.25 degree,surface,2m_specific_humidity,2m_specific_humidity,,240,D10,1.721
nested_global_vs_gfs_regions,Nested-EAGLE-Global (AI),GFS,southern_hemisphere,global 0.25 degree,surface,10m_wind_speed,10m_wind_speed,,24,D1,0.062
nested_global_vs_gfs_regions,Nested-EAGLE-Global (AI),GFS,southern_hemisphere,global 0.25 degree,surface,10m_wind_speed,10m_wind_speed,,48,D2,0.475
nested_global_vs_gfs_regions,Nested-EAGLE-Global (AI),GFS,southern_hemisphere,global 0.25 degree,surface,10m_wind_speed,10m_wind_speed,,72,D3,0.597
nested_global_vs_gfs_regions,Nested-EAGLE-Global (AI),GFS,southern_hemisphere,global 0.25 degree,surface,10m_wind_speed,10m_wind_speed,,96,D4,0.789
nested_global_vs_gfs_regions,Nested-EAGLE-Global (AI),GFS,southern_hemisphere,global 0.25 degree,surface,10m_wind_speed,10m_wind_speed,,120,D5,0.916
nested_global_vs_gfs_regions,Nested-EAGLE-Global (AI),GFS,southern_hemisphere,global 0.25 degree,surface,10m_wind_speed,10m_wind_speed,,144,D6,1.014
nested_global_vs_gfs_regions,Nested-EAGLE-Global (AI),GFS,southern_hemisphere,global 0.25 degree,surface,10m_wind_speed,10m_wind_speed,,168,D7,1.29
nested_global_vs_gfs_regions,Nested-EAGLE-Global (AI),GFS,southern_hemisphere,global 0.25 degree,surface,10m_wind_speed,10m_wind_speed,,192,D8,0.76
nested_global_vs_gfs_regions,Nested-EAGLE-Global (AI),GFS,southern_hemisphere,global 0.25 degree,surface,10m_wind_speed,10m_wind_speed,,216,D9,1.019
nested_global_vs_gfs_regions,Nested-EAGLE-Global (AI),GFS,southern_hemisphere,global 0.25 degree,surface,10m_wind_speed,10m_wind_speed,,240,D10,0.85
nested_global_vs_gfs_regions,Nested-EAGLE-Global (AI),GFS,conus,global 0.25 degree,geopotential_height,geopotential_height,geopotential_height 250,250,24,D1,0.123
nested_global_vs_gfs_regions,Nested-EAGLE-Global (AI),GFS,conus,global 0.25 degree,geopotential_height,geopotential_height,geopotential_height 250,250,48,D2,-2.336
nested_global_vs_gfs_regions,Nested-EAGLE-Global (AI),GFS,conus,global 0.25 degree,geopotential_height,geopotential_height,geopotential_height 250,250,72,D3,-2.61
nested_global_vs_gfs_regions,Nested-EAGLE-Global (AI),GFS,conus,global 0.25 degree,geopotential_height,geopotential_height,geopotential_height 250,250,96,D4,-2.071
nested_global_vs_gfs_regions,Nested-EAGLE-Global (AI),GFS,conus,global 0.25 degree,geopotential_height,geopotential_height,geopotential_height 250,250,120,D5,0.654
nested_global_vs_gfs_regions,Nested-EAGLE-Global (AI),GFS,conus,global 0.25 degree,geopotential_height,geopotential_height,geopotential_height 250,250,144,D6,2.376
nested_global_vs_gfs_regions,Nested-EAGLE-Global (AI),GFS,conus,global 0.25 degree,geopotential_height,geopotential_height,geopotential_height 250,250,168,D7,5.222
nested_global_vs_gfs_regions,Nested-EAGLE-Global (AI),GFS,conus,global 0.25 degree,geopotential_height,geopotential_height,geopotential_height 250,250,192,D8,4.515
nested_global_vs_gfs_regions,Nested-EAGLE-Global (AI),GFS,conus,global 0.25 degree,geopotential_height,geopotential_height,geopotential_height 250,250,216,D9,5.378
nested_global_vs_gfs_regions,Nested-EAGLE-Global (AI),GFS,conus,global 0.25 degree,geopotential_height,geopotential_height,geopotential_height 250,250,240,D10,5.256
nested_global_vs_gfs_regions,Nested-EAGLE-Global (AI),GFS,conus,global 0.25 degree,geopotential_height,geopotential_height,geopotential_height 500,500,24,D1,6.678
nested_global_vs_gfs_regions,Nested-EAGLE-Global (AI),GFS,conus,global 0.25 degree,geopotential_height,geopotential_height,geopotential_height 500,500,48,D2,2.684
nested_global_vs_gfs_regions,Nested-EAGLE-Global (AI),GFS,conus,global 0.25 degree,geopotential_height,geopotential_height,geopotential_height 500,500,72,D3,0.575
nested_global_vs_gfs_regions,Nested-EAGLE-Global (AI),GFS,conus,global 0.25 degree,geopotential_height,geopotential_height,geopotential_height 500,500,96,D4,-1.652
nested_global_vs_gfs_regions,Nested-EAGLE-Global (AI),GFS,conus,global 0.25 degree,geopotential_height,geopotential_height,geopotential_height 500,500,120,D5,-0.367
nested_global_vs_gfs_regions,Nested-EAGLE-Global (AI),GFS,conus,global 0.25 degree,geopotential_height,geopotential_height,geopotential_height 500,500,144,D6,0.292
nested_global_vs_gfs_regions,Nested-EAGLE-Global (AI),GFS,conus,global 0.25 degree,geopotential_height,geopotential_height,geopotential_height 500,500,168,D7,3.281
nested_global_vs_gfs_regions,Nested-EAGLE-Global (AI),GFS,conus,global 0.25 degree,geopotential_height,geopotential_height,geopotential_height 500,500,192,D8,2.784
nested_global_vs_gfs_regions,Nested-EAGLE-Global (AI),GFS,conus,global 0.25 degree,geopotential_height,geopotential_height,geopotential_height 500,500,216,D9,3.224
nested_global_vs_gfs_regions,Nested-EAGLE-Global (AI),GFS,conus,global 0.25 degree,geopotential_height,geopotential_height,geopotential_height 500,500,240,D10,3.145
nested_global_vs_gfs_regions,Nested-EAGLE-Global (AI),GFS,conus,global 0.25 degree,geopotential_height,geopotential_height,geopotential_height 850,850,24,D1,14.084
nested_global_vs_gfs_regions,Nested-EAGLE-Global (AI),GFS,conus,global 0.25 degree,geopotential_height,geopotential_height,geopotential_height 850,850,48,D2,11.278
nested_global_vs_gfs_regions,Nested-EAGLE-Global (AI),GFS,conus,global 0.25 degree,geopotential_height,geopotential_height,geopotential_height 850,850,72,D3,7.21
nested_global_vs_gfs_regions,Nested-EAGLE-Global (AI),GFS,conus,global 0.25 degree,geopotential_height,geopotential_height,geopotential_height 850,850,96,D4,3.091
nested_global_vs_gfs_regions,Nested-EAGLE-Global (AI),GFS,conus,global 0.25 degree,geopotential_height,geopotential_height,geopotential_height 850,850,120,D5,1.334
nested_global_vs_gfs_regions,Nested-EAGLE-Global (AI),GFS,conus,global 0.25 degree,geopotential_height,geopotential_height,geopotential_height 850,850,144,D6,1.544
nested_global_vs_gfs_regions,Nested-EAGLE-Global (AI),GFS,conus,global 0.25 degree,geopotential_height,geopotential_height,geopotential_height 850,850,168,D7,4.565
nested_global_vs_gfs_regions,Nested-EAGLE-Global (AI),GFS,conus,global 0.25 degree,geopotential_height,geopotential_height,geopotential_height 850,850,192,D8,3.856
nested_global_vs_gfs_regions,Nested-EAGLE-Global (AI),GFS,conus,global 0.25 degree,geopotential_height,geopotential_height,geopotential_height 850,850,216,D9,6.159
nested_global_vs_gfs_regions,Nested-EAGLE-Global (AI),GFS,conus,global 0.25 degree,geopotential_height,geopotential_height,geopotential_height 850,850,240,D10,3.542
nested_global_vs_gfs_regions,Nested-EAGLE-Global (AI),GFS,conus,global 0.25 degree,zonal_wind,zonal_wind,zonal_wind 250,250,24,D1,7.621
nested_global_vs_gfs_regions,Nested-EAGLE-Global (AI),GFS,conus,global 0.25 degree,zonal_wind,zonal_wind,zonal_wind 250,250,48,D2,9.157
nested_global_vs_gfs_regions,Nested-EAGLE-Global (AI),GFS,conus,global 0.25 degree,zonal_wind,zonal_wind,zonal_wind 250,250,72,D3,8.142
nested_global_vs_gfs_regions,Nested-EAGLE-Global (AI),GFS,conus,global 0.25 degree,zonal_wind,zonal_wind,zonal_wind 250,250,96,D4,7.647
nested_global_vs_gfs_regions,Nested-EAGLE-Global (AI),GFS,conus,global 0.25 degree,zonal_wind,zonal_wind,zonal_wind 250,250,120,D5,5.327
nested_global_vs_gfs_regions,Nested-EAGLE-Global (AI),GFS,conus,global 0.25 degree,zonal_wind,zonal_wind,zonal_wind 250,250,144,D6,6.203
nested_global_vs_gfs_regions,Nested-EAGLE-Global (AI),GFS,conus,global 0.25 degree,zonal_wind,zonal_wind,zonal_wind 250,250,168,D7,6.248
nested_global_vs_gfs_regions,Nested-EAGLE-Global (AI),GFS,conus,global 0.25 degree,zonal_wind,zonal_wind,zonal_wind 250,250,192,D8,5.642
nested_global_vs_gfs_regions,Nested-EAGLE-Global (AI),GFS,conus,global 0.25 degree,zonal_wind,zonal_wind,zonal_wind 250,250,216,D9,7.207
nested_global_vs_gfs_regions,Nested-EAGLE-Global (AI),GFS,conus,global 0.25 degree,zonal_wind,zonal_wind,zonal_wind 250,250,240,D10,4.176
nested_global_vs_gfs_regions,Nested-EAGLE-Global (AI),GFS,conus,global 0.25 degree,zonal_wind,zonal_wind,zonal_wind 500,500,24,D1,5.936
nested_global_vs_gfs_regions,Nested-EAGLE-Global (AI),GFS,conus,global 0.25 degree,zonal_wind,zonal_wind,zonal_wind 500,500,48,D2,8.537
nested_global_vs_gfs_regions,Nested-EAGLE-Global (AI),GFS,conus,global 0.25 degree,zonal_wind,zonal_wind,zonal_wind 500,500,72,D3,9.811
nested_global_vs_gfs_regions,Nested-EAGLE-Global (AI),GFS,conus,global 0.25 degree,zonal_wind,zonal_wind,zonal_wind 500,500,96,D4,8.205
nested_global_vs_gfs_regions,Nested-EAGLE-Global (AI),GFS,conus,global 0.25 degree,zonal_wind,zonal_wind,zonal_wind 500,500,120,D5,6.56
nested_global_vs_gfs_regions,Nested-EAGLE-Global (AI),GFS,conus,global 0.25 degree,zonal_wind,zonal_wind,zonal_wind 500,500,144,D6,6.332
nested_global_vs_gfs_regions,Nested-EAGLE-Global (AI),GFS,conus,global 0.25 degree,zonal_wind,zonal_wind,zonal_wind 500,500,168,D7,7.033
nested_global_vs_gfs_regions,Nested-EAGLE-Global (AI),GFS,conus,global 0.25 degree,zonal_wind,zonal_wind,zonal_wind 500,500,192,D8,5.39
nested_global_vs_gfs_regions,Nested-EAGLE-Global (AI),GFS,conus,global 0.25 degree,zonal_wind,zonal_wind,zonal_wind 500,500,216,D9,5.335
nested_global_vs_gfs_regions,Nested-EAGLE-Global (AI),GFS,conus,global 0.25 degree,zonal_wind,zonal_wind,zonal_wind 500,500,240,D10,5.334
nested_global_vs_gfs_regions,Nested-EAGLE-Global (AI),GFS,conus,global 0.25 degree,zonal_wind,zonal_wind,zonal_wind 850,850,24,D1,11.447
nested_global_vs_gfs_regions,Nested-EAGLE-Global (AI),GFS,conus,global 0.25 degree,zonal_wind,zonal_wind,zonal_wind 850,850,48,D2,11.504
nested_global_vs_gfs_regions,Nested-EAGLE-Global (AI),GFS,conus,global 0.25 degree,zonal_wind,zonal_wind,zonal_wind 850,850,72,D3,10.564
nested_global_vs_gfs_regions,Nested-EAGLE-Global (AI),GFS,conus,global 0.25 degree,zonal_wind,zonal_wind,zonal_wind 850,850,96,D4,8.936
nested_global_vs_gfs_regions,Nested-EAGLE-Global (AI),GFS,conus,global 0.25 degree,zonal_wind,zonal_wind,zonal_wind 850,850,120,D5,7.87
nested_global_vs_gfs_regions,Nested-EAGLE-Global (AI),GFS,conus,global 0.25 degree,zonal_wind,zonal_wind,zonal_wind 850,850,144,D6,5.816
nested_global_vs_gfs_regions,Nested-EAGLE-Global (AI),GFS,conus,global 0.25 degree,zonal_wind,zonal_wind,zonal_wind 850,850,168,D7,7.183
nested_global_vs_gfs_regions,Nested-EAGLE-Global (AI),GFS,conus,global 0.25 degree,zonal_wind,zonal_wind,zonal_wind 850,850,192,D8,6.782
nested_global_vs_gfs_regions,Nested-EAGLE-Global (AI),GFS,conus,global 0.25 degree,zonal_wind,zonal_wind,zonal_wind 850,850,216,D9,6.437
nested_global_vs_gfs_regions,Nested-EAGLE-Global (AI),GFS,conus,global 0.25 degree,zonal_wind,zonal_wind,zonal_wind 850,850,240,D10,6.7
nested_global_vs_gfs_regions,Nested-EAGLE-Global (AI),GFS,conus,global 0.25 degree,meridional_wind,meridional_wind,meridional_wind 250,250,24,D1,8.454
nested_global_vs_gfs_regions,Nested-EAGLE-Global (AI),GFS,conus,global 0.25 degree,meridional_wind,meridional_wind,meridional_wind 250,250,48,D2,8.579
nested_global_vs_gfs_regions,Nested-EAGLE-Global (AI),GFS,conus,global 0.25 degree,meridional_wind,meridional_wind,meridional_wind 250,250,72,D3,7.328
nested_global_vs_gfs_regions,Nested-EAGLE-Global (AI),GFS,conus,global 0.25 degree,meridional_wind,meridional_wind,meridional_wind 250,250,96,D4,7.114
nested_global_vs_gfs_regions,Nested-EAGLE-Global (AI),GFS,conus,global 0.25 degree,meridional_wind,meridional_wind,meridional_wind 250,250,120,D5,7.808
nested_global_vs_gfs_regions,Nested-EAGLE-Global (AI),GFS,conus,global 0.25 degree,meridional_wind,meridional_wind,meridional_wind 250,250,144,D6,8.081
nested_global_vs_gfs_regions,Nested-EAGLE-Global (AI),GFS,conus,global 0.25 degree,meridional_wind,meridional_wind,meridional_wind 250,250,168,D7,8.394
nested_global_vs_gfs_regions,Nested-EAGLE-Global (AI),GFS,conus,global 0.25 degree,meridional_wind,meridional_wind,meridional_wind 250,250,192,D8,6.743
nested_global_vs_gfs_regions,Nested-EAGLE-Global (AI),GFS,conus,global 0.25 degree,meridional_wind,meridional_wind,meridional_wind 250,250,216,D9,4.636
nested_global_vs_gfs_regions,Nested-EAGLE-Global (AI),GFS,conus,global 0.25 degree,meridional_wind,meridional_wind,meridional_wind 250,250,240,D10,3.685
nested_global_vs_gfs_regions,Nested-EAGLE-Global (AI),GFS,conus,global 0.25 degree,meridional_wind,meridional_wind,meridional_wind 500,500,24,D1,7.301
nested_global_vs_gfs_regions,Nested-EAGLE-Global (AI),GFS,conus,global 0.25 degree,meridional_wind,meridional_wind,meridional_wind 500,500,48,D2,7.893
nested_global_vs_gfs_regions,Nested-EAGLE-Global (AI),GFS,conus,global 0.25 degree,meridional_wind,meridional_wind,meridional_wind 500,500,72,D3,9.027
nested_global_vs_gfs_regions,Nested-EAGLE-Global (AI),GFS,conus,global 0.25 degree,meridional_wind,meridional_wind,meridional_wind 500,500,96,D4,9.178
nested_global_vs_gfs_regions,Nested-EAGLE-Global (AI),GFS,conus,global 0.25 degree,meridional_wind,meridional_wind,meridional_wind 500,500,120,D5,6.99
nested_global_vs_gfs_regions,Nested-EAGLE-Global (AI),GFS,conus,global 0.25 degree,meridional_wind,meridional_wind,meridional_wind 500,500,144,D6,8.123
nested_global_vs_gfs_regions,Nested-EAGLE-Global (AI),GFS,conus,global 0.25 degree,meridional_wind,meridional_wind,meridional_wind 500,500,168,D7,8.768
nested_global_vs_gfs_regions,Nested-EAGLE-Global (AI),GFS,conus,global 0.25 degree,meridional_wind,meridional_wind,meridional_wind 500,500,192,D8,6.831
nested_global_vs_gfs_regions,Nested-EAGLE-Global (AI),GFS,conus,global 0.25 degree,meridional_wind,meridional_wind,meridional_wind 500,500,216,D9,4.432
nested_global_vs_gfs_regions,Nested-EAGLE-Global (AI),GFS,conus,global 0.25 degree,meridional_wind,meridional_wind,meridional_wind 500,500,240,D10,2.543
nested_global_vs_gfs_regions,Nested-EAGLE-Global (AI),GFS,conus,global 0.25 degree,meridional_wind,meridional_wind,meridional_wind 850,850,24,D1,10.374
nested_global_vs_gfs_regions,Nested-EAGLE-Global (AI),GFS,conus,global 0.25 degree,meridional_wind,meridional_wind,meridional_wind 850,850,48,D2,10.866
nested_global_vs_gfs_regions,Nested-EAGLE-Global (AI),GFS,conus,global 0.25 degree,meridional_wind,meridional_wind,meridional_wind 850,850,72,D3,10.004
nested_global_vs_gfs_regions,Nested-EAGLE-Global (AI),GFS,conus,global 0.25 degree,meridional_wind,meridional_wind,meridional_wind 850,850,96,D4,8.64
nested_global_vs_gfs_regions,Nested-EAGLE-Global (AI),GFS,conus,global 0.25 degree,meridional_wind,meridional_wind,meridional_wind 850,850,120,D5,7.672
nested_global_vs_gfs_regions,Nested-EAGLE-Global (AI),GFS,conus,global 0.25 degree,meridional_wind,meridional_wind,meridional_wind 850,850,144,D6,9.213
nested_global_vs_gfs_regions,Nested-EAGLE-Global (AI),GFS,conus,global 0.25 degree,meridional_wind,meridional_wind,meridional_wind 850,850,168,D7,9.218
nested_global_vs_gfs_regions,Nested-EAGLE-Global (AI),GFS,conus,global 0.25 degree,meridional_wind,meridional_wind,meridional_wind 850,850,192,D8,6.973
nested_global_vs_gfs_regions,Nested-EAGLE-Global (AI),GFS,conus,global 0.25 degree,meridional_wind,meridional_wind,meridional_wind 850,850,216,D9,4.201
nested_global_vs_gfs_regions,Nested-EAGLE-Global (AI),GFS,conus,global 0.25 degree,meridional_wind,meridional_wind,meridional_wind 850,850,240,D10,6.531
nested_global_vs_gfs_regions,Nested-EAGLE-Global (AI),GFS,conus,global 0.25 degree,temperature,temperature,temperature 250,250,24,D1,5.47
nested_global_vs_gfs_regions,Nested-EAGLE-Global (AI),GFS,conus,global 0.25 degree,temperature,temperature,temperature 250,250,48,D2,6.695
nested_global_vs_gfs_regions,Nested-EAGLE-Global (AI),GFS,conus,global 0.25 degree,temperature,temperature,temperature 250,250,72,D3,6.108
nested_global_vs_gfs_regions,Nested-EAGLE-Global (AI),GFS,conus,global 0.25 degree,temperature,temperature,temperature 250,250,96,D4,3.748
nested_global_vs_gfs_regions,Nested-EAGLE-Global (AI),GFS,conus,global 0.25 degree,temperature,temperature,temperature 250,250,120,D5,5.179
nested_global_vs_gfs_regions,Nested-EAGLE-Global (AI),GFS,conus,global 0.25 degree,temperature,temperature,temperature 250,250,144,D6,1.875
nested_global_vs_gfs_regions,Nested-EAGLE-Global (AI),GFS,conus,global 0.25 degree,temperature,temperature,temperature 250,250,168,D7,3.306
nested_global_vs_gfs_regions,Nested-EAGLE-Global (AI),GFS,conus,global 0.25 degree,temperature,temperature,temperature 250,250,192,D8,-1.342
nested_global_vs_gfs_regions,Nested-EAGLE-Global (AI),GFS,conus,global 0.25 degree,temperature,temperature,temperature 250,250,216,D9,0.58
nested_global_vs_gfs_regions,Nested-EAGLE-Global (AI),GFS,conus,global 0.25 degree,temperature,temperature,temperature 250,250,240,D10,0.752
nested_global_vs_gfs_regions,Nested-EAGLE-Global (AI),GFS,conus,global 0.25 degree,temperature,temperature,temperature 500,500,24,D1,3.571
nested_global_vs_gfs_regions,Nested-EAGLE-Global (AI),GFS,conus,global 0.25 degree,temperature,temperature,temperature 500,500,48,D2,4.362
nested_global_vs_gfs_regions,Nested-EAGLE-Global (AI),GFS,conus,global 0.25 degree,temperature,temperature,temperature 500,500,72,D3,6.835
nested_global_vs_gfs_regions,Nested-EAGLE-Global (AI),GFS,conus,global 0.25 degree,temperature,temperature,temperature 500,500,96,D4,4.844
nested_global_vs_gfs_regions,Nested-EAGLE-Global (AI),GFS,conus,global 0.25 degree,temperature,temperature,temperature 500,500,120,D5,7.059
nested_global_vs_gfs_regions,Nested-EAGLE-Global (AI),GFS,conus,global 0.25 degree,temperature,temperature,temperature 500,500,144,D6,4.951
nested_global_vs_gfs_regions,Nested-EAGLE-Global (AI),GFS,conus,global 0.25 degree,temperature,temperature,temperature 500,500,168,D7,7.003
nested_global_vs_gfs_regions,Nested-EAGLE-Global (AI),GFS,conus,global 0.25 degree,temperature,temperature,temperature 500,500,192,D8,6.022
nested_global_vs_gfs_regions,Nested-EAGLE-Global (AI),GFS,conus,global 0.25 degree,temperature,temperature,temperature 500,500,216,D9,5.597
nested_global_vs_gfs_regions,Nested-EAGLE-Global (AI),GFS,conus,global 0.25 degree,temperature,temperature,temperature 500,500,240,D10,6.365
nested_global_vs_gfs_regions,Nested-EAGLE-Global (AI),GFS,conus,global 0.25 degree,temperature,temperature,temperature 850,850,24,D1,17.815
nested_global_vs_gfs_regions,Nested-EAGLE-Global (AI),GFS,conus,global 0.25 degree,temperature,temperature,temperature 850,850,48,D2,18.919
nested_global_vs_gfs_regions,Nested-EAGLE-Global (AI),GFS,conus,global 0.25 degree,temperature,temperature,temperature 850,850,72,D3,16.37
nested_global_vs_gfs_regions,Nested-EAGLE-Global (AI),GFS,conus,global 0.25 degree,temperature,temperature,temperature 850,850,96,D4,12.107
nested_global_vs_gfs_regions,Nested-EAGLE-Global (AI),GFS,conus,global 0.25 degree,temperature,temperature,temperature 850,850,120,D5,6.586
nested_global_vs_gfs_regions,Nested-EAGLE-Global (AI),GFS,conus,global 0.25 degree,temperature,temperature,temperature 850,850,144,D6,6.638
nested_global_vs_gfs_regions,Nested-EAGLE-Global (AI),GFS,conus,global 0.25 degree,temperature,temperature,temperature 850,850,168,D7,7.215
nested_global_vs_gfs_regions,Nested-EAGLE-Global (AI),GFS,conus,global 0.25 degree,temperature,temperature,temperature 850,850,192,D8,5.21
nested_global_vs_gfs_regions,Nested-EAGLE-Global (AI),GFS,conus,global 0.25 degree,temperature,temperature,temperature 850,850,216,D9,3.059
nested_global_vs_gfs_regions,Nested-EAGLE-Global (AI),GFS,conus,global 0.25 degree,temperature,temperature,temperature 850,850,240,D10,4.182
nested_global_vs_gfs_regions,Nested-EAGLE-Global (AI),GFS,conus,global 0.25 degree,specific_humidity,specific_humidity,specific_humidity 250,250,24,D1,8.911
nested_global_vs_gfs_regions,Nested-EAGLE-Global (AI),GFS,conus,global 0.25 degree,specific_humidity,specific_humidity,specific_humidity 250,250,48,D2,12.917
nested_global_vs_gfs_regions,Nested-EAGLE-Global (AI),GFS,conus,global 0.25 degree,specific_humidity,specific_humidity,specific_humidity 250,250,72,D3,12.984
nested_global_vs_gfs_regions,Nested-EAGLE-Global (AI),GFS,conus,global 0.25 degree,specific_humidity,specific_humidity,specific_humidity 250,250,96,D4,15.188
nested_global_vs_gfs_regions,Nested-EAGLE-Global (AI),GFS,conus,global 0.25 degree,specific_humidity,specific_humidity,specific_humidity 250,250,120,D5,12.782
nested_global_vs_gfs_regions,Nested-EAGLE-Global (AI),GFS,conus,global 0.25 degree,specific_humidity,specific_humidity,specific_humidity 250,250,144,D6,13.562
nested_global_vs_gfs_regions,Nested-EAGLE-Global (AI),GFS,conus,global 0.25 degree,specific_humidity,specific_humidity,specific_humidity 250,250,168,D7,16.356
nested_global_vs_gfs_regions,Nested-EAGLE-Global (AI),GFS,conus,global 0.25 degree,specific_humidity,specific_humidity,specific_humidity 250,250,192,D8,13.883
nested_global_vs_gfs_regions,Nested-EAGLE-Global (AI),GFS,conus,global 0.25 degree,specific_humidity,specific_humidity,specific_humidity 250,250,216,D9,13.524
nested_global_vs_gfs_regions,Nested-EAGLE-Global (AI),GFS,conus,global 0.25 degree,specific_humidity,specific_humidity,specific_humidity 250,250,240,D10,13.611
nested_global_vs_gfs_regions,Nested-EAGLE-Global (AI),GFS,conus,global 0.25 degree,specific_humidity,specific_humidity,specific_humidity 500,500,24,D1,9.325
nested_global_vs_gfs_regions,Nested-EAGLE-Global (AI),GFS,conus,global 0.25 degree,specific_humidity,specific_humidity,specific_humidity 500,500,48,D2,13.067
nested_global_vs_gfs_regions,Nested-EAGLE-Global (AI),GFS,conus,global 0.25 degree,specific_humidity,specific_humidity,specific_humidity 500,500,72,D3,12.925
nested_global_vs_gfs_regions,Nested-EAGLE-Global (AI),GFS,conus,global 0.25 degree,specific_humidity,specific_humidity,specific_humidity 500,500,96,D4,14.006
nested_global_vs_gfs_regions,Nested-EAGLE-Global (AI),GFS,conus,global 0.25 degree,specific_humidity,specific_humidity,specific_humidity 500,500,120,D5,13.17
nested_global_vs_gfs_regions,Nested-EAGLE-Global (AI),GFS,conus,global 0.25 degree,specific_humidity,specific_humidity,specific_humidity 500,500,144,D6,12.746
nested_global_vs_gfs_regions,Nested-EAGLE-Global (AI),GFS,conus,global 0.25 degree,specific_humidity,specific_humidity,specific_humidity 500,500,168,D7,13.493
nested_global_vs_gfs_regions,Nested-EAGLE-Global (AI),GFS,conus,global 0.25 degree,specific_humidity,specific_humidity,specific_humidity 500,500,192,D8,14.621
nested_global_vs_gfs_regions,Nested-EAGLE-Global (AI),GFS,conus,global 0.25 degree,specific_humidity,specific_humidity,specific_humidity 500,500,216,D9,11.145
nested_global_vs_gfs_regions,Nested-EAGLE-Global (AI),GFS,conus,global 0.25 degree,specific_humidity,specific_humidity,specific_humidity 500,500,240,D10,10.518
nested_global_vs_gfs_regions,Nested-EAGLE-Global (AI),GFS,conus,global 0.25 degree,specific_humidity,specific_humidity,specific_humidity 850,850,24,D1,10.444
nested_global_vs_gfs_regions,Nested-EAGLE-Global (AI),GFS,conus,global 0.25 degree,specific_humidity,specific_humidity,specific_humidity 850,850,48,D2,13.162
nested_global_vs_gfs_regions,Nested-EAGLE-Global (AI),GFS,conus,global 0.25 degree,specific_humidity,specific_humidity,specific_humidity 850,850,72,D3,13.179
nested_global_vs_gfs_regions,Nested-EAGLE-Global (AI),GFS,conus,global 0.25 degree,specific_humidity,specific_humidity,specific_humidity 850,850,96,D4,12.487
nested_global_vs_gfs_regions,Nested-EAGLE-Global (AI),GFS,conus,global 0.25 degree,specific_humidity,specific_humidity,specific_humidity 850,850,120,D5,9.7
nested_global_vs_gfs_regions,Nested-EAGLE-Global (AI),GFS,conus,global 0.25 degree,specific_humidity,specific_humidity,specific_humidity 850,850,144,D6,11.491
nested_global_vs_gfs_regions,Nested-EAGLE-Global (AI),GFS,conus,global 0.25 degree,specific_humidity,specific_humidity,specific_humidity 850,850,168,D7,11.158
nested_global_vs_gfs_regions,Nested-EAGLE-Global (AI),GFS,conus,global 0.25 degree,specific_humidity,specific_humidity,specific_humidity 850,850,192,D8,11.597
nested_global_vs_gfs_regions,Nested-EAGLE-Global (AI),GFS,conus,global 0.25 degree,specific_humidity,specific_humidity,specific_humidity 850,850,216,D9,9.226
nested_global_vs_gfs_regions,Nested-EAGLE-Global (AI),GFS,conus,global 0.25 degree,specific_humidity,specific_humidity,specific_humidity 850,850,240,D10,7.988
nested_global_vs_gfs_regions,Nested-EAGLE-Global (AI),GFS,conus,global 0.25 degree,wind_speed,wind_speed,wind_speed 250,250,24,D1,6.675
nested_global_vs_gfs_regions,Nested-EAGLE-Global (AI),GFS,conus,global 0.25 degree,wind_speed,wind_speed,wind_speed 250,250,48,D2,8.149
nested_global_vs_gfs_regions,Nested-EAGLE-Global (AI),GFS,conus,global 0.25 degree,wind_speed,wind_speed,wind_speed 250,250,72,D3,7.056
nested_global_vs_gfs_regions,Nested-EAGLE-Global (AI),GFS,conus,global 0.25 degree,wind_speed,wind_speed,wind_speed 250,250,96,D4,6.81
nested_global_vs_gfs_regions,Nested-EAGLE-Global (AI),GFS,conus,global 0.25 degree,wind_speed,wind_speed,wind_speed 250,250,120,D5,6.029
nested_global_vs_gfs_regions,Nested-EAGLE-Global (AI),GFS,conus,global 0.25 degree,wind_speed,wind_speed,wind_speed 250,250,144,D6,5.986
nested_global_vs_gfs_regions,Nested-EAGLE-Global (AI),GFS,conus,global 0.25 degree,wind_speed,wind_speed,wind_speed 250,250,168,D7,5.341
nested_global_vs_gfs_regions,Nested-EAGLE-Global (AI),GFS,conus,global 0.25 degree,wind_speed,wind_speed,wind_speed 250,250,192,D8,4.32
nested_global_vs_gfs_regions,Nested-EAGLE-Global (AI),GFS,conus,global 0.25 degree,wind_speed,wind_speed,wind_speed 250,250,216,D9,5.349
nested_global_vs_gfs_regions,Nested-EAGLE-Global (AI),GFS,conus,global 0.25 degree,wind_speed,wind_speed,wind_speed 250,250,240,D10,3.012
nested_global_vs_gfs_regions,Nested-EAGLE-Global (AI),GFS,conus,global 0.25 degree,wind_speed,wind_speed,wind_speed 500,500,24,D1,5.579
nested_global_vs_gfs_regions,Nested-EAGLE-Global (AI),GFS,conus,global 0.25 degree,wind_speed,wind_speed,wind_speed 500,500,48,D2,7.337
nested_global_vs_gfs_regions,Nested-EAGLE-Global (AI),GFS,conus,global 0.25 degree,wind_speed,wind_speed,wind_speed 500,500,72,D3,8.992
nested_global_vs_gfs_regions,Nested-EAGLE-Global (AI),GFS,conus,global 0.25 degree,wind_speed,wind_speed,wind_speed 500,500,96,D4,6.544
nested_global_vs_gfs_regions,Nested-EAGLE-Global (AI),GFS,conus,global 0.25 degree,wind_speed,wind_speed,wind_speed 500,500,120,D5,6.105
nested_global_vs_gfs_regions,Nested-EAGLE-Global (AI),GFS,conus,global 0.25 degree,wind_speed,wind_speed,wind_speed 500,500,144,D6,5.634
nested_global_vs_gfs_regions,Nested-EAGLE-Global (AI),GFS,conus,global 0.25 degree,wind_speed,wind_speed,wind_speed 500,500,168,D7,6.235
nested_global_vs_gfs_regions,Nested-EAGLE-Global (AI),GFS,conus,global 0.25 degree,wind_speed,wind_speed,wind_speed 500,500,192,D8,3.75
nested_global_vs_gfs_regions,Nested-EAGLE-Global (AI),GFS,conus,global 0.25 degree,wind_speed,wind_speed,wind_speed 500,500,216,D9,3.45
nested_global_vs_gfs_regions,Nested-EAGLE-Global (AI),GFS,conus,global 0.25 degree,wind_speed,wind_speed,wind_speed 500,500,240,D10,3.416
nested_global_vs_gfs_regions,Nested-EAGLE-Global (AI),GFS,conus,global 0.25 degree,wind_speed,wind_speed,wind_speed 850,850,24,D1,7.612
nested_global_vs_gfs_regions,Nested-EAGLE-Global (AI),GFS,conus,global 0.25 degree,wind_speed,wind_speed,wind_speed 850,850,48,D2,8.475
nested_global_vs_gfs_regions,Nested-EAGLE-Global (AI),GFS,conus,global 0.25 degree,wind_speed,wind_speed,wind_speed 850,850,72,D3,8.553
nested_global_vs_gfs_regions,Nested-EAGLE-Global (AI),GFS,conus,global 0.25 degree,wind_speed,wind_speed,wind_speed 850,850,96,D4,6.681
nested_global_vs_gfs_regions,Nested-EAGLE-Global (AI),GFS,conus,global 0.25 degree,wind_speed,wind_speed,wind_speed 850,850,120,D5,6.08
nested_global_vs_gfs_regions,Nested-EAGLE-Global (AI),GFS,conus,global 0.25 degree,wind_speed,wind_speed,wind_speed 850,850,144,D6,5.92
nested_global_vs_gfs_regions,Nested-EAGLE-Global (AI),GFS,conus,global 0.25 degree,wind_speed,wind_speed,wind_speed 850,850,168,D7,6.497
nested_global_vs_gfs_regions,Nested-EAGLE-Global (AI),GFS,conus,global 0.25 degree,wind_speed,wind_speed,wind_speed 850,850,192,D8,5.194
nested_global_vs_gfs_regions,Nested-EAGLE-Global (AI),GFS,conus,global 0.25 degree,wind_speed,wind_speed,wind_speed 850,850,216,D9,4.491
nested_global_vs_gfs_regions,Nested-EAGLE-Global (AI),GFS,conus,global 0.25 degree,wind_speed,wind_speed,wind_speed 850,850,240,D10,4.567
nested_global_vs_gfs_regions,Nested-EAGLE-Global (AI),GFS,conus,global 0.25 degree,surface,surface_pressure,surface_pressure,,24,D1,1.881
nested_global_vs_gfs_regions,Nested-EAGLE-Global (AI),GFS,conus,global 0.25 degree,surface,surface_pressure,surface_pressure,,48,D2,1.826
nested_global_vs_gfs_regions,Nested-EAGLE-Global (AI),GFS,conus,global 0.25 degree,surface,surface_pressure,surface_pressure,,72,D3,1.344
nested_global_vs_gfs_regions,Nested-EAGLE-Global (AI),GFS,conus,global 0.25 degree,surface,surface_pressure,surface_pressure,,96,D4,0.76
nested_global_vs_gfs_regions,Nested-EAGLE-Global (AI),GFS,conus,global 0.25 degree,surface,surface_pressure,surface_pressure,,120,D5,0.515
nested_global_vs_gfs_regions,Nested-EAGLE-Global (AI),GFS,conus,global 0.25 degree,surface,surface_pressure,surface_pressure,,144,D6,0.2
nested_global_vs_gfs_regions,Nested-EAGLE-Global (AI),GFS,conus,global 0.25 degree,surface,surface_pressure,surface_pressure,,168,D7,0.406
nested_global_vs_gfs_regions,Nested-EAGLE-Global (AI),GFS,conus,global 0.25 degree,surface,surface_pressure,surface_pressure,,192,D8,0.169
nested_global_vs_gfs_regions,Nested-EAGLE-Global (AI),GFS,conus,global 0.25 degree,surface,surface_pressure,surface_pressure,,216,D9,-0.147
nested_global_vs_gfs_regions,Nested-EAGLE-Global (AI),GFS,conus,global 0.25 degree,surface,surface_pressure,surface_pressure,,240,D10,-0.642
nested_global_vs_gfs_regions,Nested-EAGLE-Global (AI),GFS,conus,global 0.25 degree,surface,10m_zonal_wind,10m_zonal_wind,,24,D1,17.285
nested_global_vs_gfs_regions,Nested-EAGLE-Global (AI),GFS,conus,global 0.25 degree,surface,10m_zonal_wind,10m_zonal_wind,,48,D2,17.509
nested_global_vs_gfs_regions,Nested-EAGLE-Global (AI),GFS,conus,global 0.25 degree,surface,10m_zonal_wind,10m_zonal_wind,,72,D3,16.644
nested_global_vs_gfs_regions,Nested-EAGLE-Global (AI),GFS,conus,global 0.25 degree,surface,10m_zonal_wind,10m_zonal_wind,,96,D4,15.256
nested_global_vs_gfs_regions,Nested-EAGLE-Global (AI),GFS,conus,global 0.25 degree,surface,10m_zonal_wind,10m_zonal_wind,,120,D5,13.591
nested_global_vs_gfs_regions,Nested-EAGLE-Global (AI),GFS,conus,global 0.25 degree,surface,10m_zonal_wind,10m_zonal_wind,,144,D6,13.186
nested_global_vs_gfs_regions,Nested-EAGLE-Global (AI),GFS,conus,global 0.25 degree,surface,10m_zonal_wind,10m_zonal_wind,,168,D7,14.111
nested_global_vs_gfs_regions,Nested-EAGLE-Global (AI),GFS,conus,global 0.25 degree,surface,10m_zonal_wind,10m_zonal_wind,,192,D8,12.362
nested_global_vs_gfs_regions,Nested-EAGLE-Global (AI),GFS,conus,global 0.25 degree,surface,10m_zonal_wind,10m_zonal_wind,,216,D9,10.251
nested_global_vs_gfs_regions,Nested-EAGLE-Global (AI),GFS,conus,global 0.25 degree,surface,10m_zonal_wind,10m_zonal_wind,,240,D10,11.151
nested_global_vs_gfs_regions,Nested-EAGLE-Global (AI),GFS,conus,global 0.25 degree,surface,10m_meridional_wind,10m_meridional_wind,,24,D1,16.543
nested_global_vs_gfs_regions,Nested-EAGLE-Global (AI),GFS,conus,global 0.25 degree,surface,10m_meridional_wind,10m_meridional_wind,,48,D2,16.829
nested_global_vs_gfs_regions,Nested-EAGLE-Global (AI),GFS,conus,global 0.25 degree,surface,10m_meridional_wind,10m_meridional_wind,,72,D3,16.104
nested_global_vs_gfs_regions,Nested-EAGLE-Global (AI),GFS,conus,global 0.25 degree,surface,10m_meridional_wind,10m_meridional_wind,,96,D4,14.985
nested_global_vs_gfs_regions,Nested-EAGLE-Global (AI),GFS,conus,global 0.25 degree,surface,10m_meridional_wind,10m_meridional_wind,,120,D5,13.322
nested_global_vs_gfs_regions,Nested-EAGLE-Global (AI),GFS,conus,global 0.25 degree,surface,10m_meridional_wind,10m_meridional_wind,,144,D6,13.932
nested_global_vs_gfs_regions,Nested-EAGLE-Global (AI),GFS,conus,global 0.25 degree,surface,10m_meridional_wind,10m_meridional_wind,,168,D7,14.184
nested_global_vs_gfs_regions,Nested-EAGLE-Global (AI),GFS,conus,global 0.25 degree,surface,10m_meridional_wind,10m_meridional_wind,,192,D8,12.889
nested_global_vs_gfs_regions,Nested-EAGLE-Global (AI),GFS,conus,global 0.25 degree,surface,10m_meridional_wind,10m_meridional_wind,,216,D9,11.803
nested_global_vs_gfs_regions,Nested-EAGLE-Global (AI),GFS,conus,global 0.25 degree,surface,10m_meridional_wind,10m_meridional_wind,,240,D10,12.656
nested_global_vs_gfs_regions,Nested-EAGLE-Global (AI),GFS,conus,global 0.25 degree,surface,2m_temperature,2m_temperature,,24,D1,23.094
nested_global_vs_gfs_regions,Nested-EAGLE-Global (AI),GFS,conus,global 0.25 degree,surface,2m_temperature,2m_temperature,,48,D2,20.822
nested_global_vs_gfs_regions,Nested-EAGLE-Global (AI),GFS,conus,global 0.25 degree,surface,2m_temperature,2m_temperature,,72,D3,18.096
nested_global_vs_gfs_regions,Nested-EAGLE-Global (AI),GFS,conus,global 0.25 degree,surface,2m_temperature,2m_temperature,,96,D4,16.042
nested_global_vs_gfs_regions,Nested-EAGLE-Global (AI),GFS,conus,global 0.25 degree,surface,2m_temperature,2m_temperature,,120,D5,12.671
nested_global_vs_gfs_regions,Nested-EAGLE-Global (AI),GFS,conus,global 0.25 degree,surface,2m_temperature,2m_temperature,,144,D6,10.468
nested_global_vs_gfs_regions,Nested-EAGLE-Global (AI),GFS,conus,global 0.25 degree,surface,2m_temperature,2m_temperature,,168,D7,9.71
nested_global_vs_gfs_regions,Nested-EAGLE-Global (AI),GFS,conus,global 0.25 degree,surface,2m_temperature,2m_temperature,,192,D8,6.631
nested_global_vs_gfs_regions,Nested-EAGLE-Global (AI),GFS,conus,global 0.25 degree,surface,2m_temperature,2m_temperature,,216,D9,4.547
nested_global_vs_gfs_regions,Nested-EAGLE-Global (AI),GFS,conus,global 0.25 degree,surface,2m_temperature,2m_temperature,,240,D10,3.773
nested_global_vs_gfs_regions,Nested-EAGLE-Global (AI),GFS,conus,global 0.25 degree,surface,2m_specific_humidity,2m_specific_humidity,,24,D1,12.351
nested_global_vs_gfs_regions,Nested-EAGLE-Global (AI),GFS,conus,global 0.25 degree,surface,2m_specific_humidity,2m_specific_humidity,,48,D2,11.988
nested_global_vs_gfs_regions,Nested-EAGLE-Global (AI),GFS,conus,global 0.25 degree,surface,2m_specific_humidity,2m_specific_humidity,,72,D3,11.072
nested_global_vs_gfs_regions,Nested-EAGLE-Global (AI),GFS,conus,global 0.25 degree,surface,2m_specific_humidity,2m_specific_humidity,,96,D4,9.702
nested_global_vs_gfs_regions,Nested-EAGLE-Global (AI),GFS,conus,global 0.25 degree,surface,2m_specific_humidity,2m_specific_humidity,,120,D5,9.049
nested_global_vs_gfs_regions,Nested-EAGLE-Global (AI),GFS,conus,global 0.25 degree,surface,2m_specific_humidity,2m_specific_humidity,,144,D6,8.036
nested_global_vs_gfs_regions,Nested-EAGLE-Global (AI),GFS,conus,global 0.25 degree,surface,2m_specific_humidity,2m_specific_humidity,,168,D7,7.529
nested_global_vs_gfs_regions,Nested-EAGLE-Global (AI),GFS,conus,global 0.25 degree,surface,2m_specific_humidity,2m_specific_humidity,,192,D8,7.055
nested_global_vs_gfs_regions,Nested-EAGLE-Global (AI),GFS,conus,global 0.25 degree,surface,2m_specific_humidity,2m_specific_humidity,,216,D9,5.856
nested_global_vs_gfs_regions,Nested-EAGLE-Global (AI),GFS,conus,global 0.25 degree,surface,2m_specific_humidity,2m_specific_humidity,,240,D10,5.152
nested_global_vs_gfs_regions,Nested-EAGLE-Global (AI),GFS,conus,global 0.25 degree,surface,10m_wind_speed,10m_wind_speed,,24,D1,12.521
nested_global_vs_gfs_regions,Nested-EAGLE-Global (AI),GFS,conus,global 0.25 degree,surface,10m_wind_speed,10m_wind_speed,,48,D2,12.62
nested_global_vs_gfs_regions,Nested-EAGLE-Global (AI),GFS,conus,global 0.25 degree,surface,10m_wind_speed,10m_wind_speed,,72,D3,12.139
nested_global_vs_gfs_regions,Nested-EAGLE-Global (AI),GFS,conus,global 0.25 degree,surface,10m_wind_speed,10m_wind_speed,,96,D4,11.234
nested_global_vs_gfs_regions,Nested-EAGLE-Global (AI),GFS,conus,global 0.25 degree,surface,10m_wind_speed,10m_wind_speed,,120,D5,10.288
nested_global_vs_gfs_regions,Nested-EAGLE-Global (AI),GFS,conus,global 0.25 degree,surface,10m_wind_speed,10m_wind_speed,,144,D6,10.531
nested_global_vs_gfs_regions,Nested-EAGLE-Global (AI),GFS,conus,global 0.25 degree,surface,10m_wind_speed,10m_wind_speed,,168,D7,10.223
nested_global_vs_gfs_regions,Nested-EAGLE-Global (AI),GFS,conus,global 0.25 degree,surface,10m_wind_speed,10m_wind_speed,,192,D8,9.165
nested_global_vs_gfs_regions,Nested-EAGLE-Global (AI),GFS,conus,global 0.25 degree,surface,10m_wind_speed,10m_wind_speed,,216,D9,8.464
nested_global_vs_gfs_regions,Nested-EAGLE-Global (AI),GFS,conus,global 0.25 degree,surface,10m_wind_speed,10m_wind_speed,,240,D10,9.702
nested_global_vs_aigfs_regions,Nested-EAGLE-Global (AI),AIGFS,global,global 0.25 degree,geopotential_height,geopotential_height,geopotential_height 250,250,24,D1,-0.04
nested_global_vs_aigfs_regions,Nested-EAGLE-Global (AI),AIGFS,global,global 0.25 degree,geopotential_height,geopotential_height,geopotential_height 250,250,48,D2,-0.561
nested_global_vs_aigfs_regions,Nested-EAGLE-Global (AI),AIGFS,global,global 0.25 degree,geopotential_height,geopotential_height,geopotential_height 250,250,72,D3,-1.63
nested_global_vs_aigfs_regions,Nested-EAGLE-Global (AI),AIGFS,global,global 0.25 degree,geopotential_height,geopotential_height,geopotential_height 250,250,96,D4,-3.049
nested_global_vs_aigfs_regions,Nested-EAGLE-Global (AI),AIGFS,global,global 0.25 degree,geopotential_height,geopotential_height,geopotential_height 250,250,120,D5,-4.637
nested_global_vs_aigfs_regions,Nested-EAGLE-Global (AI),AIGFS,global,global 0.25 degree,geopotential_height,geopotential_height,geopotential_height 250,250,144,D6,-5.626
nested_global_vs_aigfs_regions,Nested-EAGLE-Global (AI),AIGFS,global,global 0.25 degree,geopotential_height,geopotential_height,geopotential_height 250,250,168,D7,-5.541
nested_global_vs_aigfs_regions,Nested-EAGLE-Global (AI),AIGFS,global,global 0.25 degree,geopotential_height,geopotential_height,geopotential_height 250,250,192,D8,-4.578
nested_global_vs_aigfs_regions,Nested-EAGLE-Global (AI),AIGFS,global,global 0.25 degree,geopotential_height,geopotential_height,geopotential_height 250,250,216,D9,-3.405
nested_global_vs_aigfs_regions,Nested-EAGLE-Global (AI),AIGFS,global,global 0.25 degree,geopotential_height,geopotential_height,geopotential_height 250,250,240,D10,-3.056
nested_global_vs_aigfs_regions,Nested-EAGLE-Global (AI),AIGFS,global,global 0.25 degree,geopotential_height,geopotential_height,geopotential_height 500,500,24,D1,-0.341
nested_global_vs_aigfs_regions,Nested-EAGLE-Global (AI),AIGFS,global,global 0.25 degree,geopotential_height,geopotential_height,geopotential_height 500,500,48,D2,-1.001
nested_global_vs_aigfs_regions,Nested-EAGLE-Global (AI),AIGFS,global,global 0.25 degree,geopotential_height,geopotential_height,geopotential_height 500,500,72,D3,-2.132
nested_global_vs_aigfs_regions,Nested-EAGLE-Global (AI),AIGFS,global,global 0.25 degree,geopotential_height,geopotential_height,geopotential_height 500,500,96,D4,-3.105
nested_global_vs_aigfs_regions,Nested-EAGLE-Global (AI),AIGFS,global,global 0.25 degree,geopotential_height,geopotential_height,geopotential_height 500,500,120,D5,-4.174
nested_global_vs_aigfs_regions,Nested-EAGLE-Global (AI),AIGFS,global,global 0.25 degree,geopotential_height,geopotential_height,geopotential_height 500,500,144,D6,-4.907
nested_global_vs_aigfs_regions,Nested-EAGLE-Global (AI),AIGFS,global,global 0.25 degree,geopotential_height,geopotential_height,geopotential_height 500,500,168,D7,-4.864
nested_global_vs_aigfs_regions,Nested-EAGLE-Global (AI),AIGFS,global,global 0.25 degree,geopotential_height,geopotential_height,geopotential_height 500,500,192,D8,-3.974
nested_global_vs_aigfs_regions,Nested-EAGLE-Global (AI),AIGFS,global,global 0.25 degree,geopotential_height,geopotential_height,geopotential_height 500,500,216,D9,-2.719
nested_global_vs_aigfs_regions,Nested-EAGLE-Global (AI),AIGFS,global,global 0.25 degree,geopotential_height,geopotential_height,geopotential_height 500,500,240,D10,-2.846
nested_global_vs_aigfs_regions,Nested-EAGLE-Global (AI),AIGFS,global,global 0.25 degree,geopotential_height,geopotential_height,geopotential_height 850,850,24,D1,-0.972
nested_global_vs_aigfs_regions,Nested-EAGLE-Global (AI),AIGFS,global,global 0.25 degree,geopotential_height,geopotential_height,geopotential_height 850,850,48,D2,-2.324
nested_global_vs_aigfs_regions,Nested-EAGLE-Global (AI),AIGFS,global,global 0.25 degree,geopotential_height,geopotential_height,geopotential_height 850,850,72,D3,-4.008
nested_global_vs_aigfs_regions,Nested-EAGLE-Global (AI),AIGFS,global,global 0.25 degree,geopotential_height,geopotential_height,geopotential_height 850,850,96,D4,-5.43
nested_global_vs_aigfs_regions,Nested-EAGLE-Global (AI),AIGFS,global,global 0.25 degree,geopotential_height,geopotential_height,geopotential_height 850,850,120,D5,-5.903
nested_global_vs_aigfs_regions,Nested-EAGLE-Global (AI),AIGFS,global,global 0.25 degree,geopotential_height,geopotential_height,geopotential_height 850,850,144,D6,-6.378
nested_global_vs_aigfs_regions,Nested-EAGLE-Global (AI),AIGFS,global,global 0.25 degree,geopotential_height,geopotential_height,geopotential_height 850,850,168,D7,-6.321
nested_global_vs_aigfs_regions,Nested-EAGLE-Global (AI),AIGFS,global,global 0.25 degree,geopotential_height,geopotential_height,geopotential_height 850,850,192,D8,-5.658
nested_global_vs_aigfs_regions,Nested-EAGLE-Global (AI),AIGFS,global,global 0.25 degree,geopotential_height,geopotential_height,geopotential_height 850,850,216,D9,-4.084
nested_global_vs_aigfs_regions,Nested-EAGLE-Global (AI),AIGFS,global,global 0.25 degree,geopotential_height,geopotential_height,geopotential_height 850,850,240,D10,-3.197
nested_global_vs_aigfs_regions,Nested-EAGLE-Global (AI),AIGFS,global,global 0.25 degree,zonal_wind,zonal_wind,zonal_wind 250,250,24,D1,0.951
nested_global_vs_aigfs_regions,Nested-EAGLE-Global (AI),AIGFS,global,global 0.25 degree,zonal_wind,zonal_wind,zonal_wind 250,250,48,D2,-2.844
nested_global_vs_aigfs_regions,Nested-EAGLE-Global (AI),AIGFS,global,global 0.25 degree,zonal_wind,zonal_wind,zonal_wind 250,250,72,D3,-6.062
nested_global_vs_aigfs_regions,Nested-EAGLE-Global (AI),AIGFS,global,global 0.25 degree,zonal_wind,zonal_wind,zonal_wind 250,250,96,D4,-8.311
nested_global_vs_aigfs_regions,Nested-EAGLE-Global (AI),AIGFS,global,global 0.25 degree,zonal_wind,zonal_wind,zonal_wind 250,250,120,D5,-10.003
nested_global_vs_aigfs_regions,Nested-EAGLE-Global (AI),AIGFS,global,global 0.25 degree,zonal_wind,zonal_wind,zonal_wind 250,250,144,D6,-9.954
nested_global_vs_aigfs_regions,Nested-EAGLE-Global (AI),AIGFS,global,global 0.25 degree,zonal_wind,zonal_wind,zonal_wind 250,250,168,D7,-9.215
nested_global_vs_aigfs_regions,Nested-EAGLE-Global (AI),AIGFS,global,global 0.25 degree,zonal_wind,zonal_wind,zonal_wind 250,250,192,D8,-7.744
nested_global_vs_aigfs_regions,Nested-EAGLE-Global (AI),AIGFS,global,global 0.25 degree,zonal_wind,zonal_wind,zonal_wind 250,250,216,D9,-6.155
nested_global_vs_aigfs_regions,Nested-EAGLE-Global (AI),AIGFS,global,global 0.25 degree,zonal_wind,zonal_wind,zonal_wind 250,250,240,D10,-6.119
nested_global_vs_aigfs_regions,Nested-EAGLE-Global (AI),AIGFS,global,global 0.25 degree,zonal_wind,zonal_wind,zonal_wind 500,500,24,D1,0.146
nested_global_vs_aigfs_regions,Nested-EAGLE-Global (AI),AIGFS,global,global 0.25 degree,zonal_wind,zonal_wind,zonal_wind 500,500,48,D2,-2.403
nested_global_vs_aigfs_regions,Nested-EAGLE-Global (AI),AIGFS,global,global 0.25 degree,zonal_wind,zonal_wind,zonal_wind 500,500,72,D3,-4.095
nested_global_vs_aigfs_regions,Nested-EAGLE-Global (AI),AIGFS,global,global 0.25 degree,zonal_wind,zonal_wind,zonal_wind 500,500,96,D4,-6.097
nested_global_vs_aigfs_regions,Nested-EAGLE-Global (AI),AIGFS,global,global 0.25 degree,zonal_wind,zonal_wind,zonal_wind 500,500,120,D5,-7.232
nested_global_vs_aigfs_regions,Nested-EAGLE-Global (AI),AIGFS,global,global 0.25 degree,zonal_wind,zonal_wind,zonal_wind 500,500,144,D6,-7.194
nested_global_vs_aigfs_regions,Nested-EAGLE-Global (AI),AIGFS,global,global 0.25 degree,zonal_wind,zonal_wind,zonal_wind 500,500,168,D7,-6.699
nested_global_vs_aigfs_regions,Nested-EAGLE-Global (AI),AIGFS,global,global 0.25 degree,zonal_wind,zonal_wind,zonal_wind 500,500,192,D8,-5.997
nested_global_vs_aigfs_regions,Nested-EAGLE-Global (AI),AIGFS,global,global 0.25 degree,zonal_wind,zonal_wind,zonal_wind 500,500,216,D9,-4.954
nested_global_vs_aigfs_regions,Nested-EAGLE-Global (AI),AIGFS,global,global 0.25 degree,zonal_wind,zonal_wind,zonal_wind 500,500,240,D10,-4.185
nested_global_vs_aigfs_regions,Nested-EAGLE-Global (AI),AIGFS,global,global 0.25 degree,zonal_wind,zonal_wind,zonal_wind 850,850,24,D1,-3.514
nested_global_vs_aigfs_regions,Nested-EAGLE-Global (AI),AIGFS,global,global 0.25 degree,zonal_wind,zonal_wind,zonal_wind 850,850,48,D2,-4.379
nested_global_vs_aigfs_regions,Nested-EAGLE-Global (AI),AIGFS,global,global 0.25 degree,zonal_wind,zonal_wind,zonal_wind 850,850,72,D3,-5.646
nested_global_vs_aigfs_regions,Nested-EAGLE-Global (AI),AIGFS,global,global 0.25 degree,zonal_wind,zonal_wind,zonal_wind 850,850,96,D4,-6.943
nested_global_vs_aigfs_regions,Nested-EAGLE-Global (AI),AIGFS,global,global 0.25 degree,zonal_wind,zonal_wind,zonal_wind 850,850,120,D5,-7.061
nested_global_vs_aigfs_regions,Nested-EAGLE-Global (AI),AIGFS,global,global 0.25 degree,zonal_wind,zonal_wind,zonal_wind 850,850,144,D6,-6.461
nested_global_vs_aigfs_regions,Nested-EAGLE-Global (AI),AIGFS,global,global 0.25 degree,zonal_wind,zonal_wind,zonal_wind 850,850,168,D7,-6.071
nested_global_vs_aigfs_regions,Nested-EAGLE-Global (AI),AIGFS,global,global 0.25 degree,zonal_wind,zonal_wind,zonal_wind 850,850,192,D8,-5.504
nested_global_vs_aigfs_regions,Nested-EAGLE-Global (AI),AIGFS,global,global 0.25 degree,zonal_wind,zonal_wind,zonal_wind 850,850,216,D9,-5.003
nested_global_vs_aigfs_regions,Nested-EAGLE-Global (AI),AIGFS,global,global 0.25 degree,zonal_wind,zonal_wind,zonal_wind 850,850,240,D10,-3.823
nested_global_vs_aigfs_regions,Nested-EAGLE-Global (AI),AIGFS,global,global 0.25 degree,meridional_wind,meridional_wind,meridional_wind 250,250,24,D1,1.054
nested_global_vs_aigfs_regions,Nested-EAGLE-Global (AI),AIGFS,global,global 0.25 degree,meridional_wind,meridional_wind,meridional_wind 250,250,48,D2,-2.49
nested_global_vs_aigfs_regions,Nested-EAGLE-Global (AI),AIGFS,global,global 0.25 degree,meridional_wind,meridional_wind,meridional_wind 250,250,72,D3,-6.413
nested_global_vs_aigfs_regions,Nested-EAGLE-Global (AI),AIGFS,global,global 0.25 degree,meridional_wind,meridional_wind,meridional_wind 250,250,96,D4,-8.275
nested_global_vs_aigfs_regions,Nested-EAGLE-Global (AI),AIGFS,global,global 0.25 degree,meridional_wind,meridional_wind,meridional_wind 250,250,120,D5,-9.071
nested_global_vs_aigfs_regions,Nested-EAGLE-Global (AI),AIGFS,global,global 0.25 degree,meridional_wind,meridional_wind,meridional_wind 250,250,144,D6,-9.184
nested_global_vs_aigfs_regions,Nested-EAGLE-Global (AI),AIGFS,global,global 0.25 degree,meridional_wind,meridional_wind,meridional_wind 250,250,168,D7,-8.058
nested_global_vs_aigfs_regions,Nested-EAGLE-Global (AI),AIGFS,global,global 0.25 degree,meridional_wind,meridional_wind,meridional_wind 250,250,192,D8,-6.276
nested_global_vs_aigfs_regions,Nested-EAGLE-Global (AI),AIGFS,global,global 0.25 degree,meridional_wind,meridional_wind,meridional_wind 250,250,216,D9,-4.837
nested_global_vs_aigfs_regions,Nested-EAGLE-Global (AI),AIGFS,global,global 0.25 degree,meridional_wind,meridional_wind,meridional_wind 250,250,240,D10,-4.883
nested_global_vs_aigfs_regions,Nested-EAGLE-Global (AI),AIGFS,global,global 0.25 degree,meridional_wind,meridional_wind,meridional_wind 500,500,24,D1,-0.826
nested_global_vs_aigfs_regions,Nested-EAGLE-Global (AI),AIGFS,global,global 0.25 degree,meridional_wind,meridional_wind,meridional_wind 500,500,48,D2,-3.233
nested_global_vs_aigfs_regions,Nested-EAGLE-Global (AI),AIGFS,global,global 0.25 degree,meridional_wind,meridional_wind,meridional_wind 500,500,72,D3,-5.754
nested_global_vs_aigfs_regions,Nested-EAGLE-Global (AI),AIGFS,global,global 0.25 degree,meridional_wind,meridional_wind,meridional_wind 500,500,96,D4,-7.01
nested_global_vs_aigfs_regions,Nested-EAGLE-Global (AI),AIGFS,global,global 0.25 degree,meridional_wind,meridional_wind,meridional_wind 500,500,120,D5,-6.691
nested_global_vs_aigfs_regions,Nested-EAGLE-Global (AI),AIGFS,global,global 0.25 degree,meridional_wind,meridional_wind,meridional_wind 500,500,144,D6,-6.96
nested_global_vs_aigfs_regions,Nested-EAGLE-Global (AI),AIGFS,global,global 0.25 degree,meridional_wind,meridional_wind,meridional_wind 500,500,168,D7,-6.167
nested_global_vs_aigfs_regions,Nested-EAGLE-Global (AI),AIGFS,global,global 0.25 degree,meridional_wind,meridional_wind,meridional_wind 500,500,192,D8,-4.562
nested_global_vs_aigfs_regions,Nested-EAGLE-Global (AI),AIGFS,global,global 0.25 degree,meridional_wind,meridional_wind,meridional_wind 500,500,216,D9,-3.448
nested_global_vs_aigfs_regions,Nested-EAGLE-Global (AI),AIGFS,global,global 0.25 degree,meridional_wind,meridional_wind,meridional_wind 500,500,240,D10,-3.469
nested_global_vs_aigfs_regions,Nested-EAGLE-Global (AI),AIGFS,global,global 0.25 degree,meridional_wind,meridional_wind,meridional_wind 850,850,24,D1,-3.263
nested_global_vs_aigfs_regions,Nested-EAGLE-Global (AI),AIGFS,global,global 0.25 degree,meridional_wind,meridional_wind,meridional_wind 850,850,48,D2,-4.613
nested_global_vs_aigfs_regions,Nested-EAGLE-Global (AI),AIGFS,global,global 0.25 degree,meridional_wind,meridional_wind,meridional_wind 850,850,72,D3,-5.406
nested_global_vs_aigfs_regions,Nested-EAGLE-Global (AI),AIGFS,global,global 0.25 degree,meridional_wind,meridional_wind,meridional_wind 850,850,96,D4,-6.888
nested_global_vs_aigfs_regions,Nested-EAGLE-Global (AI),AIGFS,global,global 0.25 degree,meridional_wind,meridional_wind,meridional_wind 850,850,120,D5,-6.088
nested_global_vs_aigfs_regions,Nested-EAGLE-Global (AI),AIGFS,global,global 0.25 degree,meridional_wind,meridional_wind,meridional_wind 850,850,144,D6,-4.939
nested_global_vs_aigfs_regions,Nested-EAGLE-Global (AI),AIGFS,global,global 0.25 degree,meridional_wind,meridional_wind,meridional_wind 850,850,168,D7,-5.231
nested_global_vs_aigfs_regions,Nested-EAGLE-Global (AI),AIGFS,global,global 0.25 degree,meridional_wind,meridional_wind,meridional_wind 850,850,192,D8,-4.565
nested_global_vs_aigfs_regions,Nested-EAGLE-Global (AI),AIGFS,global,global 0.25 degree,meridional_wind,meridional_wind,meridional_wind 850,850,216,D9,-3.76
nested_global_vs_aigfs_regions,Nested-EAGLE-Global (AI),AIGFS,global,global 0.25 degree,meridional_wind,meridional_wind,meridional_wind 850,850,240,D10,-4.127
nested_global_vs_aigfs_regions,Nested-EAGLE-Global (AI),AIGFS,global,global 0.25 degree,temperature,temperature,temperature 250,250,24,D1,0.402
nested_global_vs_aigfs_regions,Nested-EAGLE-Global (AI),AIGFS,global,global 0.25 degree,temperature,temperature,temperature 250,250,48,D2,-1.652
nested_global_vs_aigfs_regions,Nested-EAGLE-Global (AI),AIGFS,global,global 0.25 degree,temperature,temperature,temperature 250,250,72,D3,-3.932
nested_global_vs_aigfs_regions,Nested-EAGLE-Global (AI),AIGFS,global,global 0.25 degree,temperature,temperature,temperature 250,250,96,D4,-5.708
nested_global_vs_aigfs_regions,Nested-EAGLE-Global (AI),AIGFS,global,global 0.25 degree,temperature,temperature,temperature 250,250,120,D5,-6.662
nested_global_vs_aigfs_regions,Nested-EAGLE-Global (AI),AIGFS,global,global 0.25 degree,temperature,temperature,temperature 250,250,144,D6,-7.547
nested_global_vs_aigfs_regions,Nested-EAGLE-Global (AI),AIGFS,global,global 0.25 degree,temperature,temperature,temperature 250,250,168,D7,-6.95
nested_global_vs_aigfs_regions,Nested-EAGLE-Global (AI),AIGFS,global,global 0.25 degree,temperature,temperature,temperature 250,250,192,D8,-6.473
nested_global_vs_aigfs_regions,Nested-EAGLE-Global (AI),AIGFS,global,global 0.25 degree,temperature,temperature,temperature 250,250,216,D9,-5.696
nested_global_vs_aigfs_regions,Nested-EAGLE-Global (AI),AIGFS,global,global 0.25 degree,temperature,temperature,temperature 250,250,240,D10,-5.749
nested_global_vs_aigfs_regions,Nested-EAGLE-Global (AI),AIGFS,global,global 0.25 degree,temperature,temperature,temperature 500,500,24,D1,-1.578
nested_global_vs_aigfs_regions,Nested-EAGLE-Global (AI),AIGFS,global,global 0.25 degree,temperature,temperature,temperature 500,500,48,D2,-3.016
nested_global_vs_aigfs_regions,Nested-EAGLE-Global (AI),AIGFS,global,global 0.25 degree,temperature,temperature,temperature 500,500,72,D3,-4.685
nested_global_vs_aigfs_regions,Nested-EAGLE-Global (AI),AIGFS,global,global 0.25 degree,temperature,temperature,temperature 500,500,96,D4,-6.094
nested_global_vs_aigfs_regions,Nested-EAGLE-Global (AI),AIGFS,global,global 0.25 degree,temperature,temperature,temperature 500,500,120,D5,-7.143
nested_global_vs_aigfs_regions,Nested-EAGLE-Global (AI),AIGFS,global,global 0.25 degree,temperature,temperature,temperature 500,500,144,D6,-7.486
nested_global_vs_aigfs_regions,Nested-EAGLE-Global (AI),AIGFS,global,global 0.25 degree,temperature,temperature,temperature 500,500,168,D7,-6.772
nested_global_vs_aigfs_regions,Nested-EAGLE-Global (AI),AIGFS,global,global 0.25 degree,temperature,temperature,temperature 500,500,192,D8,-5.319
nested_global_vs_aigfs_regions,Nested-EAGLE-Global (AI),AIGFS,global,global 0.25 degree,temperature,temperature,temperature 500,500,216,D9,-3.571
nested_global_vs_aigfs_regions,Nested-EAGLE-Global (AI),AIGFS,global,global 0.25 degree,temperature,temperature,temperature 500,500,240,D10,-3.318
nested_global_vs_aigfs_regions,Nested-EAGLE-Global (AI),AIGFS,global,global 0.25 degree,temperature,temperature,temperature 850,850,24,D1,-2.846
nested_global_vs_aigfs_regions,Nested-EAGLE-Global (AI),AIGFS,global,global 0.25 degree,temperature,temperature,temperature 850,850,48,D2,-4.264
nested_global_vs_aigfs_regions,Nested-EAGLE-Global (AI),AIGFS,global,global 0.25 degree,temperature,temperature,temperature 850,850,72,D3,-5.17
nested_global_vs_aigfs_regions,Nested-EAGLE-Global (AI),AIGFS,global,global 0.25 degree,temperature,temperature,temperature 850,850,96,D4,-6.279
nested_global_vs_aigfs_regions,Nested-EAGLE-Global (AI),AIGFS,global,global 0.25 degree,temperature,temperature,temperature 850,850,120,D5,-6.365
nested_global_vs_aigfs_regions,Nested-EAGLE-Global (AI),AIGFS,global,global 0.25 degree,temperature,temperature,temperature 850,850,144,D6,-5.673
nested_global_vs_aigfs_regions,Nested-EAGLE-Global (AI),AIGFS,global,global 0.25 degree,temperature,temperature,temperature 850,850,168,D7,-5.698
nested_global_vs_aigfs_regions,Nested-EAGLE-Global (AI),AIGFS,global,global 0.25 degree,temperature,temperature,temperature 850,850,192,D8,-4.828
nested_global_vs_aigfs_regions,Nested-EAGLE-Global (AI),AIGFS,global,global 0.25 degree,temperature,temperature,temperature 850,850,216,D9,-2.888
nested_global_vs_aigfs_regions,Nested-EAGLE-Global (AI),AIGFS,global,global 0.25 degree,temperature,temperature,temperature 850,850,240,D10,-2.054
nested_global_vs_aigfs_regions,Nested-EAGLE-Global (AI),AIGFS,global,global 0.25 degree,specific_humidity,specific_humidity,specific_humidity 250,250,24,D1,-0.317
nested_global_vs_aigfs_regions,Nested-EAGLE-Global (AI),AIGFS,global,global 0.25 degree,specific_humidity,specific_humidity,specific_humidity 250,250,48,D2,-0.683
nested_global_vs_aigfs_regions,Nested-EAGLE-Global (AI),AIGFS,global,global 0.25 degree,specific_humidity,specific_humidity,specific_humidity 250,250,72,D3,-0.783
nested_global_vs_aigfs_regions,Nested-EAGLE-Global (AI),AIGFS,global,global 0.25 degree,specific_humidity,specific_humidity,specific_humidity 250,250,96,D4,-1.056
nested_global_vs_aigfs_regions,Nested-EAGLE-Global (AI),AIGFS,global,global 0.25 degree,specific_humidity,specific_humidity,specific_humidity 250,250,120,D5,-1.032
nested_global_vs_aigfs_regions,Nested-EAGLE-Global (AI),AIGFS,global,global 0.25 degree,specific_humidity,specific_humidity,specific_humidity 250,250,144,D6,-1.002
nested_global_vs_aigfs_regions,Nested-EAGLE-Global (AI),AIGFS,global,global 0.25 degree,specific_humidity,specific_humidity,specific_humidity 250,250,168,D7,-1.089
nested_global_vs_aigfs_regions,Nested-EAGLE-Global (AI),AIGFS,global,global 0.25 degree,specific_humidity,specific_humidity,specific_humidity 250,250,192,D8,-1.065
nested_global_vs_aigfs_regions,Nested-EAGLE-Global (AI),AIGFS,global,global 0.25 degree,specific_humidity,specific_humidity,specific_humidity 250,250,216,D9,-0.809
nested_global_vs_aigfs_regions,Nested-EAGLE-Global (AI),AIGFS,global,global 0.25 degree,specific_humidity,specific_humidity,specific_humidity 250,250,240,D10,-0.853
nested_global_vs_aigfs_regions,Nested-EAGLE-Global (AI),AIGFS,global,global 0.25 degree,specific_humidity,specific_humidity,specific_humidity 500,500,24,D1,-1.637
nested_global_vs_aigfs_regions,Nested-EAGLE-Global (AI),AIGFS,global,global 0.25 degree,specific_humidity,specific_humidity,specific_humidity 500,500,48,D2,-3.162
nested_global_vs_aigfs_regions,Nested-EAGLE-Global (AI),AIGFS,global,global 0.25 degree,specific_humidity,specific_humidity,specific_humidity 500,500,72,D3,-4.576
nested_global_vs_aigfs_regions,Nested-EAGLE-Global (AI),AIGFS,global,global 0.25 degree,specific_humidity,specific_humidity,specific_humidity 500,500,96,D4,-5.754
nested_global_vs_aigfs_regions,Nested-EAGLE-Global (AI),AIGFS,global,global 0.25 degree,specific_humidity,specific_humidity,specific_humidity 500,500,120,D5,-6.155
nested_global_vs_aigfs_regions,Nested-EAGLE-Global (AI),AIGFS,global,global 0.25 degree,specific_humidity,specific_humidity,specific_humidity 500,500,144,D6,-6.27
nested_global_vs_aigfs_regions,Nested-EAGLE-Global (AI),AIGFS,global,global 0.25 degree,specific_humidity,specific_humidity,specific_humidity 500,500,168,D7,-6.43
nested_global_vs_aigfs_regions,Nested-EAGLE-Global (AI),AIGFS,global,global 0.25 degree,specific_humidity,specific_humidity,specific_humidity 500,500,192,D8,-5.977
nested_global_vs_aigfs_regions,Nested-EAGLE-Global (AI),AIGFS,global,global 0.25 degree,specific_humidity,specific_humidity,specific_humidity 500,500,216,D9,-5.515
nested_global_vs_aigfs_regions,Nested-EAGLE-Global (AI),AIGFS,global,global 0.25 degree,specific_humidity,specific_humidity,specific_humidity 500,500,240,D10,-4.965
nested_global_vs_aigfs_regions,Nested-EAGLE-Global (AI),AIGFS,global,global 0.25 degree,specific_humidity,specific_humidity,specific_humidity 850,850,24,D1,-3.674
nested_global_vs_aigfs_regions,Nested-EAGLE-Global (AI),AIGFS,global,global 0.25 degree,specific_humidity,specific_humidity,specific_humidity 850,850,48,D2,-4.104
nested_global_vs_aigfs_regions,Nested-EAGLE-Global (AI),AIGFS,global,global 0.25 degree,specific_humidity,specific_humidity,specific_humidity 850,850,72,D3,-4.361
nested_global_vs_aigfs_regions,Nested-EAGLE-Global (AI),AIGFS,global,global 0.25 degree,specific_humidity,specific_humidity,specific_humidity 850,850,96,D4,-4.8
nested_global_vs_aigfs_regions,Nested-EAGLE-Global (AI),AIGFS,global,global 0.25 degree,specific_humidity,specific_humidity,specific_humidity 850,850,120,D5,-4.999
nested_global_vs_aigfs_regions,Nested-EAGLE-Global (AI),AIGFS,global,global 0.25 degree,specific_humidity,specific_humidity,specific_humidity 850,850,144,D6,-4.384
nested_global_vs_aigfs_regions,Nested-EAGLE-Global (AI),AIGFS,global,global 0.25 degree,specific_humidity,specific_humidity,specific_humidity 850,850,168,D7,-3.445
nested_global_vs_aigfs_regions,Nested-EAGLE-Global (AI),AIGFS,global,global 0.25 degree,specific_humidity,specific_humidity,specific_humidity 850,850,192,D8,-3.111
nested_global_vs_aigfs_regions,Nested-EAGLE-Global (AI),AIGFS,global,global 0.25 degree,specific_humidity,specific_humidity,specific_humidity 850,850,216,D9,-2.647
nested_global_vs_aigfs_regions,Nested-EAGLE-Global (AI),AIGFS,global,global 0.25 degree,specific_humidity,specific_humidity,specific_humidity 850,850,240,D10,-1.744
nested_global_vs_aigfs_regions,Nested-EAGLE-Global (AI),AIGFS,global,global 0.25 degree,wind_speed,wind_speed,wind_speed 250,250,24,D1,0.157
nested_global_vs_aigfs_regions,Nested-EAGLE-Global (AI),AIGFS,global,global 0.25 degree,wind_speed,wind_speed,wind_speed 250,250,48,D2,-2.888
nested_global_vs_aigfs_regions,Nested-EAGLE-Global (AI),AIGFS,global,global 0.25 degree,wind_speed,wind_speed,wind_speed 250,250,72,D3,-5.555
nested_global_vs_aigfs_regions,Nested-EAGLE-Global (AI),AIGFS,global,global 0.25 degree,wind_speed,wind_speed,wind_speed 250,250,96,D4,-7.27
nested_global_vs_aigfs_regions,Nested-EAGLE-Global (AI),AIGFS,global,global 0.25 degree,wind_speed,wind_speed,wind_speed 250,250,120,D5,-8.607
nested_global_vs_aigfs_regions,Nested-EAGLE-Global (AI),AIGFS,global,global 0.25 degree,wind_speed,wind_speed,wind_speed 250,250,144,D6,-8.488
nested_global_vs_aigfs_regions,Nested-EAGLE-Global (AI),AIGFS,global,global 0.25 degree,wind_speed,wind_speed,wind_speed 250,250,168,D7,-7.568
nested_global_vs_aigfs_regions,Nested-EAGLE-Global (AI),AIGFS,global,global 0.25 degree,wind_speed,wind_speed,wind_speed 250,250,192,D8,-5.92
nested_global_vs_aigfs_regions,Nested-EAGLE-Global (AI),AIGFS,global,global 0.25 degree,wind_speed,wind_speed,wind_speed 250,250,216,D9,-4.695
nested_global_vs_aigfs_regions,Nested-EAGLE-Global (AI),AIGFS,global,global 0.25 degree,wind_speed,wind_speed,wind_speed 250,250,240,D10,-4.944
nested_global_vs_aigfs_regions,Nested-EAGLE-Global (AI),AIGFS,global,global 0.25 degree,wind_speed,wind_speed,wind_speed 500,500,24,D1,-1.451
nested_global_vs_aigfs_regions,Nested-EAGLE-Global (AI),AIGFS,global,global 0.25 degree,wind_speed,wind_speed,wind_speed 500,500,48,D2,-3.038
nested_global_vs_aigfs_regions,Nested-EAGLE-Global (AI),AIGFS,global,global 0.25 degree,wind_speed,wind_speed,wind_speed 500,500,72,D3,-4.582
nested_global_vs_aigfs_regions,Nested-EAGLE-Global (AI),AIGFS,global,global 0.25 degree,wind_speed,wind_speed,wind_speed 500,500,96,D4,-5.956
nested_global_vs_aigfs_regions,Nested-EAGLE-Global (AI),AIGFS,global,global 0.25 degree,wind_speed,wind_speed,wind_speed 500,500,120,D5,-6.149
nested_global_vs_aigfs_regions,Nested-EAGLE-Global (AI),AIGFS,global,global 0.25 degree,wind_speed,wind_speed,wind_speed 500,500,144,D6,-5.888
nested_global_vs_aigfs_regions,Nested-EAGLE-Global (AI),AIGFS,global,global 0.25 degree,wind_speed,wind_speed,wind_speed 500,500,168,D7,-5.252
nested_global_vs_aigfs_regions,Nested-EAGLE-Global (AI),AIGFS,global,global 0.25 degree,wind_speed,wind_speed,wind_speed 500,500,192,D8,-4.44
nested_global_vs_aigfs_regions,Nested-EAGLE-Global (AI),AIGFS,global,global 0.25 degree,wind_speed,wind_speed,wind_speed 500,500,216,D9,-3.776
nested_global_vs_aigfs_regions,Nested-EAGLE-Global (AI),AIGFS,global,global 0.25 degree,wind_speed,wind_speed,wind_speed 500,500,240,D10,-3.175
nested_global_vs_aigfs_regions,Nested-EAGLE-Global (AI),AIGFS,global,global 0.25 degree,wind_speed,wind_speed,wind_speed 850,850,24,D1,-3.87
nested_global_vs_aigfs_regions,Nested-EAGLE-Global (AI),AIGFS,global,global 0.25 degree,wind_speed,wind_speed,wind_speed 850,850,48,D2,-4.367
nested_global_vs_aigfs_regions,Nested-EAGLE-Global (AI),AIGFS,global,global 0.25 degree,wind_speed,wind_speed,wind_speed 850,850,72,D3,-4.929
nested_global_vs_aigfs_regions,Nested-EAGLE-Global (AI),AIGFS,global,global 0.25 degree,wind_speed,wind_speed,wind_speed 850,850,96,D4,-5.688
nested_global_vs_aigfs_regions,Nested-EAGLE-Global (AI),AIGFS,global,global 0.25 degree,wind_speed,wind_speed,wind_speed 850,850,120,D5,-6.143
nested_global_vs_aigfs_regions,Nested-EAGLE-Global (AI),AIGFS,global,global 0.25 degree,wind_speed,wind_speed,wind_speed 850,850,144,D6,-5.211
nested_global_vs_aigfs_regions,Nested-EAGLE-Global (AI),AIGFS,global,global 0.25 degree,wind_speed,wind_speed,wind_speed 850,850,168,D7,-5.032
nested_global_vs_aigfs_regions,Nested-EAGLE-Global (AI),AIGFS,global,global 0.25 degree,wind_speed,wind_speed,wind_speed 850,850,192,D8,-4.297
nested_global_vs_aigfs_regions,Nested-EAGLE-Global (AI),AIGFS,global,global 0.25 degree,wind_speed,wind_speed,wind_speed 850,850,216,D9,-4.392
nested_global_vs_aigfs_regions,Nested-EAGLE-Global (AI),AIGFS,global,global 0.25 degree,wind_speed,wind_speed,wind_speed 850,850,240,D10,-3.245
nested_global_vs_aigfs_regions,Nested-EAGLE-Global (AI),AIGFS,global,global 0.25 degree,surface,10m_zonal_wind,10m_zonal_wind,,24,D1,-0.617
nested_global_vs_aigfs_regions,Nested-EAGLE-Global (AI),AIGFS,global,global 0.25 degree,surface,10m_zonal_wind,10m_zonal_wind,,48,D2,-1.395
nested_global_vs_aigfs_regions,Nested-EAGLE-Global (AI),AIGFS,global,global 0.25 degree,surface,10m_zonal_wind,10m_zonal_wind,,72,D3,-2.547
nested_global_vs_aigfs_regions,Nested-EAGLE-Global (AI),AIGFS,global,global 0.25 degree,surface,10m_zonal_wind,10m_zonal_wind,,96,D4,-3.733
nested_global_vs_aigfs_regions,Nested-EAGLE-Global (AI),AIGFS,global,global 0.25 degree,surface,10m_zonal_wind,10m_zonal_wind,,120,D5,-4.691
nested_global_vs_aigfs_regions,Nested-EAGLE-Global (AI),AIGFS,global,global 0.25 degree,surface,10m_zonal_wind,10m_zonal_wind,,144,D6,-5.124
nested_global_vs_aigfs_regions,Nested-EAGLE-Global (AI),AIGFS,global,global 0.25 degree,surface,10m_zonal_wind,10m_zonal_wind,,168,D7,-4.828
nested_global_vs_aigfs_regions,Nested-EAGLE-Global (AI),AIGFS,global,global 0.25 degree,surface,10m_zonal_wind,10m_zonal_wind,,192,D8,-5.392
nested_global_vs_aigfs_regions,Nested-EAGLE-Global (AI),AIGFS,global,global 0.25 degree,surface,10m_zonal_wind,10m_zonal_wind,,216,D9,-5.531
nested_global_vs_aigfs_regions,Nested-EAGLE-Global (AI),AIGFS,global,global 0.25 degree,surface,10m_zonal_wind,10m_zonal_wind,,240,D10,-5.071
nested_global_vs_aigfs_regions,Nested-EAGLE-Global (AI),AIGFS,global,global 0.25 degree,surface,10m_meridional_wind,10m_meridional_wind,,24,D1,-0.329
nested_global_vs_aigfs_regions,Nested-EAGLE-Global (AI),AIGFS,global,global 0.25 degree,surface,10m_meridional_wind,10m_meridional_wind,,48,D2,-1.292
nested_global_vs_aigfs_regions,Nested-EAGLE-Global (AI),AIGFS,global,global 0.25 degree,surface,10m_meridional_wind,10m_meridional_wind,,72,D3,-2.479
nested_global_vs_aigfs_regions,Nested-EAGLE-Global (AI),AIGFS,global,global 0.25 degree,surface,10m_meridional_wind,10m_meridional_wind,,96,D4,-3.801
nested_global_vs_aigfs_regions,Nested-EAGLE-Global (AI),AIGFS,global,global 0.25 degree,surface,10m_meridional_wind,10m_meridional_wind,,120,D5,-5.001
nested_global_vs_aigfs_regions,Nested-EAGLE-Global (AI),AIGFS,global,global 0.25 degree,surface,10m_meridional_wind,10m_meridional_wind,,144,D6,-4.875
nested_global_vs_aigfs_regions,Nested-EAGLE-Global (AI),AIGFS,global,global 0.25 degree,surface,10m_meridional_wind,10m_meridional_wind,,168,D7,-4.812
nested_global_vs_aigfs_regions,Nested-EAGLE-Global (AI),AIGFS,global,global 0.25 degree,surface,10m_meridional_wind,10m_meridional_wind,,192,D8,-5.05
nested_global_vs_aigfs_regions,Nested-EAGLE-Global (AI),AIGFS,global,global 0.25 degree,surface,10m_meridional_wind,10m_meridional_wind,,216,D9,-5.211
nested_global_vs_aigfs_regions,Nested-EAGLE-Global (AI),AIGFS,global,global 0.25 degree,surface,10m_meridional_wind,10m_meridional_wind,,240,D10,-4.379
nested_global_vs_aigfs_regions,Nested-EAGLE-Global (AI),AIGFS,global,global 0.25 degree,surface,2m_temperature,2m_temperature,,24,D1,-3.881
nested_global_vs_aigfs_regions,Nested-EAGLE-Global (AI),AIGFS,global,global 0.25 degree,surface,2m_temperature,2m_temperature,,48,D2,-4.811
nested_global_vs_aigfs_regions,Nested-EAGLE-Global (AI),AIGFS,global,global 0.25 degree,surface,2m_temperature,2m_temperature,,72,D3,-5.303
nested_global_vs_aigfs_regions,Nested-EAGLE-Global (AI),AIGFS,global,global 0.25 degree,surface,2m_temperature,2m_temperature,,96,D4,-5.545
nested_global_vs_aigfs_regions,Nested-EAGLE-Global (AI),AIGFS,global,global 0.25 degree,surface,2m_temperature,2m_temperature,,120,D5,-5.891
nested_global_vs_aigfs_regions,Nested-EAGLE-Global (AI),AIGFS,global,global 0.25 degree,surface,2m_temperature,2m_temperature,,144,D6,-6.122
nested_global_vs_aigfs_regions,Nested-EAGLE-Global (AI),AIGFS,global,global 0.25 degree,surface,2m_temperature,2m_temperature,,168,D7,-6.158
nested_global_vs_aigfs_regions,Nested-EAGLE-Global (AI),AIGFS,global,global 0.25 degree,surface,2m_temperature,2m_temperature,,192,D8,-6.253
nested_global_vs_aigfs_regions,Nested-EAGLE-Global (AI),AIGFS,global,global 0.25 degree,surface,2m_temperature,2m_temperature,,216,D9,-4.577
nested_global_vs_aigfs_regions,Nested-EAGLE-Global (AI),AIGFS,global,global 0.25 degree,surface,2m_temperature,2m_temperature,,240,D10,-3.985
nested_global_vs_aigfs_regions,Nested-EAGLE-Global (AI),AIGFS,global,global 0.25 degree,surface,10m_wind_speed,10m_wind_speed,,24,D1,0.872
nested_global_vs_aigfs_regions,Nested-EAGLE-Global (AI),AIGFS,global,global 0.25 degree,surface,10m_wind_speed,10m_wind_speed,,48,D2,0.119
nested_global_vs_aigfs_regions,Nested-EAGLE-Global (AI),AIGFS,global,global 0.25 degree,surface,10m_wind_speed,10m_wind_speed,,72,D3,-0.781
nested_global_vs_aigfs_regions,Nested-EAGLE-Global (AI),AIGFS,global,global 0.25 degree,surface,10m_wind_speed,10m_wind_speed,,96,D4,-1.69
nested_global_vs_aigfs_regions,Nested-EAGLE-Global (AI),AIGFS,global,global 0.25 degree,surface,10m_wind_speed,10m_wind_speed,,120,D5,-2.618
nested_global_vs_aigfs_regions,Nested-EAGLE-Global (AI),AIGFS,global,global 0.25 degree,surface,10m_wind_speed,10m_wind_speed,,144,D6,-2.825
nested_global_vs_aigfs_regions,Nested-EAGLE-Global (AI),AIGFS,global,global 0.25 degree,surface,10m_wind_speed,10m_wind_speed,,168,D7,-3.143
nested_global_vs_aigfs_regions,Nested-EAGLE-Global (AI),AIGFS,global,global 0.25 degree,surface,10m_wind_speed,10m_wind_speed,,192,D8,-3.695
nested_global_vs_aigfs_regions,Nested-EAGLE-Global (AI),AIGFS,global,global 0.25 degree,surface,10m_wind_speed,10m_wind_speed,,216,D9,-3.55
nested_global_vs_aigfs_regions,Nested-EAGLE-Global (AI),AIGFS,global,global 0.25 degree,surface,10m_wind_speed,10m_wind_speed,,240,D10,-3.316
nested_global_vs_aigfs_regions,Nested-EAGLE-Global (AI),AIGFS,northern_hemisphere,global 0.25 degree,geopotential_height,geopotential_height,geopotential_height 250,250,24,D1,-0.117
nested_global_vs_aigfs_regions,Nested-EAGLE-Global (AI),AIGFS,northern_hemisphere,global 0.25 degree,geopotential_height,geopotential_height,geopotential_height 250,250,48,D2,-1.257
nested_global_vs_aigfs_regions,Nested-EAGLE-Global (AI),AIGFS,northern_hemisphere,global 0.25 degree,geopotential_height,geopotential_height,geopotential_height 250,250,72,D3,-3.416
nested_global_vs_aigfs_regions,Nested-EAGLE-Global (AI),AIGFS,northern_hemisphere,global 0.25 degree,geopotential_height,geopotential_height,geopotential_height 250,250,96,D4,-5.296
nested_global_vs_aigfs_regions,Nested-EAGLE-Global (AI),AIGFS,northern_hemisphere,global 0.25 degree,geopotential_height,geopotential_height,geopotential_height 250,250,120,D5,-6.922
nested_global_vs_aigfs_regions,Nested-EAGLE-Global (AI),AIGFS,northern_hemisphere,global 0.25 degree,geopotential_height,geopotential_height,geopotential_height 250,250,144,D6,-7.576
nested_global_vs_aigfs_regions,Nested-EAGLE-Global (AI),AIGFS,northern_hemisphere,global 0.25 degree,geopotential_height,geopotential_height,geopotential_height 250,250,168,D7,-7.117
nested_global_vs_aigfs_regions,Nested-EAGLE-Global (AI),AIGFS,northern_hemisphere,global 0.25 degree,geopotential_height,geopotential_height,geopotential_height 250,250,192,D8,-5.538
nested_global_vs_aigfs_regions,Nested-EAGLE-Global (AI),AIGFS,northern_hemisphere,global 0.25 degree,geopotential_height,geopotential_height,geopotential_height 250,250,216,D9,-3.861
nested_global_vs_aigfs_regions,Nested-EAGLE-Global (AI),AIGFS,northern_hemisphere,global 0.25 degree,geopotential_height,geopotential_height,geopotential_height 250,250,240,D10,-3.285
nested_global_vs_aigfs_regions,Nested-EAGLE-Global (AI),AIGFS,northern_hemisphere,global 0.25 degree,geopotential_height,geopotential_height,geopotential_height 500,500,24,D1,-0.998
nested_global_vs_aigfs_regions,Nested-EAGLE-Global (AI),AIGFS,northern_hemisphere,global 0.25 degree,geopotential_height,geopotential_height,geopotential_height 500,500,48,D2,-2.309
nested_global_vs_aigfs_regions,Nested-EAGLE-Global (AI),AIGFS,northern_hemisphere,global 0.25 degree,geopotential_height,geopotential_height,geopotential_height 500,500,72,D3,-4.487
nested_global_vs_aigfs_regions,Nested-EAGLE-Global (AI),AIGFS,northern_hemisphere,global 0.25 degree,geopotential_height,geopotential_height,geopotential_height 500,500,96,D4,-5.471
nested_global_vs_aigfs_regions,Nested-EAGLE-Global (AI),AIGFS,northern_hemisphere,global 0.25 degree,geopotential_height,geopotential_height,geopotential_height 500,500,120,D5,-6.283
nested_global_vs_aigfs_regions,Nested-EAGLE-Global (AI),AIGFS,northern_hemisphere,global 0.25 degree,geopotential_height,geopotential_height,geopotential_height 500,500,144,D6,-6.526
nested_global_vs_aigfs_regions,Nested-EAGLE-Global (AI),AIGFS,northern_hemisphere,global 0.25 degree,geopotential_height,geopotential_height,geopotential_height 500,500,168,D7,-6.194
nested_global_vs_aigfs_regions,Nested-EAGLE-Global (AI),AIGFS,northern_hemisphere,global 0.25 degree,geopotential_height,geopotential_height,geopotential_height 500,500,192,D8,-4.8
nested_global_vs_aigfs_regions,Nested-EAGLE-Global (AI),AIGFS,northern_hemisphere,global 0.25 degree,geopotential_height,geopotential_height,geopotential_height 500,500,216,D9,-3.162
nested_global_vs_aigfs_regions,Nested-EAGLE-Global (AI),AIGFS,northern_hemisphere,global 0.25 degree,geopotential_height,geopotential_height,geopotential_height 500,500,240,D10,-3.031
nested_global_vs_aigfs_regions,Nested-EAGLE-Global (AI),AIGFS,northern_hemisphere,global 0.25 degree,geopotential_height,geopotential_height,geopotential_height 850,850,24,D1,-5.238
nested_global_vs_aigfs_regions,Nested-EAGLE-Global (AI),AIGFS,northern_hemisphere,global 0.25 degree,geopotential_height,geopotential_height,geopotential_height 850,850,48,D2,-7.449
nested_global_vs_aigfs_regions,Nested-EAGLE-Global (AI),AIGFS,northern_hemisphere,global 0.25 degree,geopotential_height,geopotential_height,geopotential_height 850,850,72,D3,-9.738
nested_global_vs_aigfs_regions,Nested-EAGLE-Global (AI),AIGFS,northern_hemisphere,global 0.25 degree,geopotential_height,geopotential_height,geopotential_height 850,850,96,D4,-10.116
nested_global_vs_aigfs_regions,Nested-EAGLE-Global (AI),AIGFS,northern_hemisphere,global 0.25 degree,geopotential_height,geopotential_height,geopotential_height 850,850,120,D5,-9.048
nested_global_vs_aigfs_regions,Nested-EAGLE-Global (AI),AIGFS,northern_hemisphere,global 0.25 degree,geopotential_height,geopotential_height,geopotential_height 850,850,144,D6,-8.507
nested_global_vs_aigfs_regions,Nested-EAGLE-Global (AI),AIGFS,northern_hemisphere,global 0.25 degree,geopotential_height,geopotential_height,geopotential_height 850,850,168,D7,-7.971
nested_global_vs_aigfs_regions,Nested-EAGLE-Global (AI),AIGFS,northern_hemisphere,global 0.25 degree,geopotential_height,geopotential_height,geopotential_height 850,850,192,D8,-6.852
nested_global_vs_aigfs_regions,Nested-EAGLE-Global (AI),AIGFS,northern_hemisphere,global 0.25 degree,geopotential_height,geopotential_height,geopotential_height 850,850,216,D9,-4.684
nested_global_vs_aigfs_regions,Nested-EAGLE-Global (AI),AIGFS,northern_hemisphere,global 0.25 degree,geopotential_height,geopotential_height,geopotential_height 850,850,240,D10,-3.569
nested_global_vs_aigfs_regions,Nested-EAGLE-Global (AI),AIGFS,northern_hemisphere,global 0.25 degree,zonal_wind,zonal_wind,zonal_wind 250,250,24,D1,-0.574
nested_global_vs_aigfs_regions,Nested-EAGLE-Global (AI),AIGFS,northern_hemisphere,global 0.25 degree,zonal_wind,zonal_wind,zonal_wind 250,250,48,D2,-4.009
nested_global_vs_aigfs_regions,Nested-EAGLE-Global (AI),AIGFS,northern_hemisphere,global 0.25 degree,zonal_wind,zonal_wind,zonal_wind 250,250,72,D3,-7.09
nested_global_vs_aigfs_regions,Nested-EAGLE-Global (AI),AIGFS,northern_hemisphere,global 0.25 degree,zonal_wind,zonal_wind,zonal_wind 250,250,96,D4,-9.015
nested_global_vs_aigfs_regions,Nested-EAGLE-Global (AI),AIGFS,northern_hemisphere,global 0.25 degree,zonal_wind,zonal_wind,zonal_wind 250,250,120,D5,-10.369
nested_global_vs_aigfs_regions,Nested-EAGLE-Global (AI),AIGFS,northern_hemisphere,global 0.25 degree,zonal_wind,zonal_wind,zonal_wind 250,250,144,D6,-10.298
nested_global_vs_aigfs_regions,Nested-EAGLE-Global (AI),AIGFS,northern_hemisphere,global 0.25 degree,zonal_wind,zonal_wind,zonal_wind 250,250,168,D7,-9.35
nested_global_vs_aigfs_regions,Nested-EAGLE-Global (AI),AIGFS,northern_hemisphere,global 0.25 degree,zonal_wind,zonal_wind,zonal_wind 250,250,192,D8,-7.61
nested_global_vs_aigfs_regions,Nested-EAGLE-Global (AI),AIGFS,northern_hemisphere,global 0.25 degree,zonal_wind,zonal_wind,zonal_wind 250,250,216,D9,-5.921
nested_global_vs_aigfs_regions,Nested-EAGLE-Global (AI),AIGFS,northern_hemisphere,global 0.25 degree,zonal_wind,zonal_wind,zonal_wind 250,250,240,D10,-5.727
nested_global_vs_aigfs_regions,Nested-EAGLE-Global (AI),AIGFS,northern_hemisphere,global 0.25 degree,zonal_wind,zonal_wind,zonal_wind 500,500,24,D1,-2.057
nested_global_vs_aigfs_regions,Nested-EAGLE-Global (AI),AIGFS,northern_hemisphere,global 0.25 degree,zonal_wind,zonal_wind,zonal_wind 500,500,48,D2,-3.905
nested_global_vs_aigfs_regions,Nested-EAGLE-Global (AI),AIGFS,northern_hemisphere,global 0.25 degree,zonal_wind,zonal_wind,zonal_wind 500,500,72,D3,-5.313
nested_global_vs_aigfs_regions,Nested-EAGLE-Global (AI),AIGFS,northern_hemisphere,global 0.25 degree,zonal_wind,zonal_wind,zonal_wind 500,500,96,D4,-6.991
nested_global_vs_aigfs_regions,Nested-EAGLE-Global (AI),AIGFS,northern_hemisphere,global 0.25 degree,zonal_wind,zonal_wind,zonal_wind 500,500,120,D5,-7.847
nested_global_vs_aigfs_regions,Nested-EAGLE-Global (AI),AIGFS,northern_hemisphere,global 0.25 degree,zonal_wind,zonal_wind,zonal_wind 500,500,144,D6,-7.481
nested_global_vs_aigfs_regions,Nested-EAGLE-Global (AI),AIGFS,northern_hemisphere,global 0.25 degree,zonal_wind,zonal_wind,zonal_wind 500,500,168,D7,-6.936
nested_global_vs_aigfs_regions,Nested-EAGLE-Global (AI),AIGFS,northern_hemisphere,global 0.25 degree,zonal_wind,zonal_wind,zonal_wind 500,500,192,D8,-6.03
nested_global_vs_aigfs_regions,Nested-EAGLE-Global (AI),AIGFS,northern_hemisphere,global 0.25 degree,zonal_wind,zonal_wind,zonal_wind 500,500,216,D9,-4.853
nested_global_vs_aigfs_regions,Nested-EAGLE-Global (AI),AIGFS,northern_hemisphere,global 0.25 degree,zonal_wind,zonal_wind,zonal_wind 500,500,240,D10,-3.924
nested_global_vs_aigfs_regions,Nested-EAGLE-Global (AI),AIGFS,northern_hemisphere,global 0.25 degree,zonal_wind,zonal_wind,zonal_wind 850,850,24,D1,-3.337
nested_global_vs_aigfs_regions,Nested-EAGLE-Global (AI),AIGFS,northern_hemisphere,global 0.25 degree,zonal_wind,zonal_wind,zonal_wind 850,850,48,D2,-4.195
nested_global_vs_aigfs_regions,Nested-EAGLE-Global (AI),AIGFS,northern_hemisphere,global 0.25 degree,zonal_wind,zonal_wind,zonal_wind 850,850,72,D3,-5.627
nested_global_vs_aigfs_regions,Nested-EAGLE-Global (AI),AIGFS,northern_hemisphere,global 0.25 degree,zonal_wind,zonal_wind,zonal_wind 850,850,96,D4,-7.085
nested_global_vs_aigfs_regions,Nested-EAGLE-Global (AI),AIGFS,northern_hemisphere,global 0.25 degree,zonal_wind,zonal_wind,zonal_wind 850,850,120,D5,-6.977
nested_global_vs_aigfs_regions,Nested-EAGLE-Global (AI),AIGFS,northern_hemisphere,global 0.25 degree,zonal_wind,zonal_wind,zonal_wind 850,850,144,D6,-6.354
nested_global_vs_aigfs_regions,Nested-EAGLE-Global (AI),AIGFS,northern_hemisphere,global 0.25 degree,zonal_wind,zonal_wind,zonal_wind 850,850,168,D7,-5.857
nested_global_vs_aigfs_regions,Nested-EAGLE-Global (AI),AIGFS,northern_hemisphere,global 0.25 degree,zonal_wind,zonal_wind,zonal_wind 850,850,192,D8,-5.368
nested_global_vs_aigfs_regions,Nested-EAGLE-Global (AI),AIGFS,northern_hemisphere,global 0.25 degree,zonal_wind,zonal_wind,zonal_wind 850,850,216,D9,-4.803
nested_global_vs_aigfs_regions,Nested-EAGLE-Global (AI),AIGFS,northern_hemisphere,global 0.25 degree,zonal_wind,zonal_wind,zonal_wind 850,850,240,D10,-3.575
nested_global_vs_aigfs_regions,Nested-EAGLE-Global (AI),AIGFS,northern_hemisphere,global 0.25 degree,meridional_wind,meridional_wind,meridional_wind 250,250,24,D1,-0.673
nested_global_vs_aigfs_regions,Nested-EAGLE-Global (AI),AIGFS,northern_hemisphere,global 0.25 degree,meridional_wind,meridional_wind,meridional_wind 250,250,48,D2,-3.757
nested_global_vs_aigfs_regions,Nested-EAGLE-Global (AI),AIGFS,northern_hemisphere,global 0.25 degree,meridional_wind,meridional_wind,meridional_wind 250,250,72,D3,-7.558
nested_global_vs_aigfs_regions,Nested-EAGLE-Global (AI),AIGFS,northern_hemisphere,global 0.25 degree,meridional_wind,meridional_wind,meridional_wind 250,250,96,D4,-9.114
nested_global_vs_aigfs_regions,Nested-EAGLE-Global (AI),AIGFS,northern_hemisphere,global 0.25 degree,meridional_wind,meridional_wind,meridional_wind 250,250,120,D5,-9.515
nested_global_vs_aigfs_regions,Nested-EAGLE-Global (AI),AIGFS,northern_hemisphere,global 0.25 degree,meridional_wind,meridional_wind,meridional_wind 250,250,144,D6,-9.395
nested_global_vs_aigfs_regions,Nested-EAGLE-Global (AI),AIGFS,northern_hemisphere,global 0.25 degree,meridional_wind,meridional_wind,meridional_wind 250,250,168,D7,-8.122
nested_global_vs_aigfs_regions,Nested-EAGLE-Global (AI),AIGFS,northern_hemisphere,global 0.25 degree,meridional_wind,meridional_wind,meridional_wind 250,250,192,D8,-5.982
nested_global_vs_aigfs_regions,Nested-EAGLE-Global (AI),AIGFS,northern_hemisphere,global 0.25 degree,meridional_wind,meridional_wind,meridional_wind 250,250,216,D9,-4.49
nested_global_vs_aigfs_regions,Nested-EAGLE-Global (AI),AIGFS,northern_hemisphere,global 0.25 degree,meridional_wind,meridional_wind,meridional_wind 250,250,240,D10,-4.86
nested_global_vs_aigfs_regions,Nested-EAGLE-Global (AI),AIGFS,northern_hemisphere,global 0.25 degree,meridional_wind,meridional_wind,meridional_wind 500,500,24,D1,-2.502
nested_global_vs_aigfs_regions,Nested-EAGLE-Global (AI),AIGFS,northern_hemisphere,global 0.25 degree,meridional_wind,meridional_wind,meridional_wind 500,500,48,D2,-4.577
nested_global_vs_aigfs_regions,Nested-EAGLE-Global (AI),AIGFS,northern_hemisphere,global 0.25 degree,meridional_wind,meridional_wind,meridional_wind 500,500,72,D3,-6.772
nested_global_vs_aigfs_regions,Nested-EAGLE-Global (AI),AIGFS,northern_hemisphere,global 0.25 degree,meridional_wind,meridional_wind,meridional_wind 500,500,96,D4,-7.839
nested_global_vs_aigfs_regions,Nested-EAGLE-Global (AI),AIGFS,northern_hemisphere,global 0.25 degree,meridional_wind,meridional_wind,meridional_wind 500,500,120,D5,-7.155
nested_global_vs_aigfs_regions,Nested-EAGLE-Global (AI),AIGFS,northern_hemisphere,global 0.25 degree,meridional_wind,meridional_wind,meridional_wind 500,500,144,D6,-7.192
nested_global_vs_aigfs_regions,Nested-EAGLE-Global (AI),AIGFS,northern_hemisphere,global 0.25 degree,meridional_wind,meridional_wind,meridional_wind 500,500,168,D7,-6.004
nested_global_vs_aigfs_regions,Nested-EAGLE-Global (AI),AIGFS,northern_hemisphere,global 0.25 degree,meridional_wind,meridional_wind,meridional_wind 500,500,192,D8,-4.372
nested_global_vs_aigfs_regions,Nested-EAGLE-Global (AI),AIGFS,northern_hemisphere,global 0.25 degree,meridional_wind,meridional_wind,meridional_wind 500,500,216,D9,-3.236
nested_global_vs_aigfs_regions,Nested-EAGLE-Global (AI),AIGFS,northern_hemisphere,global 0.25 degree,meridional_wind,meridional_wind,meridional_wind 500,500,240,D10,-3.398
nested_global_vs_aigfs_regions,Nested-EAGLE-Global (AI),AIGFS,northern_hemisphere,global 0.25 degree,meridional_wind,meridional_wind,meridional_wind 850,850,24,D1,-3.029
nested_global_vs_aigfs_regions,Nested-EAGLE-Global (AI),AIGFS,northern_hemisphere,global 0.25 degree,meridional_wind,meridional_wind,meridional_wind 850,850,48,D2,-4.498
nested_global_vs_aigfs_regions,Nested-EAGLE-Global (AI),AIGFS,northern_hemisphere,global 0.25 degree,meridional_wind,meridional_wind,meridional_wind 850,850,72,D3,-5.312
nested_global_vs_aigfs_regions,Nested-EAGLE-Global (AI),AIGFS,northern_hemisphere,global 0.25 degree,meridional_wind,meridional_wind,meridional_wind 850,850,96,D4,-7.237
nested_global_vs_aigfs_regions,Nested-EAGLE-Global (AI),AIGFS,northern_hemisphere,global 0.25 degree,meridional_wind,meridional_wind,meridional_wind 850,850,120,D5,-6.343
nested_global_vs_aigfs_regions,Nested-EAGLE-Global (AI),AIGFS,northern_hemisphere,global 0.25 degree,meridional_wind,meridional_wind,meridional_wind 850,850,144,D6,-4.841
nested_global_vs_aigfs_regions,Nested-EAGLE-Global (AI),AIGFS,northern_hemisphere,global 0.25 degree,meridional_wind,meridional_wind,meridional_wind 850,850,168,D7,-5.157
nested_global_vs_aigfs_regions,Nested-EAGLE-Global (AI),AIGFS,northern_hemisphere,global 0.25 degree,meridional_wind,meridional_wind,meridional_wind 850,850,192,D8,-4.487
nested_global_vs_aigfs_regions,Nested-EAGLE-Global (AI),AIGFS,northern_hemisphere,global 0.25 degree,meridional_wind,meridional_wind,meridional_wind 850,850,216,D9,-3.702
nested_global_vs_aigfs_regions,Nested-EAGLE-Global (AI),AIGFS,northern_hemisphere,global 0.25 degree,meridional_wind,meridional_wind,meridional_wind 850,850,240,D10,-3.95
nested_global_vs_aigfs_regions,Nested-EAGLE-Global (AI),AIGFS,northern_hemisphere,global 0.25 degree,temperature,temperature,temperature 250,250,24,D1,0.666
nested_global_vs_aigfs_regions,Nested-EAGLE-Global (AI),AIGFS,northern_hemisphere,global 0.25 degree,temperature,temperature,temperature 250,250,48,D2,-1.46
nested_global_vs_aigfs_regions,Nested-EAGLE-Global (AI),AIGFS,northern_hemisphere,global 0.25 degree,temperature,temperature,temperature 250,250,72,D3,-4.182
nested_global_vs_aigfs_regions,Nested-EAGLE-Global (AI),AIGFS,northern_hemisphere,global 0.25 degree,temperature,temperature,temperature 250,250,96,D4,-6.157
nested_global_vs_aigfs_regions,Nested-EAGLE-Global (AI),AIGFS,northern_hemisphere,global 0.25 degree,temperature,temperature,temperature 250,250,120,D5,-7.093
nested_global_vs_aigfs_regions,Nested-EAGLE-Global (AI),AIGFS,northern_hemisphere,global 0.25 degree,temperature,temperature,temperature 250,250,144,D6,-7.909
nested_global_vs_aigfs_regions,Nested-EAGLE-Global (AI),AIGFS,northern_hemisphere,global 0.25 degree,temperature,temperature,temperature 250,250,168,D7,-7.119
nested_global_vs_aigfs_regions,Nested-EAGLE-Global (AI),AIGFS,northern_hemisphere,global 0.25 degree,temperature,temperature,temperature 250,250,192,D8,-6.707
nested_global_vs_aigfs_regions,Nested-EAGLE-Global (AI),AIGFS,northern_hemisphere,global 0.25 degree,temperature,temperature,temperature 250,250,216,D9,-5.745
nested_global_vs_aigfs_regions,Nested-EAGLE-Global (AI),AIGFS,northern_hemisphere,global 0.25 degree,temperature,temperature,temperature 250,250,240,D10,-5.954
nested_global_vs_aigfs_regions,Nested-EAGLE-Global (AI),AIGFS,northern_hemisphere,global 0.25 degree,temperature,temperature,temperature 500,500,24,D1,-1.461
nested_global_vs_aigfs_regions,Nested-EAGLE-Global (AI),AIGFS,northern_hemisphere,global 0.25 degree,temperature,temperature,temperature 500,500,48,D2,-3.025
nested_global_vs_aigfs_regions,Nested-EAGLE-Global (AI),AIGFS,northern_hemisphere,global 0.25 degree,temperature,temperature,temperature 500,500,72,D3,-5.075
nested_global_vs_aigfs_regions,Nested-EAGLE-Global (AI),AIGFS,northern_hemisphere,global 0.25 degree,temperature,temperature,temperature 500,500,96,D4,-6.634
nested_global_vs_aigfs_regions,Nested-EAGLE-Global (AI),AIGFS,northern_hemisphere,global 0.25 degree,temperature,temperature,temperature 500,500,120,D5,-7.721
nested_global_vs_aigfs_regions,Nested-EAGLE-Global (AI),AIGFS,northern_hemisphere,global 0.25 degree,temperature,temperature,temperature 500,500,144,D6,-7.932
nested_global_vs_aigfs_regions,Nested-EAGLE-Global (AI),AIGFS,northern_hemisphere,global 0.25 degree,temperature,temperature,temperature 500,500,168,D7,-6.999
nested_global_vs_aigfs_regions,Nested-EAGLE-Global (AI),AIGFS,northern_hemisphere,global 0.25 degree,temperature,temperature,temperature 500,500,192,D8,-5.453
nested_global_vs_aigfs_regions,Nested-EAGLE-Global (AI),AIGFS,northern_hemisphere,global 0.25 degree,temperature,temperature,temperature 500,500,216,D9,-3.688
nested_global_vs_aigfs_regions,Nested-EAGLE-Global (AI),AIGFS,northern_hemisphere,global 0.25 degree,temperature,temperature,temperature 500,500,240,D10,-3.35
nested_global_vs_aigfs_regions,Nested-EAGLE-Global (AI),AIGFS,northern_hemisphere,global 0.25 degree,temperature,temperature,temperature 850,850,24,D1,-3.514
nested_global_vs_aigfs_regions,Nested-EAGLE-Global (AI),AIGFS,northern_hemisphere,global 0.25 degree,temperature,temperature,temperature 850,850,48,D2,-5.348
nested_global_vs_aigfs_regions,Nested-EAGLE-Global (AI),AIGFS,northern_hemisphere,global 0.25 degree,temperature,temperature,temperature 850,850,72,D3,-6.226
nested_global_vs_aigfs_regions,Nested-EAGLE-Global (AI),AIGFS,northern_hemisphere,global 0.25 degree,temperature,temperature,temperature 850,850,96,D4,-7.398
nested_global_vs_aigfs_regions,Nested-EAGLE-Global (AI),AIGFS,northern_hemisphere,global 0.25 degree,temperature,temperature,temperature 850,850,120,D5,-6.981
nested_global_vs_aigfs_regions,Nested-EAGLE-Global (AI),AIGFS,northern_hemisphere,global 0.25 degree,temperature,temperature,temperature 850,850,144,D6,-6.124
nested_global_vs_aigfs_regions,Nested-EAGLE-Global (AI),AIGFS,northern_hemisphere,global 0.25 degree,temperature,temperature,temperature 850,850,168,D7,-6.006
nested_global_vs_aigfs_regions,Nested-EAGLE-Global (AI),AIGFS,northern_hemisphere,global 0.25 degree,temperature,temperature,temperature 850,850,192,D8,-4.874
nested_global_vs_aigfs_regions,Nested-EAGLE-Global (AI),AIGFS,northern_hemisphere,global 0.25 degree,temperature,temperature,temperature 850,850,216,D9,-2.791
nested_global_vs_aigfs_regions,Nested-EAGLE-Global (AI),AIGFS,northern_hemisphere,global 0.25 degree,temperature,temperature,temperature 850,850,240,D10,-1.871
nested_global_vs_aigfs_regions,Nested-EAGLE-Global (AI),AIGFS,northern_hemisphere,global 0.25 degree,specific_humidity,specific_humidity,specific_humidity 250,250,24,D1,0.059
nested_global_vs_aigfs_regions,Nested-EAGLE-Global (AI),AIGFS,northern_hemisphere,global 0.25 degree,specific_humidity,specific_humidity,specific_humidity 250,250,48,D2,-0.532
nested_global_vs_aigfs_regions,Nested-EAGLE-Global (AI),AIGFS,northern_hemisphere,global 0.25 degree,specific_humidity,specific_humidity,specific_humidity 250,250,72,D3,-0.741
nested_global_vs_aigfs_regions,Nested-EAGLE-Global (AI),AIGFS,northern_hemisphere,global 0.25 degree,specific_humidity,specific_humidity,specific_humidity 250,250,96,D4,-1.034
nested_global_vs_aigfs_regions,Nested-EAGLE-Global (AI),AIGFS,northern_hemisphere,global 0.25 degree,specific_humidity,specific_humidity,specific_humidity 250,250,120,D5,-0.979
nested_global_vs_aigfs_regions,Nested-EAGLE-Global (AI),AIGFS,northern_hemisphere,global 0.25 degree,specific_humidity,specific_humidity,specific_humidity 250,250,144,D6,-0.792
nested_global_vs_aigfs_regions,Nested-EAGLE-Global (AI),AIGFS,northern_hemisphere,global 0.25 degree,specific_humidity,specific_humidity,specific_humidity 250,250,168,D7,-1.01
nested_global_vs_aigfs_regions,Nested-EAGLE-Global (AI),AIGFS,northern_hemisphere,global 0.25 degree,specific_humidity,specific_humidity,specific_humidity 250,250,192,D8,-0.982
nested_global_vs_aigfs_regions,Nested-EAGLE-Global (AI),AIGFS,northern_hemisphere,global 0.25 degree,specific_humidity,specific_humidity,specific_humidity 250,250,216,D9,-0.596
nested_global_vs_aigfs_regions,Nested-EAGLE-Global (AI),AIGFS,northern_hemisphere,global 0.25 degree,specific_humidity,specific_humidity,specific_humidity 250,250,240,D10,-0.72
nested_global_vs_aigfs_regions,Nested-EAGLE-Global (AI),AIGFS,northern_hemisphere,global 0.25 degree,specific_humidity,specific_humidity,specific_humidity 500,500,24,D1,-1.37
nested_global_vs_aigfs_regions,Nested-EAGLE-Global (AI),AIGFS,northern_hemisphere,global 0.25 degree,specific_humidity,specific_humidity,specific_humidity 500,500,48,D2,-2.912
nested_global_vs_aigfs_regions,Nested-EAGLE-Global (AI),AIGFS,northern_hemisphere,global 0.25 degree,specific_humidity,specific_humidity,specific_humidity 500,500,72,D3,-4.569
nested_global_vs_aigfs_regions,Nested-EAGLE-Global (AI),AIGFS,northern_hemisphere,global 0.25 degree,specific_humidity,specific_humidity,specific_humidity 500,500,96,D4,-5.772
nested_global_vs_aigfs_regions,Nested-EAGLE-Global (AI),AIGFS,northern_hemisphere,global 0.25 degree,specific_humidity,specific_humidity,specific_humidity 500,500,120,D5,-6.07
nested_global_vs_aigfs_regions,Nested-EAGLE-Global (AI),AIGFS,northern_hemisphere,global 0.25 degree,specific_humidity,specific_humidity,specific_humidity 500,500,144,D6,-5.938
nested_global_vs_aigfs_regions,Nested-EAGLE-Global (AI),AIGFS,northern_hemisphere,global 0.25 degree,specific_humidity,specific_humidity,specific_humidity 500,500,168,D7,-5.597
nested_global_vs_aigfs_regions,Nested-EAGLE-Global (AI),AIGFS,northern_hemisphere,global 0.25 degree,specific_humidity,specific_humidity,specific_humidity 500,500,192,D8,-4.589
nested_global_vs_aigfs_regions,Nested-EAGLE-Global (AI),AIGFS,northern_hemisphere,global 0.25 degree,specific_humidity,specific_humidity,specific_humidity 500,500,216,D9,-4.568
nested_global_vs_aigfs_regions,Nested-EAGLE-Global (AI),AIGFS,northern_hemisphere,global 0.25 degree,specific_humidity,specific_humidity,specific_humidity 500,500,240,D10,-4.488
nested_global_vs_aigfs_regions,Nested-EAGLE-Global (AI),AIGFS,northern_hemisphere,global 0.25 degree,specific_humidity,specific_humidity,specific_humidity 850,850,24,D1,-4.166
nested_global_vs_aigfs_regions,Nested-EAGLE-Global (AI),AIGFS,northern_hemisphere,global 0.25 degree,specific_humidity,specific_humidity,specific_humidity 850,850,48,D2,-4.695
nested_global_vs_aigfs_regions,Nested-EAGLE-Global (AI),AIGFS,northern_hemisphere,global 0.25 degree,specific_humidity,specific_humidity,specific_humidity 850,850,72,D3,-4.824
nested_global_vs_aigfs_regions,Nested-EAGLE-Global (AI),AIGFS,northern_hemisphere,global 0.25 degree,specific_humidity,specific_humidity,specific_humidity 850,850,96,D4,-5.403
nested_global_vs_aigfs_regions,Nested-EAGLE-Global (AI),AIGFS,northern_hemisphere,global 0.25 degree,specific_humidity,specific_humidity,specific_humidity 850,850,120,D5,-5.521
nested_global_vs_aigfs_regions,Nested-EAGLE-Global (AI),AIGFS,northern_hemisphere,global 0.25 degree,specific_humidity,specific_humidity,specific_humidity 850,850,144,D6,-4.863
nested_global_vs_aigfs_regions,Nested-EAGLE-Global (AI),AIGFS,northern_hemisphere,global 0.25 degree,specific_humidity,specific_humidity,specific_humidity 850,850,168,D7,-3.481
nested_global_vs_aigfs_regions,Nested-EAGLE-Global (AI),AIGFS,northern_hemisphere,global 0.25 degree,specific_humidity,specific_humidity,specific_humidity 850,850,192,D8,-3.45
nested_global_vs_aigfs_regions,Nested-EAGLE-Global (AI),AIGFS,northern_hemisphere,global 0.25 degree,specific_humidity,specific_humidity,specific_humidity 850,850,216,D9,-2.561
nested_global_vs_aigfs_regions,Nested-EAGLE-Global (AI),AIGFS,northern_hemisphere,global 0.25 degree,specific_humidity,specific_humidity,specific_humidity 850,850,240,D10,-1.689
nested_global_vs_aigfs_regions,Nested-EAGLE-Global (AI),AIGFS,northern_hemisphere,global 0.25 degree,wind_speed,wind_speed,wind_speed 250,250,24,D1,-0.383
nested_global_vs_aigfs_regions,Nested-EAGLE-Global (AI),AIGFS,northern_hemisphere,global 0.25 degree,wind_speed,wind_speed,wind_speed 250,250,48,D2,-3.61
nested_global_vs_aigfs_regions,Nested-EAGLE-Global (AI),AIGFS,northern_hemisphere,global 0.25 degree,wind_speed,wind_speed,wind_speed 250,250,72,D3,-6.36
nested_global_vs_aigfs_regions,Nested-EAGLE-Global (AI),AIGFS,northern_hemisphere,global 0.25 degree,wind_speed,wind_speed,wind_speed 250,250,96,D4,-7.881
nested_global_vs_aigfs_regions,Nested-EAGLE-Global (AI),AIGFS,northern_hemisphere,global 0.25 degree,wind_speed,wind_speed,wind_speed 250,250,120,D5,-9.061
nested_global_vs_aigfs_regions,Nested-EAGLE-Global (AI),AIGFS,northern_hemisphere,global 0.25 degree,wind_speed,wind_speed,wind_speed 250,250,144,D6,-8.929
nested_global_vs_aigfs_regions,Nested-EAGLE-Global (AI),AIGFS,northern_hemisphere,global 0.25 degree,wind_speed,wind_speed,wind_speed 250,250,168,D7,-7.746
nested_global_vs_aigfs_regions,Nested-EAGLE-Global (AI),AIGFS,northern_hemisphere,global 0.25 degree,wind_speed,wind_speed,wind_speed 250,250,192,D8,-5.845
nested_global_vs_aigfs_regions,Nested-EAGLE-Global (AI),AIGFS,northern_hemisphere,global 0.25 degree,wind_speed,wind_speed,wind_speed 250,250,216,D9,-4.467
nested_global_vs_aigfs_regions,Nested-EAGLE-Global (AI),AIGFS,northern_hemisphere,global 0.25 degree,wind_speed,wind_speed,wind_speed 250,250,240,D10,-4.674
nested_global_vs_aigfs_regions,Nested-EAGLE-Global (AI),AIGFS,northern_hemisphere,global 0.25 degree,wind_speed,wind_speed,wind_speed 500,500,24,D1,-2.533
nested_global_vs_aigfs_regions,Nested-EAGLE-Global (AI),AIGFS,northern_hemisphere,global 0.25 degree,wind_speed,wind_speed,wind_speed 500,500,48,D2,-3.902
nested_global_vs_aigfs_regions,Nested-EAGLE-Global (AI),AIGFS,northern_hemisphere,global 0.25 degree,wind_speed,wind_speed,wind_speed 500,500,72,D3,-5.457
nested_global_vs_aigfs_regions,Nested-EAGLE-Global (AI),AIGFS,northern_hemisphere,global 0.25 degree,wind_speed,wind_speed,wind_speed 500,500,96,D4,-6.697
nested_global_vs_aigfs_regions,Nested-EAGLE-Global (AI),AIGFS,northern_hemisphere,global 0.25 degree,wind_speed,wind_speed,wind_speed 500,500,120,D5,-6.642
nested_global_vs_aigfs_regions,Nested-EAGLE-Global (AI),AIGFS,northern_hemisphere,global 0.25 degree,wind_speed,wind_speed,wind_speed 500,500,144,D6,-6.209
nested_global_vs_aigfs_regions,Nested-EAGLE-Global (AI),AIGFS,northern_hemisphere,global 0.25 degree,wind_speed,wind_speed,wind_speed 500,500,168,D7,-5.447
nested_global_vs_aigfs_regions,Nested-EAGLE-Global (AI),AIGFS,northern_hemisphere,global 0.25 degree,wind_speed,wind_speed,wind_speed 500,500,192,D8,-4.457
nested_global_vs_aigfs_regions,Nested-EAGLE-Global (AI),AIGFS,northern_hemisphere,global 0.25 degree,wind_speed,wind_speed,wind_speed 500,500,216,D9,-3.704
nested_global_vs_aigfs_regions,Nested-EAGLE-Global (AI),AIGFS,northern_hemisphere,global 0.25 degree,wind_speed,wind_speed,wind_speed 500,500,240,D10,-3.086
nested_global_vs_aigfs_regions,Nested-EAGLE-Global (AI),AIGFS,northern_hemisphere,global 0.25 degree,wind_speed,wind_speed,wind_speed 850,850,24,D1,-3.432
nested_global_vs_aigfs_regions,Nested-EAGLE-Global (AI),AIGFS,northern_hemisphere,global 0.25 degree,wind_speed,wind_speed,wind_speed 850,850,48,D2,-3.806
nested_global_vs_aigfs_regions,Nested-EAGLE-Global (AI),AIGFS,northern_hemisphere,global 0.25 degree,wind_speed,wind_speed,wind_speed 850,850,72,D3,-4.546
nested_global_vs_aigfs_regions,Nested-EAGLE-Global (AI),AIGFS,northern_hemisphere,global 0.25 degree,wind_speed,wind_speed,wind_speed 850,850,96,D4,-5.507
nested_global_vs_aigfs_regions,Nested-EAGLE-Global (AI),AIGFS,northern_hemisphere,global 0.25 degree,wind_speed,wind_speed,wind_speed 850,850,120,D5,-6.015
nested_global_vs_aigfs_regions,Nested-EAGLE-Global (AI),AIGFS,northern_hemisphere,global 0.25 degree,wind_speed,wind_speed,wind_speed 850,850,144,D6,-4.79
nested_global_vs_aigfs_regions,Nested-EAGLE-Global (AI),AIGFS,northern_hemisphere,global 0.25 degree,wind_speed,wind_speed,wind_speed 850,850,168,D7,-4.742
nested_global_vs_aigfs_regions,Nested-EAGLE-Global (AI),AIGFS,northern_hemisphere,global 0.25 degree,wind_speed,wind_speed,wind_speed 850,850,192,D8,-3.912
nested_global_vs_aigfs_regions,Nested-EAGLE-Global (AI),AIGFS,northern_hemisphere,global 0.25 degree,wind_speed,wind_speed,wind_speed 850,850,216,D9,-4.097
nested_global_vs_aigfs_regions,Nested-EAGLE-Global (AI),AIGFS,northern_hemisphere,global 0.25 degree,wind_speed,wind_speed,wind_speed 850,850,240,D10,-2.877
nested_global_vs_aigfs_regions,Nested-EAGLE-Global (AI),AIGFS,northern_hemisphere,global 0.25 degree,surface,10m_zonal_wind,10m_zonal_wind,,24,D1,0.087
nested_global_vs_aigfs_regions,Nested-EAGLE-Global (AI),AIGFS,northern_hemisphere,global 0.25 degree,surface,10m_zonal_wind,10m_zonal_wind,,48,D2,-1.103
nested_global_vs_aigfs_regions,Nested-EAGLE-Global (AI),AIGFS,northern_hemisphere,global 0.25 degree,surface,10m_zonal_wind,10m_zonal_wind,,72,D3,-2.617
nested_global_vs_aigfs_regions,Nested-EAGLE-Global (AI),AIGFS,northern_hemisphere,global 0.25 degree,surface,10m_zonal_wind,10m_zonal_wind,,96,D4,-4.178
nested_global_vs_aigfs_regions,Nested-EAGLE-Global (AI),AIGFS,northern_hemisphere,global 0.25 degree,surface,10m_zonal_wind,10m_zonal_wind,,120,D5,-5.396
nested_global_vs_aigfs_regions,Nested-EAGLE-Global (AI),AIGFS,northern_hemisphere,global 0.25 degree,surface,10m_zonal_wind,10m_zonal_wind,,144,D6,-5.894
nested_global_vs_aigfs_regions,Nested-EAGLE-Global (AI),AIGFS,northern_hemisphere,global 0.25 degree,surface,10m_zonal_wind,10m_zonal_wind,,168,D7,-5.369
nested_global_vs_aigfs_regions,Nested-EAGLE-Global (AI),AIGFS,northern_hemisphere,global 0.25 degree,surface,10m_zonal_wind,10m_zonal_wind,,192,D8,-5.952
nested_global_vs_aigfs_regions,Nested-EAGLE-Global (AI),AIGFS,northern_hemisphere,global 0.25 degree,surface,10m_zonal_wind,10m_zonal_wind,,216,D9,-6.002
nested_global_vs_aigfs_regions,Nested-EAGLE-Global (AI),AIGFS,northern_hemisphere,global 0.25 degree,surface,10m_zonal_wind,10m_zonal_wind,,240,D10,-5.467
nested_global_vs_aigfs_regions,Nested-EAGLE-Global (AI),AIGFS,northern_hemisphere,global 0.25 degree,surface,10m_meridional_wind,10m_meridional_wind,,24,D1,0.08
nested_global_vs_aigfs_regions,Nested-EAGLE-Global (AI),AIGFS,northern_hemisphere,global 0.25 degree,surface,10m_meridional_wind,10m_meridional_wind,,48,D2,-1.35
nested_global_vs_aigfs_regions,Nested-EAGLE-Global (AI),AIGFS,northern_hemisphere,global 0.25 degree,surface,10m_meridional_wind,10m_meridional_wind,,72,D3,-2.867
nested_global_vs_aigfs_regions,Nested-EAGLE-Global (AI),AIGFS,northern_hemisphere,global 0.25 degree,surface,10m_meridional_wind,10m_meridional_wind,,96,D4,-4.412
nested_global_vs_aigfs_regions,Nested-EAGLE-Global (AI),AIGFS,northern_hemisphere,global 0.25 degree,surface,10m_meridional_wind,10m_meridional_wind,,120,D5,-5.703
nested_global_vs_aigfs_regions,Nested-EAGLE-Global (AI),AIGFS,northern_hemisphere,global 0.25 degree,surface,10m_meridional_wind,10m_meridional_wind,,144,D6,-5.267
nested_global_vs_aigfs_regions,Nested-EAGLE-Global (AI),AIGFS,northern_hemisphere,global 0.25 degree,surface,10m_meridional_wind,10m_meridional_wind,,168,D7,-5.049
nested_global_vs_aigfs_regions,Nested-EAGLE-Global (AI),AIGFS,northern_hemisphere,global 0.25 degree,surface,10m_meridional_wind,10m_meridional_wind,,192,D8,-5.348
nested_global_vs_aigfs_regions,Nested-EAGLE-Global (AI),AIGFS,northern_hemisphere,global 0.25 degree,surface,10m_meridional_wind,10m_meridional_wind,,216,D9,-5.484
nested_global_vs_aigfs_regions,Nested-EAGLE-Global (AI),AIGFS,northern_hemisphere,global 0.25 degree,surface,10m_meridional_wind,10m_meridional_wind,,240,D10,-4.579
nested_global_vs_aigfs_regions,Nested-EAGLE-Global (AI),AIGFS,northern_hemisphere,global 0.25 degree,surface,2m_temperature,2m_temperature,,24,D1,-2.597
nested_global_vs_aigfs_regions,Nested-EAGLE-Global (AI),AIGFS,northern_hemisphere,global 0.25 degree,surface,2m_temperature,2m_temperature,,48,D2,-3.808
nested_global_vs_aigfs_regions,Nested-EAGLE-Global (AI),AIGFS,northern_hemisphere,global 0.25 degree,surface,2m_temperature,2m_temperature,,72,D3,-4.53
nested_global_vs_aigfs_regions,Nested-EAGLE-Global (AI),AIGFS,northern_hemisphere,global 0.25 degree,surface,2m_temperature,2m_temperature,,96,D4,-4.919
nested_global_vs_aigfs_regions,Nested-EAGLE-Global (AI),AIGFS,northern_hemisphere,global 0.25 degree,surface,2m_temperature,2m_temperature,,120,D5,-5.425
nested_global_vs_aigfs_regions,Nested-EAGLE-Global (AI),AIGFS,northern_hemisphere,global 0.25 degree,surface,2m_temperature,2m_temperature,,144,D6,-5.679
nested_global_vs_aigfs_regions,Nested-EAGLE-Global (AI),AIGFS,northern_hemisphere,global 0.25 degree,surface,2m_temperature,2m_temperature,,168,D7,-5.711
nested_global_vs_aigfs_regions,Nested-EAGLE-Global (AI),AIGFS,northern_hemisphere,global 0.25 degree,surface,2m_temperature,2m_temperature,,192,D8,-5.928
nested_global_vs_aigfs_regions,Nested-EAGLE-Global (AI),AIGFS,northern_hemisphere,global 0.25 degree,surface,2m_temperature,2m_temperature,,216,D9,-4.013
nested_global_vs_aigfs_regions,Nested-EAGLE-Global (AI),AIGFS,northern_hemisphere,global 0.25 degree,surface,2m_temperature,2m_temperature,,240,D10,-3.367
nested_global_vs_aigfs_regions,Nested-EAGLE-Global (AI),AIGFS,northern_hemisphere,global 0.25 degree,surface,10m_wind_speed,10m_wind_speed,,24,D1,2.003
nested_global_vs_aigfs_regions,Nested-EAGLE-Global (AI),AIGFS,northern_hemisphere,global 0.25 degree,surface,10m_wind_speed,10m_wind_speed,,48,D2,0.903
nested_global_vs_aigfs_regions,Nested-EAGLE-Global (AI),AIGFS,northern_hemisphere,global 0.25 degree,surface,10m_wind_speed,10m_wind_speed,,72,D3,-0.308
nested_global_vs_aigfs_regions,Nested-EAGLE-Global (AI),AIGFS,northern_hemisphere,global 0.25 degree,surface,10m_wind_speed,10m_wind_speed,,96,D4,-1.67
nested_global_vs_aigfs_regions,Nested-EAGLE-Global (AI),AIGFS,northern_hemisphere,global 0.25 degree,surface,10m_wind_speed,10m_wind_speed,,120,D5,-2.957
nested_global_vs_aigfs_regions,Nested-EAGLE-Global (AI),AIGFS,northern_hemisphere,global 0.25 degree,surface,10m_wind_speed,10m_wind_speed,,144,D6,-3.186
nested_global_vs_aigfs_regions,Nested-EAGLE-Global (AI),AIGFS,northern_hemisphere,global 0.25 degree,surface,10m_wind_speed,10m_wind_speed,,168,D7,-3.596
nested_global_vs_aigfs_regions,Nested-EAGLE-Global (AI),AIGFS,northern_hemisphere,global 0.25 degree,surface,10m_wind_speed,10m_wind_speed,,192,D8,-4.311
nested_global_vs_aigfs_regions,Nested-EAGLE-Global (AI),AIGFS,northern_hemisphere,global 0.25 degree,surface,10m_wind_speed,10m_wind_speed,,216,D9,-4.095
nested_global_vs_aigfs_regions,Nested-EAGLE-Global (AI),AIGFS,northern_hemisphere,global 0.25 degree,surface,10m_wind_speed,10m_wind_speed,,240,D10,-3.771
nested_global_vs_aigfs_regions,Nested-EAGLE-Global (AI),AIGFS,southern_hemisphere,global 0.25 degree,geopotential_height,geopotential_height,geopotential_height 250,250,24,D1,1.069
nested_global_vs_aigfs_regions,Nested-EAGLE-Global (AI),AIGFS,southern_hemisphere,global 0.25 degree,geopotential_height,geopotential_height,geopotential_height 250,250,48,D2,-3.82
nested_global_vs_aigfs_regions,Nested-EAGLE-Global (AI),AIGFS,southern_hemisphere,global 0.25 degree,geopotential_height,geopotential_height,geopotential_height 250,250,72,D3,-2.946
nested_global_vs_aigfs_regions,Nested-EAGLE-Global (AI),AIGFS,southern_hemisphere,global 0.25 degree,geopotential_height,geopotential_height,geopotential_height 250,250,96,D4,-4.351
nested_global_vs_aigfs_regions,Nested-EAGLE-Global (AI),AIGFS,southern_hemisphere,global 0.25 degree,geopotential_height,geopotential_height,geopotential_height 250,250,120,D5,-6.503
nested_global_vs_aigfs_regions,Nested-EAGLE-Global (AI),AIGFS,southern_hemisphere,global 0.25 degree,geopotential_height,geopotential_height,geopotential_height 250,250,144,D6,-8.314
nested_global_vs_aigfs_regions,Nested-EAGLE-Global (AI),AIGFS,southern_hemisphere,global 0.25 degree,geopotential_height,geopotential_height,geopotential_height 250,250,168,D7,-11.006
nested_global_vs_aigfs_regions,Nested-EAGLE-Global (AI),AIGFS,southern_hemisphere,global 0.25 degree,geopotential_height,geopotential_height,geopotential_height 250,250,192,D8,-11.336
nested_global_vs_aigfs_regions,Nested-EAGLE-Global (AI),AIGFS,southern_hemisphere,global 0.25 degree,geopotential_height,geopotential_height,geopotential_height 250,250,216,D9,-10.731
nested_global_vs_aigfs_regions,Nested-EAGLE-Global (AI),AIGFS,southern_hemisphere,global 0.25 degree,geopotential_height,geopotential_height,geopotential_height 250,250,240,D10,-8.037
nested_global_vs_aigfs_regions,Nested-EAGLE-Global (AI),AIGFS,southern_hemisphere,global 0.25 degree,geopotential_height,geopotential_height,geopotential_height 500,500,24,D1,-2.557
nested_global_vs_aigfs_regions,Nested-EAGLE-Global (AI),AIGFS,southern_hemisphere,global 0.25 degree,geopotential_height,geopotential_height,geopotential_height 500,500,48,D2,-5.447
nested_global_vs_aigfs_regions,Nested-EAGLE-Global (AI),AIGFS,southern_hemisphere,global 0.25 degree,geopotential_height,geopotential_height,geopotential_height 500,500,72,D3,-2.63
nested_global_vs_aigfs_regions,Nested-EAGLE-Global (AI),AIGFS,southern_hemisphere,global 0.25 degree,geopotential_height,geopotential_height,geopotential_height 500,500,96,D4,-2.601
nested_global_vs_aigfs_regions,Nested-EAGLE-Global (AI),AIGFS,southern_hemisphere,global 0.25 degree,geopotential_height,geopotential_height,geopotential_height 500,500,120,D5,-5.636
nested_global_vs_aigfs_regions,Nested-EAGLE-Global (AI),AIGFS,southern_hemisphere,global 0.25 degree,geopotential_height,geopotential_height,geopotential_height 500,500,144,D6,-8.691
nested_global_vs_aigfs_regions,Nested-EAGLE-Global (AI),AIGFS,southern_hemisphere,global 0.25 degree,geopotential_height,geopotential_height,geopotential_height 500,500,168,D7,-8.062
nested_global_vs_aigfs_regions,Nested-EAGLE-Global (AI),AIGFS,southern_hemisphere,global 0.25 degree,geopotential_height,geopotential_height,geopotential_height 500,500,192,D8,-9.52
nested_global_vs_aigfs_regions,Nested-EAGLE-Global (AI),AIGFS,southern_hemisphere,global 0.25 degree,geopotential_height,geopotential_height,geopotential_height 500,500,216,D9,-10.202
nested_global_vs_aigfs_regions,Nested-EAGLE-Global (AI),AIGFS,southern_hemisphere,global 0.25 degree,geopotential_height,geopotential_height,geopotential_height 500,500,240,D10,-6.728
nested_global_vs_aigfs_regions,Nested-EAGLE-Global (AI),AIGFS,southern_hemisphere,global 0.25 degree,geopotential_height,geopotential_height,geopotential_height 850,850,24,D1,-9.115
nested_global_vs_aigfs_regions,Nested-EAGLE-Global (AI),AIGFS,southern_hemisphere,global 0.25 degree,geopotential_height,geopotential_height,geopotential_height 850,850,48,D2,-10.078
nested_global_vs_aigfs_regions,Nested-EAGLE-Global (AI),AIGFS,southern_hemisphere,global 0.25 degree,geopotential_height,geopotential_height,geopotential_height 850,850,72,D3,-6.22
nested_global_vs_aigfs_regions,Nested-EAGLE-Global (AI),AIGFS,southern_hemisphere,global 0.25 degree,geopotential_height,geopotential_height,geopotential_height 850,850,96,D4,-5.274
nested_global_vs_aigfs_regions,Nested-EAGLE-Global (AI),AIGFS,southern_hemisphere,global 0.25 degree,geopotential_height,geopotential_height,geopotential_height 850,850,120,D5,-6.809
nested_global_vs_aigfs_regions,Nested-EAGLE-Global (AI),AIGFS,southern_hemisphere,global 0.25 degree,geopotential_height,geopotential_height,geopotential_height 850,850,144,D6,-8.042
nested_global_vs_aigfs_regions,Nested-EAGLE-Global (AI),AIGFS,southern_hemisphere,global 0.25 degree,geopotential_height,geopotential_height,geopotential_height 850,850,168,D7,-6.62
nested_global_vs_aigfs_regions,Nested-EAGLE-Global (AI),AIGFS,southern_hemisphere,global 0.25 degree,geopotential_height,geopotential_height,geopotential_height 850,850,192,D8,-6.711
nested_global_vs_aigfs_regions,Nested-EAGLE-Global (AI),AIGFS,southern_hemisphere,global 0.25 degree,geopotential_height,geopotential_height,geopotential_height 850,850,216,D9,-7.52
nested_global_vs_aigfs_regions,Nested-EAGLE-Global (AI),AIGFS,southern_hemisphere,global 0.25 degree,geopotential_height,geopotential_height,geopotential_height 850,850,240,D10,-6.801
nested_global_vs_aigfs_regions,Nested-EAGLE-Global (AI),AIGFS,southern_hemisphere,global 0.25 degree,zonal_wind,zonal_wind,zonal_wind 250,250,24,D1,-1.306
nested_global_vs_aigfs_regions,Nested-EAGLE-Global (AI),AIGFS,southern_hemisphere,global 0.25 degree,zonal_wind,zonal_wind,zonal_wind 250,250,48,D2,-5.107
nested_global_vs_aigfs_regions,Nested-EAGLE-Global (AI),AIGFS,southern_hemisphere,global 0.25 degree,zonal_wind,zonal_wind,zonal_wind 250,250,72,D3,-6.438
nested_global_vs_aigfs_regions,Nested-EAGLE-Global (AI),AIGFS,southern_hemisphere,global 0.25 degree,zonal_wind,zonal_wind,zonal_wind 250,250,96,D4,-6.859
nested_global_vs_aigfs_regions,Nested-EAGLE-Global (AI),AIGFS,southern_hemisphere,global 0.25 degree,zonal_wind,zonal_wind,zonal_wind 250,250,120,D5,-11.259
nested_global_vs_aigfs_regions,Nested-EAGLE-Global (AI),AIGFS,southern_hemisphere,global 0.25 degree,zonal_wind,zonal_wind,zonal_wind 250,250,144,D6,-9.343
nested_global_vs_aigfs_regions,Nested-EAGLE-Global (AI),AIGFS,southern_hemisphere,global 0.25 degree,zonal_wind,zonal_wind,zonal_wind 250,250,168,D7,-8.644
nested_global_vs_aigfs_regions,Nested-EAGLE-Global (AI),AIGFS,southern_hemisphere,global 0.25 degree,zonal_wind,zonal_wind,zonal_wind 250,250,192,D8,-9.188
nested_global_vs_aigfs_regions,Nested-EAGLE-Global (AI),AIGFS,southern_hemisphere,global 0.25 degree,zonal_wind,zonal_wind,zonal_wind 250,250,216,D9,-8.186
nested_global_vs_aigfs_regions,Nested-EAGLE-Global (AI),AIGFS,southern_hemisphere,global 0.25 degree,zonal_wind,zonal_wind,zonal_wind 250,250,240,D10,-11.008
nested_global_vs_aigfs_regions,Nested-EAGLE-Global (AI),AIGFS,southern_hemisphere,global 0.25 degree,zonal_wind,zonal_wind,zonal_wind 500,500,24,D1,-2.826
nested_global_vs_aigfs_regions,Nested-EAGLE-Global (AI),AIGFS,southern_hemisphere,global 0.25 degree,zonal_wind,zonal_wind,zonal_wind 500,500,48,D2,-5.263
nested_global_vs_aigfs_regions,Nested-EAGLE-Global (AI),AIGFS,southern_hemisphere,global 0.25 degree,zonal_wind,zonal_wind,zonal_wind 500,500,72,D3,-5.114
nested_global_vs_aigfs_regions,Nested-EAGLE-Global (AI),AIGFS,southern_hemisphere,global 0.25 degree,zonal_wind,zonal_wind,zonal_wind 500,500,96,D4,-5.623
nested_global_vs_aigfs_regions,Nested-EAGLE-Global (AI),AIGFS,southern_hemisphere,global 0.25 degree,zonal_wind,zonal_wind,zonal_wind 500,500,120,D5,-6.095
nested_global_vs_aigfs_regions,Nested-EAGLE-Global (AI),AIGFS,southern_hemisphere,global 0.25 degree,zonal_wind,zonal_wind,zonal_wind 500,500,144,D6,-8.814
nested_global_vs_aigfs_regions,Nested-EAGLE-Global (AI),AIGFS,southern_hemisphere,global 0.25 degree,zonal_wind,zonal_wind,zonal_wind 500,500,168,D7,-5.962
nested_global_vs_aigfs_regions,Nested-EAGLE-Global (AI),AIGFS,southern_hemisphere,global 0.25 degree,zonal_wind,zonal_wind,zonal_wind 500,500,192,D8,-6.392
nested_global_vs_aigfs_regions,Nested-EAGLE-Global (AI),AIGFS,southern_hemisphere,global 0.25 degree,zonal_wind,zonal_wind,zonal_wind 500,500,216,D9,-6.893
nested_global_vs_aigfs_regions,Nested-EAGLE-Global (AI),AIGFS,southern_hemisphere,global 0.25 degree,zonal_wind,zonal_wind,zonal_wind 500,500,240,D10,-10.107
nested_global_vs_aigfs_regions,Nested-EAGLE-Global (AI),AIGFS,southern_hemisphere,global 0.25 degree,zonal_wind,zonal_wind,zonal_wind 850,850,24,D1,-2.055
nested_global_vs_aigfs_regions,Nested-EAGLE-Global (AI),AIGFS,southern_hemisphere,global 0.25 degree,zonal_wind,zonal_wind,zonal_wind 850,850,48,D2,-2.927
nested_global_vs_aigfs_regions,Nested-EAGLE-Global (AI),AIGFS,southern_hemisphere,global 0.25 degree,zonal_wind,zonal_wind,zonal_wind 850,850,72,D3,-3.219
nested_global_vs_aigfs_regions,Nested-EAGLE-Global (AI),AIGFS,southern_hemisphere,global 0.25 degree,zonal_wind,zonal_wind,zonal_wind 850,850,96,D4,-3.622
nested_global_vs_aigfs_regions,Nested-EAGLE-Global (AI),AIGFS,southern_hemisphere,global 0.25 degree,zonal_wind,zonal_wind,zonal_wind 850,850,120,D5,-7.367
nested_global_vs_aigfs_regions,Nested-EAGLE-Global (AI),AIGFS,southern_hemisphere,global 0.25 degree,zonal_wind,zonal_wind,zonal_wind 850,850,144,D6,-7.75
nested_global_vs_aigfs_regions,Nested-EAGLE-Global (AI),AIGFS,southern_hemisphere,global 0.25 degree,zonal_wind,zonal_wind,zonal_wind 850,850,168,D7,-8.086
nested_global_vs_aigfs_regions,Nested-EAGLE-Global (AI),AIGFS,southern_hemisphere,global 0.25 degree,zonal_wind,zonal_wind,zonal_wind 850,850,192,D8,-5.02
nested_global_vs_aigfs_regions,Nested-EAGLE-Global (AI),AIGFS,southern_hemisphere,global 0.25 degree,zonal_wind,zonal_wind,zonal_wind 850,850,216,D9,-7.043
nested_global_vs_aigfs_regions,Nested-EAGLE-Global (AI),AIGFS,southern_hemisphere,global 0.25 degree,zonal_wind,zonal_wind,zonal_wind 850,850,240,D10,-7.272
nested_global_vs_aigfs_regions,Nested-EAGLE-Global (AI),AIGFS,southern_hemisphere,global 0.25 degree,meridional_wind,meridional_wind,meridional_wind 250,250,24,D1,-0.875
nested_global_vs_aigfs_regions,Nested-EAGLE-Global (AI),AIGFS,southern_hemisphere,global 0.25 degree,meridional_wind,meridional_wind,meridional_wind 250,250,48,D2,-3.306
nested_global_vs_aigfs_regions,Nested-EAGLE-Global (AI),AIGFS,southern_hemisphere,global 0.25 degree,meridional_wind,meridional_wind,meridional_wind 250,250,72,D3,-6.109
nested_global_vs_aigfs_regions,Nested-EAGLE-Global (AI),AIGFS,southern_hemisphere,global 0.25 degree,meridional_wind,meridional_wind,meridional_wind 250,250,96,D4,-6.604
nested_global_vs_aigfs_regions,Nested-EAGLE-Global (AI),AIGFS,southern_hemisphere,global 0.25 degree,meridional_wind,meridional_wind,meridional_wind 250,250,120,D5,-8.189
nested_global_vs_aigfs_regions,Nested-EAGLE-Global (AI),AIGFS,southern_hemisphere,global 0.25 degree,meridional_wind,meridional_wind,meridional_wind 250,250,144,D6,-9.528
nested_global_vs_aigfs_regions,Nested-EAGLE-Global (AI),AIGFS,southern_hemisphere,global 0.25 degree,meridional_wind,meridional_wind,meridional_wind 250,250,168,D7,-9.187
nested_global_vs_aigfs_regions,Nested-EAGLE-Global (AI),AIGFS,southern_hemisphere,global 0.25 degree,meridional_wind,meridional_wind,meridional_wind 250,250,192,D8,-11.324
nested_global_vs_aigfs_regions,Nested-EAGLE-Global (AI),AIGFS,southern_hemisphere,global 0.25 degree,meridional_wind,meridional_wind,meridional_wind 250,250,216,D9,-9.207
nested_global_vs_aigfs_regions,Nested-EAGLE-Global (AI),AIGFS,southern_hemisphere,global 0.25 degree,meridional_wind,meridional_wind,meridional_wind 250,250,240,D10,-4.746
nested_global_vs_aigfs_regions,Nested-EAGLE-Global (AI),AIGFS,southern_hemisphere,global 0.25 degree,meridional_wind,meridional_wind,meridional_wind 500,500,24,D1,-2.202
nested_global_vs_aigfs_regions,Nested-EAGLE-Global (AI),AIGFS,southern_hemisphere,global 0.25 degree,meridional_wind,meridional_wind,meridional_wind 500,500,48,D2,-3.213
nested_global_vs_aigfs_regions,Nested-EAGLE-Global (AI),AIGFS,southern_hemisphere,global 0.25 degree,meridional_wind,meridional_wind,meridional_wind 500,500,72,D3,-5.014
nested_global_vs_aigfs_regions,Nested-EAGLE-Global (AI),AIGFS,southern_hemisphere,global 0.25 degree,meridional_wind,meridional_wind,meridional_wind 500,500,96,D4,-4.878
nested_global_vs_aigfs_regions,Nested-EAGLE-Global (AI),AIGFS,southern_hemisphere,global 0.25 degree,meridional_wind,meridional_wind,meridional_wind 500,500,120,D5,-6.063
nested_global_vs_aigfs_regions,Nested-EAGLE-Global (AI),AIGFS,southern_hemisphere,global 0.25 degree,meridional_wind,meridional_wind,meridional_wind 500,500,144,D6,-8.041
nested_global_vs_aigfs_regions,Nested-EAGLE-Global (AI),AIGFS,southern_hemisphere,global 0.25 degree,meridional_wind,meridional_wind,meridional_wind 500,500,168,D7,-10.082
nested_global_vs_aigfs_regions,Nested-EAGLE-Global (AI),AIGFS,southern_hemisphere,global 0.25 degree,meridional_wind,meridional_wind,meridional_wind 500,500,192,D8,-9.009
nested_global_vs_aigfs_regions,Nested-EAGLE-Global (AI),AIGFS,southern_hemisphere,global 0.25 degree,meridional_wind,meridional_wind,meridional_wind 500,500,216,D9,-5.925
nested_global_vs_aigfs_regions,Nested-EAGLE-Global (AI),AIGFS,southern_hemisphere,global 0.25 degree,meridional_wind,meridional_wind,meridional_wind 500,500,240,D10,-3.377
nested_global_vs_aigfs_regions,Nested-EAGLE-Global (AI),AIGFS,southern_hemisphere,global 0.25 degree,meridional_wind,meridional_wind,meridional_wind 850,850,24,D1,-4.905
nested_global_vs_aigfs_regions,Nested-EAGLE-Global (AI),AIGFS,southern_hemisphere,global 0.25 degree,meridional_wind,meridional_wind,meridional_wind 850,850,48,D2,-5.401
nested_global_vs_aigfs_regions,Nested-EAGLE-Global (AI),AIGFS,southern_hemisphere,global 0.25 degree,meridional_wind,meridional_wind,meridional_wind 850,850,72,D3,-6.016
nested_global_vs_aigfs_regions,Nested-EAGLE-Global (AI),AIGFS,southern_hemisphere,global 0.25 degree,meridional_wind,meridional_wind,meridional_wind 850,850,96,D4,-4.086
nested_global_vs_aigfs_regions,Nested-EAGLE-Global (AI),AIGFS,southern_hemisphere,global 0.25 degree,meridional_wind,meridional_wind,meridional_wind 850,850,120,D5,-4.002
nested_global_vs_aigfs_regions,Nested-EAGLE-Global (AI),AIGFS,southern_hemisphere,global 0.25 degree,meridional_wind,meridional_wind,meridional_wind 850,850,144,D6,-6.974
nested_global_vs_aigfs_regions,Nested-EAGLE-Global (AI),AIGFS,southern_hemisphere,global 0.25 degree,meridional_wind,meridional_wind,meridional_wind 850,850,168,D7,-6.936
nested_global_vs_aigfs_regions,Nested-EAGLE-Global (AI),AIGFS,southern_hemisphere,global 0.25 degree,meridional_wind,meridional_wind,meridional_wind 850,850,192,D8,-5.505
nested_global_vs_aigfs_regions,Nested-EAGLE-Global (AI),AIGFS,southern_hemisphere,global 0.25 degree,meridional_wind,meridional_wind,meridional_wind 850,850,216,D9,-3.539
nested_global_vs_aigfs_regions,Nested-EAGLE-Global (AI),AIGFS,southern_hemisphere,global 0.25 degree,meridional_wind,meridional_wind,meridional_wind 850,850,240,D10,-5.214
nested_global_vs_aigfs_regions,Nested-EAGLE-Global (AI),AIGFS,southern_hemisphere,global 0.25 degree,temperature,temperature,temperature 250,250,24,D1,1.991
nested_global_vs_aigfs_regions,Nested-EAGLE-Global (AI),AIGFS,southern_hemisphere,global 0.25 degree,temperature,temperature,temperature 250,250,48,D2,-1.62
nested_global_vs_aigfs_regions,Nested-EAGLE-Global (AI),AIGFS,southern_hemisphere,global 0.25 degree,temperature,temperature,temperature 250,250,72,D3,-2.301
nested_global_vs_aigfs_regions,Nested-EAGLE-Global (AI),AIGFS,southern_hemisphere,global 0.25 degree,temperature,temperature,temperature 250,250,96,D4,-2.522
nested_global_vs_aigfs_regions,Nested-EAGLE-Global (AI),AIGFS,southern_hemisphere,global 0.25 degree,temperature,temperature,temperature 250,250,120,D5,-4.854
nested_global_vs_aigfs_regions,Nested-EAGLE-Global (AI),AIGFS,southern_hemisphere,global 0.25 degree,temperature,temperature,temperature 250,250,144,D6,-9.004
nested_global_vs_aigfs_regions,Nested-EAGLE-Global (AI),AIGFS,southern_hemisphere,global 0.25 degree,temperature,temperature,temperature 250,250,168,D7,-10.083
nested_global_vs_aigfs_regions,Nested-EAGLE-Global (AI),AIGFS,southern_hemisphere,global 0.25 degree,temperature,temperature,temperature 250,250,192,D8,-7.854
nested_global_vs_aigfs_regions,Nested-EAGLE-Global (AI),AIGFS,southern_hemisphere,global 0.25 degree,temperature,temperature,temperature 250,250,216,D9,-9.576
nested_global_vs_aigfs_regions,Nested-EAGLE-Global (AI),AIGFS,southern_hemisphere,global 0.25 degree,temperature,temperature,temperature 250,250,240,D10,-6.299
nested_global_vs_aigfs_regions,Nested-EAGLE-Global (AI),AIGFS,southern_hemisphere,global 0.25 degree,temperature,temperature,temperature 500,500,24,D1,-1.644
nested_global_vs_aigfs_regions,Nested-EAGLE-Global (AI),AIGFS,southern_hemisphere,global 0.25 degree,temperature,temperature,temperature 500,500,48,D2,-3.576
nested_global_vs_aigfs_regions,Nested-EAGLE-Global (AI),AIGFS,southern_hemisphere,global 0.25 degree,temperature,temperature,temperature 500,500,72,D3,-2.959
nested_global_vs_aigfs_regions,Nested-EAGLE-Global (AI),AIGFS,southern_hemisphere,global 0.25 degree,temperature,temperature,temperature 500,500,96,D4,-3.843
nested_global_vs_aigfs_regions,Nested-EAGLE-Global (AI),AIGFS,southern_hemisphere,global 0.25 degree,temperature,temperature,temperature 500,500,120,D5,-4.199
nested_global_vs_aigfs_regions,Nested-EAGLE-Global (AI),AIGFS,southern_hemisphere,global 0.25 degree,temperature,temperature,temperature 500,500,144,D6,-7.188
nested_global_vs_aigfs_regions,Nested-EAGLE-Global (AI),AIGFS,southern_hemisphere,global 0.25 degree,temperature,temperature,temperature 500,500,168,D7,-7.683
nested_global_vs_aigfs_regions,Nested-EAGLE-Global (AI),AIGFS,southern_hemisphere,global 0.25 degree,temperature,temperature,temperature 500,500,192,D8,-7.781
nested_global_vs_aigfs_regions,Nested-EAGLE-Global (AI),AIGFS,southern_hemisphere,global 0.25 degree,temperature,temperature,temperature 500,500,216,D9,-7.792
nested_global_vs_aigfs_regions,Nested-EAGLE-Global (AI),AIGFS,southern_hemisphere,global 0.25 degree,temperature,temperature,temperature 500,500,240,D10,-6.004
nested_global_vs_aigfs_regions,Nested-EAGLE-Global (AI),AIGFS,southern_hemisphere,global 0.25 degree,temperature,temperature,temperature 850,850,24,D1,-3.044
nested_global_vs_aigfs_regions,Nested-EAGLE-Global (AI),AIGFS,southern_hemisphere,global 0.25 degree,temperature,temperature,temperature 850,850,48,D2,-4.53
nested_global_vs_aigfs_regions,Nested-EAGLE-Global (AI),AIGFS,southern_hemisphere,global 0.25 degree,temperature,temperature,temperature 850,850,72,D3,-5.639
nested_global_vs_aigfs_regions,Nested-EAGLE-Global (AI),AIGFS,southern_hemisphere,global 0.25 degree,temperature,temperature,temperature 850,850,96,D4,-5.646
nested_global_vs_aigfs_regions,Nested-EAGLE-Global (AI),AIGFS,southern_hemisphere,global 0.25 degree,temperature,temperature,temperature 850,850,120,D5,-7.637
nested_global_vs_aigfs_regions,Nested-EAGLE-Global (AI),AIGFS,southern_hemisphere,global 0.25 degree,temperature,temperature,temperature 850,850,144,D6,-7.418
nested_global_vs_aigfs_regions,Nested-EAGLE-Global (AI),AIGFS,southern_hemisphere,global 0.25 degree,temperature,temperature,temperature 850,850,168,D7,-8.147
nested_global_vs_aigfs_regions,Nested-EAGLE-Global (AI),AIGFS,southern_hemisphere,global 0.25 degree,temperature,temperature,temperature 850,850,192,D8,-9.552
nested_global_vs_aigfs_regions,Nested-EAGLE-Global (AI),AIGFS,southern_hemisphere,global 0.25 degree,temperature,temperature,temperature 850,850,216,D9,-7.764
nested_global_vs_aigfs_regions,Nested-EAGLE-Global (AI),AIGFS,southern_hemisphere,global 0.25 degree,temperature,temperature,temperature 850,850,240,D10,-7.418
nested_global_vs_aigfs_regions,Nested-EAGLE-Global (AI),AIGFS,southern_hemisphere,global 0.25 degree,specific_humidity,specific_humidity,specific_humidity 250,250,24,D1,-1.56
nested_global_vs_aigfs_regions,Nested-EAGLE-Global (AI),AIGFS,southern_hemisphere,global 0.25 degree,specific_humidity,specific_humidity,specific_humidity 250,250,48,D2,-1.558
nested_global_vs_aigfs_regions,Nested-EAGLE-Global (AI),AIGFS,southern_hemisphere,global 0.25 degree,specific_humidity,specific_humidity,specific_humidity 250,250,72,D3,-0.921
nested_global_vs_aigfs_regions,Nested-EAGLE-Global (AI),AIGFS,southern_hemisphere,global 0.25 degree,specific_humidity,specific_humidity,specific_humidity 250,250,96,D4,-3.545
nested_global_vs_aigfs_regions,Nested-EAGLE-Global (AI),AIGFS,southern_hemisphere,global 0.25 degree,specific_humidity,specific_humidity,specific_humidity 250,250,120,D5,-3.717
nested_global_vs_aigfs_regions,Nested-EAGLE-Global (AI),AIGFS,southern_hemisphere,global 0.25 degree,specific_humidity,specific_humidity,specific_humidity 250,250,144,D6,-6.631
nested_global_vs_aigfs_regions,Nested-EAGLE-Global (AI),AIGFS,southern_hemisphere,global 0.25 degree,specific_humidity,specific_humidity,specific_humidity 250,250,168,D7,-8.031
nested_global_vs_aigfs_regions,Nested-EAGLE-Global (AI),AIGFS,southern_hemisphere,global 0.25 degree,specific_humidity,specific_humidity,specific_humidity 250,250,192,D8,-7.756
nested_global_vs_aigfs_regions,Nested-EAGLE-Global (AI),AIGFS,southern_hemisphere,global 0.25 degree,specific_humidity,specific_humidity,specific_humidity 250,250,216,D9,-9.878
nested_global_vs_aigfs_regions,Nested-EAGLE-Global (AI),AIGFS,southern_hemisphere,global 0.25 degree,specific_humidity,specific_humidity,specific_humidity 250,250,240,D10,-8.062
nested_global_vs_aigfs_regions,Nested-EAGLE-Global (AI),AIGFS,southern_hemisphere,global 0.25 degree,specific_humidity,specific_humidity,specific_humidity 500,500,24,D1,0.915
nested_global_vs_aigfs_regions,Nested-EAGLE-Global (AI),AIGFS,southern_hemisphere,global 0.25 degree,specific_humidity,specific_humidity,specific_humidity 500,500,48,D2,-1.651
nested_global_vs_aigfs_regions,Nested-EAGLE-Global (AI),AIGFS,southern_hemisphere,global 0.25 degree,specific_humidity,specific_humidity,specific_humidity 500,500,72,D3,-3.512
nested_global_vs_aigfs_regions,Nested-EAGLE-Global (AI),AIGFS,southern_hemisphere,global 0.25 degree,specific_humidity,specific_humidity,specific_humidity 500,500,96,D4,-4.549
nested_global_vs_aigfs_regions,Nested-EAGLE-Global (AI),AIGFS,southern_hemisphere,global 0.25 degree,specific_humidity,specific_humidity,specific_humidity 500,500,120,D5,-4.092
nested_global_vs_aigfs_regions,Nested-EAGLE-Global (AI),AIGFS,southern_hemisphere,global 0.25 degree,specific_humidity,specific_humidity,specific_humidity 500,500,144,D6,-5.858
nested_global_vs_aigfs_regions,Nested-EAGLE-Global (AI),AIGFS,southern_hemisphere,global 0.25 degree,specific_humidity,specific_humidity,specific_humidity 500,500,168,D7,-10.113
nested_global_vs_aigfs_regions,Nested-EAGLE-Global (AI),AIGFS,southern_hemisphere,global 0.25 degree,specific_humidity,specific_humidity,specific_humidity 500,500,192,D8,-13.145
nested_global_vs_aigfs_regions,Nested-EAGLE-Global (AI),AIGFS,southern_hemisphere,global 0.25 degree,specific_humidity,specific_humidity,specific_humidity 500,500,216,D9,-12.456
nested_global_vs_aigfs_regions,Nested-EAGLE-Global (AI),AIGFS,southern_hemisphere,global 0.25 degree,specific_humidity,specific_humidity,specific_humidity 500,500,240,D10,-3.962
nested_global_vs_aigfs_regions,Nested-EAGLE-Global (AI),AIGFS,southern_hemisphere,global 0.25 degree,specific_humidity,specific_humidity,specific_humidity 850,850,24,D1,-7.051
nested_global_vs_aigfs_regions,Nested-EAGLE-Global (AI),AIGFS,southern_hemisphere,global 0.25 degree,specific_humidity,specific_humidity,specific_humidity 850,850,48,D2,-5.257
nested_global_vs_aigfs_regions,Nested-EAGLE-Global (AI),AIGFS,southern_hemisphere,global 0.25 degree,specific_humidity,specific_humidity,specific_humidity 850,850,72,D3,-4.298
nested_global_vs_aigfs_regions,Nested-EAGLE-Global (AI),AIGFS,southern_hemisphere,global 0.25 degree,specific_humidity,specific_humidity,specific_humidity 850,850,96,D4,-4.249
nested_global_vs_aigfs_regions,Nested-EAGLE-Global (AI),AIGFS,southern_hemisphere,global 0.25 degree,specific_humidity,specific_humidity,specific_humidity 850,850,120,D5,-4.911
nested_global_vs_aigfs_regions,Nested-EAGLE-Global (AI),AIGFS,southern_hemisphere,global 0.25 degree,specific_humidity,specific_humidity,specific_humidity 850,850,144,D6,-3.578
nested_global_vs_aigfs_regions,Nested-EAGLE-Global (AI),AIGFS,southern_hemisphere,global 0.25 degree,specific_humidity,specific_humidity,specific_humidity 850,850,168,D7,-5.46
nested_global_vs_aigfs_regions,Nested-EAGLE-Global (AI),AIGFS,southern_hemisphere,global 0.25 degree,specific_humidity,specific_humidity,specific_humidity 850,850,192,D8,-2.84
nested_global_vs_aigfs_regions,Nested-EAGLE-Global (AI),AIGFS,southern_hemisphere,global 0.25 degree,specific_humidity,specific_humidity,specific_humidity 850,850,216,D9,-3.32
nested_global_vs_aigfs_regions,Nested-EAGLE-Global (AI),AIGFS,southern_hemisphere,global 0.25 degree,specific_humidity,specific_humidity,specific_humidity 850,850,240,D10,-2.455
nested_global_vs_aigfs_regions,Nested-EAGLE-Global (AI),AIGFS,southern_hemisphere,global 0.25 degree,wind_speed,wind_speed,wind_speed 250,250,24,D1,-2.409
nested_global_vs_aigfs_regions,Nested-EAGLE-Global (AI),AIGFS,southern_hemisphere,global 0.25 degree,wind_speed,wind_speed,wind_speed 250,250,48,D2,-3.879
nested_global_vs_aigfs_regions,Nested-EAGLE-Global (AI),AIGFS,southern_hemisphere,global 0.25 degree,wind_speed,wind_speed,wind_speed 250,250,72,D3,-4.31
nested_global_vs_aigfs_regions,Nested-EAGLE-Global (AI),AIGFS,southern_hemisphere,global 0.25 degree,wind_speed,wind_speed,wind_speed 250,250,96,D4,-5.288
nested_global_vs_aigfs_regions,Nested-EAGLE-Global (AI),AIGFS,southern_hemisphere,global 0.25 degree,wind_speed,wind_speed,wind_speed 250,250,120,D5,-7.637
nested_global_vs_aigfs_regions,Nested-EAGLE-Global (AI),AIGFS,southern_hemisphere,global 0.25 degree,wind_speed,wind_speed,wind_speed 250,250,144,D6,-7.377
nested_global_vs_aigfs_regions,Nested-EAGLE-Global (AI),AIGFS,southern_hemisphere,global 0.25 degree,wind_speed,wind_speed,wind_speed 250,250,168,D7,-8.703
nested_global_vs_aigfs_regions,Nested-EAGLE-Global (AI),AIGFS,southern_hemisphere,global 0.25 degree,wind_speed,wind_speed,wind_speed 250,250,192,D8,-8.185
nested_global_vs_aigfs_regions,Nested-EAGLE-Global (AI),AIGFS,southern_hemisphere,global 0.25 degree,wind_speed,wind_speed,wind_speed 250,250,216,D9,-7.56
nested_global_vs_aigfs_regions,Nested-EAGLE-Global (AI),AIGFS,southern_hemisphere,global 0.25 degree,wind_speed,wind_speed,wind_speed 250,250,240,D10,-9.619
nested_global_vs_aigfs_regions,Nested-EAGLE-Global (AI),AIGFS,southern_hemisphere,global 0.25 degree,wind_speed,wind_speed,wind_speed 500,500,24,D1,-4.148
nested_global_vs_aigfs_regions,Nested-EAGLE-Global (AI),AIGFS,southern_hemisphere,global 0.25 degree,wind_speed,wind_speed,wind_speed 500,500,48,D2,-4.975
nested_global_vs_aigfs_regions,Nested-EAGLE-Global (AI),AIGFS,southern_hemisphere,global 0.25 degree,wind_speed,wind_speed,wind_speed 500,500,72,D3,-5.381
nested_global_vs_aigfs_regions,Nested-EAGLE-Global (AI),AIGFS,southern_hemisphere,global 0.25 degree,wind_speed,wind_speed,wind_speed 500,500,96,D4,-3.755
nested_global_vs_aigfs_regions,Nested-EAGLE-Global (AI),AIGFS,southern_hemisphere,global 0.25 degree,wind_speed,wind_speed,wind_speed 500,500,120,D5,-5.172
nested_global_vs_aigfs_regions,Nested-EAGLE-Global (AI),AIGFS,southern_hemisphere,global 0.25 degree,wind_speed,wind_speed,wind_speed 500,500,144,D6,-5.778
nested_global_vs_aigfs_regions,Nested-EAGLE-Global (AI),AIGFS,southern_hemisphere,global 0.25 degree,wind_speed,wind_speed,wind_speed 500,500,168,D7,-4.288
nested_global_vs_aigfs_regions,Nested-EAGLE-Global (AI),AIGFS,southern_hemisphere,global 0.25 degree,wind_speed,wind_speed,wind_speed 500,500,192,D8,-4.874
nested_global_vs_aigfs_regions,Nested-EAGLE-Global (AI),AIGFS,southern_hemisphere,global 0.25 degree,wind_speed,wind_speed,wind_speed 500,500,216,D9,-6.406
nested_global_vs_aigfs_regions,Nested-EAGLE-Global (AI),AIGFS,southern_hemisphere,global 0.25 degree,wind_speed,wind_speed,wind_speed 500,500,240,D10,-6.711
nested_global_vs_aigfs_regions,Nested-EAGLE-Global (AI),AIGFS,southern_hemisphere,global 0.25 degree,wind_speed,wind_speed,wind_speed 850,850,24,D1,-5.135
nested_global_vs_aigfs_regions,Nested-EAGLE-Global (AI),AIGFS,southern_hemisphere,global 0.25 degree,wind_speed,wind_speed,wind_speed 850,850,48,D2,-6.061
nested_global_vs_aigfs_regions,Nested-EAGLE-Global (AI),AIGFS,southern_hemisphere,global 0.25 degree,wind_speed,wind_speed,wind_speed 850,850,72,D3,-6.661
nested_global_vs_aigfs_regions,Nested-EAGLE-Global (AI),AIGFS,southern_hemisphere,global 0.25 degree,wind_speed,wind_speed,wind_speed 850,850,96,D4,-5.154
nested_global_vs_aigfs_regions,Nested-EAGLE-Global (AI),AIGFS,southern_hemisphere,global 0.25 degree,wind_speed,wind_speed,wind_speed 850,850,120,D5,-5.64
nested_global_vs_aigfs_regions,Nested-EAGLE-Global (AI),AIGFS,southern_hemisphere,global 0.25 degree,wind_speed,wind_speed,wind_speed 850,850,144,D6,-7.508
nested_global_vs_aigfs_regions,Nested-EAGLE-Global (AI),AIGFS,southern_hemisphere,global 0.25 degree,wind_speed,wind_speed,wind_speed 850,850,168,D7,-5.817
nested_global_vs_aigfs_regions,Nested-EAGLE-Global (AI),AIGFS,southern_hemisphere,global 0.25 degree,wind_speed,wind_speed,wind_speed 850,850,192,D8,-5.307
nested_global_vs_aigfs_regions,Nested-EAGLE-Global (AI),AIGFS,southern_hemisphere,global 0.25 degree,wind_speed,wind_speed,wind_speed 850,850,216,D9,-6.247
nested_global_vs_aigfs_regions,Nested-EAGLE-Global (AI),AIGFS,southern_hemisphere,global 0.25 degree,wind_speed,wind_speed,wind_speed 850,850,240,D10,-5.436
nested_global_vs_aigfs_regions,Nested-EAGLE-Global (AI),AIGFS,southern_hemisphere,global 0.25 degree,surface,10m_zonal_wind,10m_zonal_wind,,24,D1,-0.83
nested_global_vs_aigfs_regions,Nested-EAGLE-Global (AI),AIGFS,southern_hemisphere,global 0.25 degree,surface,10m_zonal_wind,10m_zonal_wind,,48,D2,-0.94
nested_global_vs_aigfs_regions,Nested-EAGLE-Global (AI),AIGFS,southern_hemisphere,global 0.25 degree,surface,10m_zonal_wind,10m_zonal_wind,,72,D3,-1.637
nested_global_vs_aigfs_regions,Nested-EAGLE-Global (AI),AIGFS,southern_hemisphere,global 0.25 degree,surface,10m_zonal_wind,10m_zonal_wind,,96,D4,-2.227
nested_global_vs_aigfs_regions,Nested-EAGLE-Global (AI),AIGFS,southern_hemisphere,global 0.25 degree,surface,10m_zonal_wind,10m_zonal_wind,,120,D5,-2.664
nested_global_vs_aigfs_regions,Nested-EAGLE-Global (AI),AIGFS,southern_hemisphere,global 0.25 degree,surface,10m_zonal_wind,10m_zonal_wind,,144,D6,-3.362
nested_global_vs_aigfs_regions,Nested-EAGLE-Global (AI),AIGFS,southern_hemisphere,global 0.25 degree,surface,10m_zonal_wind,10m_zonal_wind,,168,D7,-3.245
nested_global_vs_aigfs_regions,Nested-EAGLE-Global (AI),AIGFS,southern_hemisphere,global 0.25 degree,surface,10m_zonal_wind,10m_zonal_wind,,192,D8,-3.974
nested_global_vs_aigfs_regions,Nested-EAGLE-Global (AI),AIGFS,southern_hemisphere,global 0.25 degree,surface,10m_zonal_wind,10m_zonal_wind,,216,D9,-3.712
nested_global_vs_aigfs_regions,Nested-EAGLE-Global (AI),AIGFS,southern_hemisphere,global 0.25 degree,surface,10m_zonal_wind,10m_zonal_wind,,240,D10,-3.549
nested_global_vs_aigfs_regions,Nested-EAGLE-Global (AI),AIGFS,southern_hemisphere,global 0.25 degree,surface,10m_meridional_wind,10m_meridional_wind,,24,D1,-1.023
nested_global_vs_aigfs_regions,Nested-EAGLE-Global (AI),AIGFS,southern_hemisphere,global 0.25 degree,surface,10m_meridional_wind,10m_meridional_wind,,48,D2,-0.922
nested_global_vs_aigfs_regions,Nested-EAGLE-Global (AI),AIGFS,southern_hemisphere,global 0.25 degree,surface,10m_meridional_wind,10m_meridional_wind,,72,D3,-1.315
nested_global_vs_aigfs_regions,Nested-EAGLE-Global (AI),AIGFS,southern_hemisphere,global 0.25 degree,surface,10m_meridional_wind,10m_meridional_wind,,96,D4,-2.139
nested_global_vs_aigfs_regions,Nested-EAGLE-Global (AI),AIGFS,southern_hemisphere,global 0.25 degree,surface,10m_meridional_wind,10m_meridional_wind,,120,D5,-3.034
nested_global_vs_aigfs_regions,Nested-EAGLE-Global (AI),AIGFS,southern_hemisphere,global 0.25 degree,surface,10m_meridional_wind,10m_meridional_wind,,144,D6,-3.936
nested_global_vs_aigfs_regions,Nested-EAGLE-Global (AI),AIGFS,southern_hemisphere,global 0.25 degree,surface,10m_meridional_wind,10m_meridional_wind,,168,D7,-4.283
nested_global_vs_aigfs_regions,Nested-EAGLE-Global (AI),AIGFS,southern_hemisphere,global 0.25 degree,surface,10m_meridional_wind,10m_meridional_wind,,192,D8,-4.163
nested_global_vs_aigfs_regions,Nested-EAGLE-Global (AI),AIGFS,southern_hemisphere,global 0.25 degree,surface,10m_meridional_wind,10m_meridional_wind,,216,D9,-4.326
nested_global_vs_aigfs_regions,Nested-EAGLE-Global (AI),AIGFS,southern_hemisphere,global 0.25 degree,surface,10m_meridional_wind,10m_meridional_wind,,240,D10,-3.59
nested_global_vs_aigfs_regions,Nested-EAGLE-Global (AI),AIGFS,southern_hemisphere,global 0.25 degree,surface,2m_temperature,2m_temperature,,24,D1,-9.067
nested_global_vs_aigfs_regions,Nested-EAGLE-Global (AI),AIGFS,southern_hemisphere,global 0.25 degree,surface,2m_temperature,2m_temperature,,48,D2,-8.419
nested_global_vs_aigfs_regions,Nested-EAGLE-Global (AI),AIGFS,southern_hemisphere,global 0.25 degree,surface,2m_temperature,2m_temperature,,72,D3,-7.911
nested_global_vs_aigfs_regions,Nested-EAGLE-Global (AI),AIGFS,southern_hemisphere,global 0.25 degree,surface,2m_temperature,2m_temperature,,96,D4,-7.591
nested_global_vs_aigfs_regions,Nested-EAGLE-Global (AI),AIGFS,southern_hemisphere,global 0.25 degree,surface,2m_temperature,2m_temperature,,120,D5,-7.422
nested_global_vs_aigfs_regions,Nested-EAGLE-Global (AI),AIGFS,southern_hemisphere,global 0.25 degree,surface,2m_temperature,2m_temperature,,144,D6,-8.032
nested_global_vs_aigfs_regions,Nested-EAGLE-Global (AI),AIGFS,southern_hemisphere,global 0.25 degree,surface,2m_temperature,2m_temperature,,168,D7,-8.173
nested_global_vs_aigfs_regions,Nested-EAGLE-Global (AI),AIGFS,southern_hemisphere,global 0.25 degree,surface,2m_temperature,2m_temperature,,192,D8,-8.113
nested_global_vs_aigfs_regions,Nested-EAGLE-Global (AI),AIGFS,southern_hemisphere,global 0.25 degree,surface,2m_temperature,2m_temperature,,216,D9,-7.978
nested_global_vs_aigfs_regions,Nested-EAGLE-Global (AI),AIGFS,southern_hemisphere,global 0.25 degree,surface,2m_temperature,2m_temperature,,240,D10,-7.868
nested_global_vs_aigfs_regions,Nested-EAGLE-Global (AI),AIGFS,southern_hemisphere,global 0.25 degree,surface,10m_wind_speed,10m_wind_speed,,24,D1,-0.132
nested_global_vs_aigfs_regions,Nested-EAGLE-Global (AI),AIGFS,southern_hemisphere,global 0.25 degree,surface,10m_wind_speed,10m_wind_speed,,48,D2,-0.325
nested_global_vs_aigfs_regions,Nested-EAGLE-Global (AI),AIGFS,southern_hemisphere,global 0.25 degree,surface,10m_wind_speed,10m_wind_speed,,72,D3,-0.825
nested_global_vs_aigfs_regions,Nested-EAGLE-Global (AI),AIGFS,southern_hemisphere,global 0.25 degree,surface,10m_wind_speed,10m_wind_speed,,96,D4,-1.065
nested_global_vs_aigfs_regions,Nested-EAGLE-Global (AI),AIGFS,southern_hemisphere,global 0.25 degree,surface,10m_wind_speed,10m_wind_speed,,120,D5,-1.506
nested_global_vs_aigfs_regions,Nested-EAGLE-Global (AI),AIGFS,southern_hemisphere,global 0.25 degree,surface,10m_wind_speed,10m_wind_speed,,144,D6,-1.728
nested_global_vs_aigfs_regions,Nested-EAGLE-Global (AI),AIGFS,southern_hemisphere,global 0.25 degree,surface,10m_wind_speed,10m_wind_speed,,168,D7,-1.825
nested_global_vs_aigfs_regions,Nested-EAGLE-Global (AI),AIGFS,southern_hemisphere,global 0.25 degree,surface,10m_wind_speed,10m_wind_speed,,192,D8,-2.287
nested_global_vs_aigfs_regions,Nested-EAGLE-Global (AI),AIGFS,southern_hemisphere,global 0.25 degree,surface,10m_wind_speed,10m_wind_speed,,216,D9,-2.031
nested_global_vs_aigfs_regions,Nested-EAGLE-Global (AI),AIGFS,southern_hemisphere,global 0.25 degree,surface,10m_wind_speed,10m_wind_speed,,240,D10,-2.057
nested_global_vs_aigfs_regions,Nested-EAGLE-Global (AI),AIGFS,conus,global 0.25 degree,geopotential_height,geopotential_height,geopotential_height 250,250,24,D1,-5.379
nested_global_vs_aigfs_regions,Nested-EAGLE-Global (AI),AIGFS,conus,global 0.25 degree,geopotential_height,geopotential_height,geopotential_height 250,250,48,D2,-9.565
nested_global_vs_aigfs_regions,Nested-EAGLE-Global (AI),AIGFS,conus,global 0.25 degree,geopotential_height,geopotential_height,geopotential_height 250,250,72,D3,-13.72
nested_global_vs_aigfs_regions,Nested-EAGLE-Global (AI),AIGFS,conus,global 0.25 degree,geopotential_height,geopotential_height,geopotential_height 250,250,96,D4,-12.126
nested_global_vs_aigfs_regions,Nested-EAGLE-Global (AI),AIGFS,conus,global 0.25 degree,geopotential_height,geopotential_height,geopotential_height 250,250,120,D5,-11.324
nested_global_vs_aigfs_regions,Nested-EAGLE-Global (AI),AIGFS,conus,global 0.25 degree,geopotential_height,geopotential_height,geopotential_height 250,250,144,D6,-11.021
nested_global_vs_aigfs_regions,Nested-EAGLE-Global (AI),AIGFS,conus,global 0.25 degree,geopotential_height,geopotential_height,geopotential_height 250,250,168,D7,-8.555
nested_global_vs_aigfs_regions,Nested-EAGLE-Global (AI),AIGFS,conus,global 0.25 degree,geopotential_height,geopotential_height,geopotential_height 250,250,192,D8,-6.845
nested_global_vs_aigfs_regions,Nested-EAGLE-Global (AI),AIGFS,conus,global 0.25 degree,geopotential_height,geopotential_height,geopotential_height 250,250,216,D9,-4.46
nested_global_vs_aigfs_regions,Nested-EAGLE-Global (AI),AIGFS,conus,global 0.25 degree,geopotential_height,geopotential_height,geopotential_height 250,250,240,D10,-6.225
nested_global_vs_aigfs_regions,Nested-EAGLE-Global (AI),AIGFS,conus,global 0.25 degree,geopotential_height,geopotential_height,geopotential_height 500,500,24,D1,-7.797
nested_global_vs_aigfs_regions,Nested-EAGLE-Global (AI),AIGFS,conus,global 0.25 degree,geopotential_height,geopotential_height,geopotential_height 500,500,48,D2,-10.46
nested_global_vs_aigfs_regions,Nested-EAGLE-Global (AI),AIGFS,conus,global 0.25 degree,geopotential_height,geopotential_height,geopotential_height 500,500,72,D3,-12.277
nested_global_vs_aigfs_regions,Nested-EAGLE-Global (AI),AIGFS,conus,global 0.25 degree,geopotential_height,geopotential_height,geopotential_height 500,500,96,D4,-10.467
nested_global_vs_aigfs_regions,Nested-EAGLE-Global (AI),AIGFS,conus,global 0.25 degree,geopotential_height,geopotential_height,geopotential_height 500,500,120,D5,-11.258
nested_global_vs_aigfs_regions,Nested-EAGLE-Global (AI),AIGFS,conus,global 0.25 degree,geopotential_height,geopotential_height,geopotential_height 500,500,144,D6,-9.487
nested_global_vs_aigfs_regions,Nested-EAGLE-Global (AI),AIGFS,conus,global 0.25 degree,geopotential_height,geopotential_height,geopotential_height 500,500,168,D7,-6.753
nested_global_vs_aigfs_regions,Nested-EAGLE-Global (AI),AIGFS,conus,global 0.25 degree,geopotential_height,geopotential_height,geopotential_height 500,500,192,D8,-6.764
nested_global_vs_aigfs_regions,Nested-EAGLE-Global (AI),AIGFS,conus,global 0.25 degree,geopotential_height,geopotential_height,geopotential_height 500,500,216,D9,-4.932
nested_global_vs_aigfs_regions,Nested-EAGLE-Global (AI),AIGFS,conus,global 0.25 degree,geopotential_height,geopotential_height,geopotential_height 500,500,240,D10,-5.877
nested_global_vs_aigfs_regions,Nested-EAGLE-Global (AI),AIGFS,conus,global 0.25 degree,geopotential_height,geopotential_height,geopotential_height 850,850,24,D1,-6.593
nested_global_vs_aigfs_regions,Nested-EAGLE-Global (AI),AIGFS,conus,global 0.25 degree,geopotential_height,geopotential_height,geopotential_height 850,850,48,D2,-11.706
nested_global_vs_aigfs_regions,Nested-EAGLE-Global (AI),AIGFS,conus,global 0.25 degree,geopotential_height,geopotential_height,geopotential_height 850,850,72,D3,-12.165
nested_global_vs_aigfs_regions,Nested-EAGLE-Global (AI),AIGFS,conus,global 0.25 degree,geopotential_height,geopotential_height,geopotential_height 850,850,96,D4,-11.336
nested_global_vs_aigfs_regions,Nested-EAGLE-Global (AI),AIGFS,conus,global 0.25 degree,geopotential_height,geopotential_height,geopotential_height 850,850,120,D5,-11.052
nested_global_vs_aigfs_regions,Nested-EAGLE-Global (AI),AIGFS,conus,global 0.25 degree,geopotential_height,geopotential_height,geopotential_height 850,850,144,D6,-9.917
nested_global_vs_aigfs_regions,Nested-EAGLE-Global (AI),AIGFS,conus,global 0.25 degree,geopotential_height,geopotential_height,geopotential_height 850,850,168,D7,-7.79
nested_global_vs_aigfs_regions,Nested-EAGLE-Global (AI),AIGFS,conus,global 0.25 degree,geopotential_height,geopotential_height,geopotential_height 850,850,192,D8,-9.528
nested_global_vs_aigfs_regions,Nested-EAGLE-Global (AI),AIGFS,conus,global 0.25 degree,geopotential_height,geopotential_height,geopotential_height 850,850,216,D9,-9.022
nested_global_vs_aigfs_regions,Nested-EAGLE-Global (AI),AIGFS,conus,global 0.25 degree,geopotential_height,geopotential_height,geopotential_height 850,850,240,D10,-9.203
nested_global_vs_aigfs_regions,Nested-EAGLE-Global (AI),AIGFS,conus,global 0.25 degree,zonal_wind,zonal_wind,zonal_wind 250,250,24,D1,0.533
nested_global_vs_aigfs_regions,Nested-EAGLE-Global (AI),AIGFS,conus,global 0.25 degree,zonal_wind,zonal_wind,zonal_wind 250,250,48,D2,-5.52
nested_global_vs_aigfs_regions,Nested-EAGLE-Global (AI),AIGFS,conus,global 0.25 degree,zonal_wind,zonal_wind,zonal_wind 250,250,72,D3,-7.557
nested_global_vs_aigfs_regions,Nested-EAGLE-Global (AI),AIGFS,conus,global 0.25 degree,zonal_wind,zonal_wind,zonal_wind 250,250,96,D4,-8.193
nested_global_vs_aigfs_regions,Nested-EAGLE-Global (AI),AIGFS,conus,global 0.25 degree,zonal_wind,zonal_wind,zonal_wind 250,250,120,D5,-8.831
nested_global_vs_aigfs_regions,Nested-EAGLE-Global (AI),AIGFS,conus,global 0.25 degree,zonal_wind,zonal_wind,zonal_wind 250,250,144,D6,-10.191
nested_global_vs_aigfs_regions,Nested-EAGLE-Global (AI),AIGFS,conus,global 0.25 degree,zonal_wind,zonal_wind,zonal_wind 250,250,168,D7,-8.796
nested_global_vs_aigfs_regions,Nested-EAGLE-Global (AI),AIGFS,conus,global 0.25 degree,zonal_wind,zonal_wind,zonal_wind 250,250,192,D8,-7.656
nested_global_vs_aigfs_regions,Nested-EAGLE-Global (AI),AIGFS,conus,global 0.25 degree,zonal_wind,zonal_wind,zonal_wind 250,250,216,D9,-5.196
nested_global_vs_aigfs_regions,Nested-EAGLE-Global (AI),AIGFS,conus,global 0.25 degree,zonal_wind,zonal_wind,zonal_wind 250,250,240,D10,-4.646
nested_global_vs_aigfs_regions,Nested-EAGLE-Global (AI),AIGFS,conus,global 0.25 degree,zonal_wind,zonal_wind,zonal_wind 500,500,24,D1,-3.509
nested_global_vs_aigfs_regions,Nested-EAGLE-Global (AI),AIGFS,conus,global 0.25 degree,zonal_wind,zonal_wind,zonal_wind 500,500,48,D2,-4.716
nested_global_vs_aigfs_regions,Nested-EAGLE-Global (AI),AIGFS,conus,global 0.25 degree,zonal_wind,zonal_wind,zonal_wind 500,500,72,D3,-5.796
nested_global_vs_aigfs_regions,Nested-EAGLE-Global (AI),AIGFS,conus,global 0.25 degree,zonal_wind,zonal_wind,zonal_wind 500,500,96,D4,-6.579
nested_global_vs_aigfs_regions,Nested-EAGLE-Global (AI),AIGFS,conus,global 0.25 degree,zonal_wind,zonal_wind,zonal_wind 500,500,120,D5,-7.551
nested_global_vs_aigfs_regions,Nested-EAGLE-Global (AI),AIGFS,conus,global 0.25 degree,zonal_wind,zonal_wind,zonal_wind 500,500,144,D6,-6.556
nested_global_vs_aigfs_regions,Nested-EAGLE-Global (AI),AIGFS,conus,global 0.25 degree,zonal_wind,zonal_wind,zonal_wind 500,500,168,D7,-5.885
nested_global_vs_aigfs_regions,Nested-EAGLE-Global (AI),AIGFS,conus,global 0.25 degree,zonal_wind,zonal_wind,zonal_wind 500,500,192,D8,-6.022
nested_global_vs_aigfs_regions,Nested-EAGLE-Global (AI),AIGFS,conus,global 0.25 degree,zonal_wind,zonal_wind,zonal_wind 500,500,216,D9,-3.747
nested_global_vs_aigfs_regions,Nested-EAGLE-Global (AI),AIGFS,conus,global 0.25 degree,zonal_wind,zonal_wind,zonal_wind 500,500,240,D10,-3.335
nested_global_vs_aigfs_regions,Nested-EAGLE-Global (AI),AIGFS,conus,global 0.25 degree,zonal_wind,zonal_wind,zonal_wind 850,850,24,D1,-4.483
nested_global_vs_aigfs_regions,Nested-EAGLE-Global (AI),AIGFS,conus,global 0.25 degree,zonal_wind,zonal_wind,zonal_wind 850,850,48,D2,-5.431
nested_global_vs_aigfs_regions,Nested-EAGLE-Global (AI),AIGFS,conus,global 0.25 degree,zonal_wind,zonal_wind,zonal_wind 850,850,72,D3,-6.504
nested_global_vs_aigfs_regions,Nested-EAGLE-Global (AI),AIGFS,conus,global 0.25 degree,zonal_wind,zonal_wind,zonal_wind 850,850,96,D4,-7.511
nested_global_vs_aigfs_regions,Nested-EAGLE-Global (AI),AIGFS,conus,global 0.25 degree,zonal_wind,zonal_wind,zonal_wind 850,850,120,D5,-8.185
nested_global_vs_aigfs_regions,Nested-EAGLE-Global (AI),AIGFS,conus,global 0.25 degree,zonal_wind,zonal_wind,zonal_wind 850,850,144,D6,-7.818
nested_global_vs_aigfs_regions,Nested-EAGLE-Global (AI),AIGFS,conus,global 0.25 degree,zonal_wind,zonal_wind,zonal_wind 850,850,168,D7,-5.391
nested_global_vs_aigfs_regions,Nested-EAGLE-Global (AI),AIGFS,conus,global 0.25 degree,zonal_wind,zonal_wind,zonal_wind 850,850,192,D8,-6.393
nested_global_vs_aigfs_regions,Nested-EAGLE-Global (AI),AIGFS,conus,global 0.25 degree,zonal_wind,zonal_wind,zonal_wind 850,850,216,D9,-5.455
nested_global_vs_aigfs_regions,Nested-EAGLE-Global (AI),AIGFS,conus,global 0.25 degree,zonal_wind,zonal_wind,zonal_wind 850,850,240,D10,-4.183
nested_global_vs_aigfs_regions,Nested-EAGLE-Global (AI),AIGFS,conus,global 0.25 degree,meridional_wind,meridional_wind,meridional_wind 250,250,24,D1,0.244
nested_global_vs_aigfs_regions,Nested-EAGLE-Global (AI),AIGFS,conus,global 0.25 degree,meridional_wind,meridional_wind,meridional_wind 250,250,48,D2,-5.344
nested_global_vs_aigfs_regions,Nested-EAGLE-Global (AI),AIGFS,conus,global 0.25 degree,meridional_wind,meridional_wind,meridional_wind 250,250,72,D3,-7.955
nested_global_vs_aigfs_regions,Nested-EAGLE-Global (AI),AIGFS,conus,global 0.25 degree,meridional_wind,meridional_wind,meridional_wind 250,250,96,D4,-9.412
nested_global_vs_aigfs_regions,Nested-EAGLE-Global (AI),AIGFS,conus,global 0.25 degree,meridional_wind,meridional_wind,meridional_wind 250,250,120,D5,-7.261
nested_global_vs_aigfs_regions,Nested-EAGLE-Global (AI),AIGFS,conus,global 0.25 degree,meridional_wind,meridional_wind,meridional_wind 250,250,144,D6,-6.999
nested_global_vs_aigfs_regions,Nested-EAGLE-Global (AI),AIGFS,conus,global 0.25 degree,meridional_wind,meridional_wind,meridional_wind 250,250,168,D7,-6.36
nested_global_vs_aigfs_regions,Nested-EAGLE-Global (AI),AIGFS,conus,global 0.25 degree,meridional_wind,meridional_wind,meridional_wind 250,250,192,D8,-5.307
nested_global_vs_aigfs_regions,Nested-EAGLE-Global (AI),AIGFS,conus,global 0.25 degree,meridional_wind,meridional_wind,meridional_wind 250,250,216,D9,-8.029
nested_global_vs_aigfs_regions,Nested-EAGLE-Global (AI),AIGFS,conus,global 0.25 degree,meridional_wind,meridional_wind,meridional_wind 250,250,240,D10,-6.285
nested_global_vs_aigfs_regions,Nested-EAGLE-Global (AI),AIGFS,conus,global 0.25 degree,meridional_wind,meridional_wind,meridional_wind 500,500,24,D1,-1.565
nested_global_vs_aigfs_regions,Nested-EAGLE-Global (AI),AIGFS,conus,global 0.25 degree,meridional_wind,meridional_wind,meridional_wind 500,500,48,D2,-5.683
nested_global_vs_aigfs_regions,Nested-EAGLE-Global (AI),AIGFS,conus,global 0.25 degree,meridional_wind,meridional_wind,meridional_wind 500,500,72,D3,-5.839
nested_global_vs_aigfs_regions,Nested-EAGLE-Global (AI),AIGFS,conus,global 0.25 degree,meridional_wind,meridional_wind,meridional_wind 500,500,96,D4,-5.678
nested_global_vs_aigfs_regions,Nested-EAGLE-Global (AI),AIGFS,conus,global 0.25 degree,meridional_wind,meridional_wind,meridional_wind 500,500,120,D5,-5.873
nested_global_vs_aigfs_regions,Nested-EAGLE-Global (AI),AIGFS,conus,global 0.25 degree,meridional_wind,meridional_wind,meridional_wind 500,500,144,D6,-5.693
nested_global_vs_aigfs_regions,Nested-EAGLE-Global (AI),AIGFS,conus,global 0.25 degree,meridional_wind,meridional_wind,meridional_wind 500,500,168,D7,-4.043
nested_global_vs_aigfs_regions,Nested-EAGLE-Global (AI),AIGFS,conus,global 0.25 degree,meridional_wind,meridional_wind,meridional_wind 500,500,192,D8,-3.613
nested_global_vs_aigfs_regions,Nested-EAGLE-Global (AI),AIGFS,conus,global 0.25 degree,meridional_wind,meridional_wind,meridional_wind 500,500,216,D9,-6.129
nested_global_vs_aigfs_regions,Nested-EAGLE-Global (AI),AIGFS,conus,global 0.25 degree,meridional_wind,meridional_wind,meridional_wind 500,500,240,D10,-3.895
nested_global_vs_aigfs_regions,Nested-EAGLE-Global (AI),AIGFS,conus,global 0.25 degree,meridional_wind,meridional_wind,meridional_wind 850,850,24,D1,-3.776
nested_global_vs_aigfs_regions,Nested-EAGLE-Global (AI),AIGFS,conus,global 0.25 degree,meridional_wind,meridional_wind,meridional_wind 850,850,48,D2,-6.222
nested_global_vs_aigfs_regions,Nested-EAGLE-Global (AI),AIGFS,conus,global 0.25 degree,meridional_wind,meridional_wind,meridional_wind 850,850,72,D3,-6.393
nested_global_vs_aigfs_regions,Nested-EAGLE-Global (AI),AIGFS,conus,global 0.25 degree,meridional_wind,meridional_wind,meridional_wind 850,850,96,D4,-7.936
nested_global_vs_aigfs_regions,Nested-EAGLE-Global (AI),AIGFS,conus,global 0.25 degree,meridional_wind,meridional_wind,meridional_wind 850,850,120,D5,-6.348
nested_global_vs_aigfs_regions,Nested-EAGLE-Global (AI),AIGFS,conus,global 0.25 degree,meridional_wind,meridional_wind,meridional_wind 850,850,144,D6,-4.822
nested_global_vs_aigfs_regions,Nested-EAGLE-Global (AI),AIGFS,conus,global 0.25 degree,meridional_wind,meridional_wind,meridional_wind 850,850,168,D7,-3.711
nested_global_vs_aigfs_regions,Nested-EAGLE-Global (AI),AIGFS,conus,global 0.25 degree,meridional_wind,meridional_wind,meridional_wind 850,850,192,D8,-5.58
nested_global_vs_aigfs_regions,Nested-EAGLE-Global (AI),AIGFS,conus,global 0.25 degree,meridional_wind,meridional_wind,meridional_wind 850,850,216,D9,-3.842
nested_global_vs_aigfs_regions,Nested-EAGLE-Global (AI),AIGFS,conus,global 0.25 degree,meridional_wind,meridional_wind,meridional_wind 850,850,240,D10,-3.31
nested_global_vs_aigfs_regions,Nested-EAGLE-Global (AI),AIGFS,conus,global 0.25 degree,temperature,temperature,temperature 250,250,24,D1,2.186
nested_global_vs_aigfs_regions,Nested-EAGLE-Global (AI),AIGFS,conus,global 0.25 degree,temperature,temperature,temperature 250,250,48,D2,-2.453
nested_global_vs_aigfs_regions,Nested-EAGLE-Global (AI),AIGFS,conus,global 0.25 degree,temperature,temperature,temperature 250,250,72,D3,-6.46
nested_global_vs_aigfs_regions,Nested-EAGLE-Global (AI),AIGFS,conus,global 0.25 degree,temperature,temperature,temperature 250,250,96,D4,-9.2
nested_global_vs_aigfs_regions,Nested-EAGLE-Global (AI),AIGFS,conus,global 0.25 degree,temperature,temperature,temperature 250,250,120,D5,-9.536
nested_global_vs_aigfs_regions,Nested-EAGLE-Global (AI),AIGFS,conus,global 0.25 degree,temperature,temperature,temperature 250,250,144,D6,-10.02
nested_global_vs_aigfs_regions,Nested-EAGLE-Global (AI),AIGFS,conus,global 0.25 degree,temperature,temperature,temperature 250,250,168,D7,-7.96
nested_global_vs_aigfs_regions,Nested-EAGLE-Global (AI),AIGFS,conus,global 0.25 degree,temperature,temperature,temperature 250,250,192,D8,-8.971
nested_global_vs_aigfs_regions,Nested-EAGLE-Global (AI),AIGFS,conus,global 0.25 degree,temperature,temperature,temperature 250,250,216,D9,-6.039
nested_global_vs_aigfs_regions,Nested-EAGLE-Global (AI),AIGFS,conus,global 0.25 degree,temperature,temperature,temperature 250,250,240,D10,-6.02
nested_global_vs_aigfs_regions,Nested-EAGLE-Global (AI),AIGFS,conus,global 0.25 degree,temperature,temperature,temperature 500,500,24,D1,-2.038
nested_global_vs_aigfs_regions,Nested-EAGLE-Global (AI),AIGFS,conus,global 0.25 degree,temperature,temperature,temperature 500,500,48,D2,-5.094
nested_global_vs_aigfs_regions,Nested-EAGLE-Global (AI),AIGFS,conus,global 0.25 degree,temperature,temperature,temperature 500,500,72,D3,-6.497
nested_global_vs_aigfs_regions,Nested-EAGLE-Global (AI),AIGFS,conus,global 0.25 degree,temperature,temperature,temperature 500,500,96,D4,-7.578
nested_global_vs_aigfs_regions,Nested-EAGLE-Global (AI),AIGFS,conus,global 0.25 degree,temperature,temperature,temperature 500,500,120,D5,-7.561
nested_global_vs_aigfs_regions,Nested-EAGLE-Global (AI),AIGFS,conus,global 0.25 degree,temperature,temperature,temperature 500,500,144,D6,-9.171
nested_global_vs_aigfs_regions,Nested-EAGLE-Global (AI),AIGFS,conus,global 0.25 degree,temperature,temperature,temperature 500,500,168,D7,-7.36
nested_global_vs_aigfs_regions,Nested-EAGLE-Global (AI),AIGFS,conus,global 0.25 degree,temperature,temperature,temperature 500,500,192,D8,-5.498
nested_global_vs_aigfs_regions,Nested-EAGLE-Global (AI),AIGFS,conus,global 0.25 degree,temperature,temperature,temperature 500,500,216,D9,-4.544
nested_global_vs_aigfs_regions,Nested-EAGLE-Global (AI),AIGFS,conus,global 0.25 degree,temperature,temperature,temperature 500,500,240,D10,-4.212
nested_global_vs_aigfs_regions,Nested-EAGLE-Global (AI),AIGFS,conus,global 0.25 degree,temperature,temperature,temperature 850,850,24,D1,-4.859
nested_global_vs_aigfs_regions,Nested-EAGLE-Global (AI),AIGFS,conus,global 0.25 degree,temperature,temperature,temperature 850,850,48,D2,-6.939
nested_global_vs_aigfs_regions,Nested-EAGLE-Global (AI),AIGFS,conus,global 0.25 degree,temperature,temperature,temperature 850,850,72,D3,-6.918
nested_global_vs_aigfs_regions,Nested-EAGLE-Global (AI),AIGFS,conus,global 0.25 degree,temperature,temperature,temperature 850,850,96,D4,-7.83
nested_global_vs_aigfs_regions,Nested-EAGLE-Global (AI),AIGFS,conus,global 0.25 degree,temperature,temperature,temperature 850,850,120,D5,-10.037
nested_global_vs_aigfs_regions,Nested-EAGLE-Global (AI),AIGFS,conus,global 0.25 degree,temperature,temperature,temperature 850,850,144,D6,-8.759
nested_global_vs_aigfs_regions,Nested-EAGLE-Global (AI),AIGFS,conus,global 0.25 degree,temperature,temperature,temperature 850,850,168,D7,-5.384
nested_global_vs_aigfs_regions,Nested-EAGLE-Global (AI),AIGFS,conus,global 0.25 degree,temperature,temperature,temperature 850,850,192,D8,-6.064
nested_global_vs_aigfs_regions,Nested-EAGLE-Global (AI),AIGFS,conus,global 0.25 degree,temperature,temperature,temperature 850,850,216,D9,-3.109
nested_global_vs_aigfs_regions,Nested-EAGLE-Global (AI),AIGFS,conus,global 0.25 degree,temperature,temperature,temperature 850,850,240,D10,-1.561
nested_global_vs_aigfs_regions,Nested-EAGLE-Global (AI),AIGFS,conus,global 0.25 degree,specific_humidity,specific_humidity,specific_humidity 250,250,24,D1,1.168
nested_global_vs_aigfs_regions,Nested-EAGLE-Global (AI),AIGFS,conus,global 0.25 degree,specific_humidity,specific_humidity,specific_humidity 250,250,48,D2,-2.155
nested_global_vs_aigfs_regions,Nested-EAGLE-Global (AI),AIGFS,conus,global 0.25 degree,specific_humidity,specific_humidity,specific_humidity 250,250,72,D3,-3.699
nested_global_vs_aigfs_regions,Nested-EAGLE-Global (AI),AIGFS,conus,global 0.25 degree,specific_humidity,specific_humidity,specific_humidity 250,250,96,D4,-2.999
nested_global_vs_aigfs_regions,Nested-EAGLE-Global (AI),AIGFS,conus,global 0.25 degree,specific_humidity,specific_humidity,specific_humidity 250,250,120,D5,-2.827
nested_global_vs_aigfs_regions,Nested-EAGLE-Global (AI),AIGFS,conus,global 0.25 degree,specific_humidity,specific_humidity,specific_humidity 250,250,144,D6,-2.809
nested_global_vs_aigfs_regions,Nested-EAGLE-Global (AI),AIGFS,conus,global 0.25 degree,specific_humidity,specific_humidity,specific_humidity 250,250,168,D7,-1.705
nested_global_vs_aigfs_regions,Nested-EAGLE-Global (AI),AIGFS,conus,global 0.25 degree,specific_humidity,specific_humidity,specific_humidity 250,250,192,D8,-1.843
nested_global_vs_aigfs_regions,Nested-EAGLE-Global (AI),AIGFS,conus,global 0.25 degree,specific_humidity,specific_humidity,specific_humidity 250,250,216,D9,-3.748
nested_global_vs_aigfs_regions,Nested-EAGLE-Global (AI),AIGFS,conus,global 0.25 degree,specific_humidity,specific_humidity,specific_humidity 250,250,240,D10,-2.969
nested_global_vs_aigfs_regions,Nested-EAGLE-Global (AI),AIGFS,conus,global 0.25 degree,specific_humidity,specific_humidity,specific_humidity 500,500,24,D1,-1.584
nested_global_vs_aigfs_regions,Nested-EAGLE-Global (AI),AIGFS,conus,global 0.25 degree,specific_humidity,specific_humidity,specific_humidity 500,500,48,D2,-3.541
nested_global_vs_aigfs_regions,Nested-EAGLE-Global (AI),AIGFS,conus,global 0.25 degree,specific_humidity,specific_humidity,specific_humidity 500,500,72,D3,-4.632
nested_global_vs_aigfs_regions,Nested-EAGLE-Global (AI),AIGFS,conus,global 0.25 degree,specific_humidity,specific_humidity,specific_humidity 500,500,96,D4,-5.086
nested_global_vs_aigfs_regions,Nested-EAGLE-Global (AI),AIGFS,conus,global 0.25 degree,specific_humidity,specific_humidity,specific_humidity 500,500,120,D5,-6.207
nested_global_vs_aigfs_regions,Nested-EAGLE-Global (AI),AIGFS,conus,global 0.25 degree,specific_humidity,specific_humidity,specific_humidity 500,500,144,D6,-4.531
nested_global_vs_aigfs_regions,Nested-EAGLE-Global (AI),AIGFS,conus,global 0.25 degree,specific_humidity,specific_humidity,specific_humidity 500,500,168,D7,-3.931
nested_global_vs_aigfs_regions,Nested-EAGLE-Global (AI),AIGFS,conus,global 0.25 degree,specific_humidity,specific_humidity,specific_humidity 500,500,192,D8,-1.723
nested_global_vs_aigfs_regions,Nested-EAGLE-Global (AI),AIGFS,conus,global 0.25 degree,specific_humidity,specific_humidity,specific_humidity 500,500,216,D9,-4.635
nested_global_vs_aigfs_regions,Nested-EAGLE-Global (AI),AIGFS,conus,global 0.25 degree,specific_humidity,specific_humidity,specific_humidity 500,500,240,D10,-5.538
nested_global_vs_aigfs_regions,Nested-EAGLE-Global (AI),AIGFS,conus,global 0.25 degree,specific_humidity,specific_humidity,specific_humidity 850,850,24,D1,-4.231
nested_global_vs_aigfs_regions,Nested-EAGLE-Global (AI),AIGFS,conus,global 0.25 degree,specific_humidity,specific_humidity,specific_humidity 850,850,48,D2,-4.944
nested_global_vs_aigfs_regions,Nested-EAGLE-Global (AI),AIGFS,conus,global 0.25 degree,specific_humidity,specific_humidity,specific_humidity 850,850,72,D3,-4.996
nested_global_vs_aigfs_regions,Nested-EAGLE-Global (AI),AIGFS,conus,global 0.25 degree,specific_humidity,specific_humidity,specific_humidity 850,850,96,D4,-6.74
nested_global_vs_aigfs_regions,Nested-EAGLE-Global (AI),AIGFS,conus,global 0.25 degree,specific_humidity,specific_humidity,specific_humidity 850,850,120,D5,-5.905
nested_global_vs_aigfs_regions,Nested-EAGLE-Global (AI),AIGFS,conus,global 0.25 degree,specific_humidity,specific_humidity,specific_humidity 850,850,144,D6,-4.103
nested_global_vs_aigfs_regions,Nested-EAGLE-Global (AI),AIGFS,conus,global 0.25 degree,specific_humidity,specific_humidity,specific_humidity 850,850,168,D7,-3.792
nested_global_vs_aigfs_regions,Nested-EAGLE-Global (AI),AIGFS,conus,global 0.25 degree,specific_humidity,specific_humidity,specific_humidity 850,850,192,D8,-1.306
nested_global_vs_aigfs_regions,Nested-EAGLE-Global (AI),AIGFS,conus,global 0.25 degree,specific_humidity,specific_humidity,specific_humidity 850,850,216,D9,-2.051
nested_global_vs_aigfs_regions,Nested-EAGLE-Global (AI),AIGFS,conus,global 0.25 degree,specific_humidity,specific_humidity,specific_humidity 850,850,240,D10,-3.58
nested_global_vs_aigfs_regions,Nested-EAGLE-Global (AI),AIGFS,conus,global 0.25 degree,wind_speed,wind_speed,wind_speed 250,250,24,D1,0.159
nested_global_vs_aigfs_regions,Nested-EAGLE-Global (AI),AIGFS,conus,global 0.25 degree,wind_speed,wind_speed,wind_speed 250,250,48,D2,-4.995
nested_global_vs_aigfs_regions,Nested-EAGLE-Global (AI),AIGFS,conus,global 0.25 degree,wind_speed,wind_speed,wind_speed 250,250,72,D3,-6.754
nested_global_vs_aigfs_regions,Nested-EAGLE-Global (AI),AIGFS,conus,global 0.25 degree,wind_speed,wind_speed,wind_speed 250,250,96,D4,-7.929
nested_global_vs_aigfs_regions,Nested-EAGLE-Global (AI),AIGFS,conus,global 0.25 degree,wind_speed,wind_speed,wind_speed 250,250,120,D5,-7.35
nested_global_vs_aigfs_regions,Nested-EAGLE-Global (AI),AIGFS,conus,global 0.25 degree,wind_speed,wind_speed,wind_speed 250,250,144,D6,-6.66
nested_global_vs_aigfs_regions,Nested-EAGLE-Global (AI),AIGFS,conus,global 0.25 degree,wind_speed,wind_speed,wind_speed 250,250,168,D7,-6.336
nested_global_vs_aigfs_regions,Nested-EAGLE-Global (AI),AIGFS,conus,global 0.25 degree,wind_speed,wind_speed,wind_speed 250,250,192,D8,-6.62
nested_global_vs_aigfs_regions,Nested-EAGLE-Global (AI),AIGFS,conus,global 0.25 degree,wind_speed,wind_speed,wind_speed 250,250,216,D9,-5.744
nested_global_vs_aigfs_regions,Nested-EAGLE-Global (AI),AIGFS,conus,global 0.25 degree,wind_speed,wind_speed,wind_speed 250,250,240,D10,-4.342
nested_global_vs_aigfs_regions,Nested-EAGLE-Global (AI),AIGFS,conus,global 0.25 degree,wind_speed,wind_speed,wind_speed 500,500,24,D1,-3.045
nested_global_vs_aigfs_regions,Nested-EAGLE-Global (AI),AIGFS,conus,global 0.25 degree,wind_speed,wind_speed,wind_speed 500,500,48,D2,-4.66
nested_global_vs_aigfs_regions,Nested-EAGLE-Global (AI),AIGFS,conus,global 0.25 degree,wind_speed,wind_speed,wind_speed 500,500,72,D3,-4.887
nested_global_vs_aigfs_regions,Nested-EAGLE-Global (AI),AIGFS,conus,global 0.25 degree,wind_speed,wind_speed,wind_speed 500,500,96,D4,-5.661
nested_global_vs_aigfs_regions,Nested-EAGLE-Global (AI),AIGFS,conus,global 0.25 degree,wind_speed,wind_speed,wind_speed 500,500,120,D5,-6.968
nested_global_vs_aigfs_regions,Nested-EAGLE-Global (AI),AIGFS,conus,global 0.25 degree,wind_speed,wind_speed,wind_speed 500,500,144,D6,-4.934
nested_global_vs_aigfs_regions,Nested-EAGLE-Global (AI),AIGFS,conus,global 0.25 degree,wind_speed,wind_speed,wind_speed 500,500,168,D7,-4.147
nested_global_vs_aigfs_regions,Nested-EAGLE-Global (AI),AIGFS,conus,global 0.25 degree,wind_speed,wind_speed,wind_speed 500,500,192,D8,-5.006
nested_global_vs_aigfs_regions,Nested-EAGLE-Global (AI),AIGFS,conus,global 0.25 degree,wind_speed,wind_speed,wind_speed 500,500,216,D9,-3.593
nested_global_vs_aigfs_regions,Nested-EAGLE-Global (AI),AIGFS,conus,global 0.25 degree,wind_speed,wind_speed,wind_speed 500,500,240,D10,-2.985
nested_global_vs_aigfs_regions,Nested-EAGLE-Global (AI),AIGFS,conus,global 0.25 degree,wind_speed,wind_speed,wind_speed 850,850,24,D1,-3.595
nested_global_vs_aigfs_regions,Nested-EAGLE-Global (AI),AIGFS,conus,global 0.25 degree,wind_speed,wind_speed,wind_speed 850,850,48,D2,-5.202
nested_global_vs_aigfs_regions,Nested-EAGLE-Global (AI),AIGFS,conus,global 0.25 degree,wind_speed,wind_speed,wind_speed 850,850,72,D3,-4.222
nested_global_vs_aigfs_regions,Nested-EAGLE-Global (AI),AIGFS,conus,global 0.25 degree,wind_speed,wind_speed,wind_speed 850,850,96,D4,-5.139
nested_global_vs_aigfs_regions,Nested-EAGLE-Global (AI),AIGFS,conus,global 0.25 degree,wind_speed,wind_speed,wind_speed 850,850,120,D5,-6.879
nested_global_vs_aigfs_regions,Nested-EAGLE-Global (AI),AIGFS,conus,global 0.25 degree,wind_speed,wind_speed,wind_speed 850,850,144,D6,-5.379
nested_global_vs_aigfs_regions,Nested-EAGLE-Global (AI),AIGFS,conus,global 0.25 degree,wind_speed,wind_speed,wind_speed 850,850,168,D7,-5.338
nested_global_vs_aigfs_regions,Nested-EAGLE-Global (AI),AIGFS,conus,global 0.25 degree,wind_speed,wind_speed,wind_speed 850,850,192,D8,-4.359
nested_global_vs_aigfs_regions,Nested-EAGLE-Global (AI),AIGFS,conus,global 0.25 degree,wind_speed,wind_speed,wind_speed 850,850,216,D9,-4.411
nested_global_vs_aigfs_regions,Nested-EAGLE-Global (AI),AIGFS,conus,global 0.25 degree,wind_speed,wind_speed,wind_speed 850,850,240,D10,-3.089
nested_global_vs_aigfs_regions,Nested-EAGLE-Global (AI),AIGFS,conus,global 0.25 degree,surface,10m_zonal_wind,10m_zonal_wind,,24,D1,5.474
nested_global_vs_aigfs_regions,Nested-EAGLE-Global (AI),AIGFS,conus,global 0.25 degree,surface,10m_zonal_wind,10m_zonal_wind,,48,D2,3.375
nested_global_vs_aigfs_regions,Nested-EAGLE-Global (AI),AIGFS,conus,global 0.25 degree,surface,10m_zonal_wind,10m_zonal_wind,,72,D3,1.694
nested_global_vs_aigfs_regions,Nested-EAGLE-Global (AI),AIGFS,conus,global 0.25 degree,surface,10m_zonal_wind,10m_zonal_wind,,96,D4,-0.191
nested_global_vs_aigfs_regions,Nested-EAGLE-Global (AI),AIGFS,conus,global 0.25 degree,surface,10m_zonal_wind,10m_zonal_wind,,120,D5,-2.886
nested_global_vs_aigfs_regions,Nested-EAGLE-Global (AI),AIGFS,conus,global 0.25 degree,surface,10m_zonal_wind,10m_zonal_wind,,144,D6,-2.796
nested_global_vs_aigfs_regions,Nested-EAGLE-Global (AI),AIGFS,conus,global 0.25 degree,surface,10m_zonal_wind,10m_zonal_wind,,168,D7,-2.273
nested_global_vs_aigfs_regions,Nested-EAGLE-Global (AI),AIGFS,conus,global 0.25 degree,surface,10m_zonal_wind,10m_zonal_wind,,192,D8,-4.276
nested_global_vs_aigfs_regions,Nested-EAGLE-Global (AI),AIGFS,conus,global 0.25 degree,surface,10m_zonal_wind,10m_zonal_wind,,216,D9,-5.201
nested_global_vs_aigfs_regions,Nested-EAGLE-Global (AI),AIGFS,conus,global 0.25 degree,surface,10m_zonal_wind,10m_zonal_wind,,240,D10,-4.585
nested_global_vs_aigfs_regions,Nested-EAGLE-Global (AI),AIGFS,conus,global 0.25 degree,surface,10m_meridional_wind,10m_meridional_wind,,24,D1,5.615
nested_global_vs_aigfs_regions,Nested-EAGLE-Global (AI),AIGFS,conus,global 0.25 degree,surface,10m_meridional_wind,10m_meridional_wind,,48,D2,3.1
nested_global_vs_aigfs_regions,Nested-EAGLE-Global (AI),AIGFS,conus,global 0.25 degree,surface,10m_meridional_wind,10m_meridional_wind,,72,D3,0.979
nested_global_vs_aigfs_regions,Nested-EAGLE-Global (AI),AIGFS,conus,global 0.25 degree,surface,10m_meridional_wind,10m_meridional_wind,,96,D4,-1.028
nested_global_vs_aigfs_regions,Nested-EAGLE-Global (AI),AIGFS,conus,global 0.25 degree,surface,10m_meridional_wind,10m_meridional_wind,,120,D5,-3.105
nested_global_vs_aigfs_regions,Nested-EAGLE-Global (AI),AIGFS,conus,global 0.25 degree,surface,10m_meridional_wind,10m_meridional_wind,,144,D6,-2.622
nested_global_vs_aigfs_regions,Nested-EAGLE-Global (AI),AIGFS,conus,global 0.25 degree,surface,10m_meridional_wind,10m_meridional_wind,,168,D7,-1.964
nested_global_vs_aigfs_regions,Nested-EAGLE-Global (AI),AIGFS,conus,global 0.25 degree,surface,10m_meridional_wind,10m_meridional_wind,,192,D8,-4.615
nested_global_vs_aigfs_regions,Nested-EAGLE-Global (AI),AIGFS,conus,global 0.25 degree,surface,10m_meridional_wind,10m_meridional_wind,,216,D9,-3.796
nested_global_vs_aigfs_regions,Nested-EAGLE-Global (AI),AIGFS,conus,global 0.25 degree,surface,10m_meridional_wind,10m_meridional_wind,,240,D10,-2.26
nested_global_vs_aigfs_regions,Nested-EAGLE-Global (AI),AIGFS,conus,global 0.25 degree,surface,2m_temperature,2m_temperature,,24,D1,4.538
nested_global_vs_aigfs_regions,Nested-EAGLE-Global (AI),AIGFS,conus,global 0.25 degree,surface,2m_temperature,2m_temperature,,48,D2,0.091
nested_global_vs_aigfs_regions,Nested-EAGLE-Global (AI),AIGFS,conus,global 0.25 degree,surface,2m_temperature,2m_temperature,,72,D3,-2.527
nested_global_vs_aigfs_regions,Nested-EAGLE-Global (AI),AIGFS,conus,global 0.25 degree,surface,2m_temperature,2m_temperature,,96,D4,-4.073
nested_global_vs_aigfs_regions,Nested-EAGLE-Global (AI),AIGFS,conus,global 0.25 degree,surface,2m_temperature,2m_temperature,,120,D5,-5.902
nested_global_vs_aigfs_regions,Nested-EAGLE-Global (AI),AIGFS,conus,global 0.25 degree,surface,2m_temperature,2m_temperature,,144,D6,-6.578
nested_global_vs_aigfs_regions,Nested-EAGLE-Global (AI),AIGFS,conus,global 0.25 degree,surface,2m_temperature,2m_temperature,,168,D7,-5.722
nested_global_vs_aigfs_regions,Nested-EAGLE-Global (AI),AIGFS,conus,global 0.25 degree,surface,2m_temperature,2m_temperature,,192,D8,-6.62
nested_global_vs_aigfs_regions,Nested-EAGLE-Global (AI),AIGFS,conus,global 0.25 degree,surface,2m_temperature,2m_temperature,,216,D9,-3.977
nested_global_vs_aigfs_regions,Nested-EAGLE-Global (AI),AIGFS,conus,global 0.25 degree,surface,2m_temperature,2m_temperature,,240,D10,-3.26
nested_global_vs_aigfs_regions,Nested-EAGLE-Global (AI),AIGFS,conus,global 0.25 degree,surface,10m_wind_speed,10m_wind_speed,,24,D1,10.635
nested_global_vs_aigfs_regions,Nested-EAGLE-Global (AI),AIGFS,conus,global 0.25 degree,surface,10m_wind_speed,10m_wind_speed,,48,D2,8.634
nested_global_vs_aigfs_regions,Nested-EAGLE-Global (AI),AIGFS,conus,global 0.25 degree,surface,10m_wind_speed,10m_wind_speed,,72,D3,6.953
nested_global_vs_aigfs_regions,Nested-EAGLE-Global (AI),AIGFS,conus,global 0.25 degree,surface,10m_wind_speed,10m_wind_speed,,96,D4,5.231
nested_global_vs_aigfs_regions,Nested-EAGLE-Global (AI),AIGFS,conus,global 0.25 degree,surface,10m_wind_speed,10m_wind_speed,,120,D5,2.981
nested_global_vs_aigfs_regions,Nested-EAGLE-Global (AI),AIGFS,conus,global 0.25 degree,surface,10m_wind_speed,10m_wind_speed,,144,D6,2.618
nested_global_vs_aigfs_regions,Nested-EAGLE-Global (AI),AIGFS,conus,global 0.25 degree,surface,10m_wind_speed,10m_wind_speed,,168,D7,1.505
nested_global_vs_aigfs_regions,Nested-EAGLE-Global (AI),AIGFS,conus,global 0.25 degree,surface,10m_wind_speed,10m_wind_speed,,192,D8,-0.544
nested_global_vs_aigfs_regions,Nested-EAGLE-Global (AI),AIGFS,conus,global 0.25 degree,surface,10m_wind_speed,10m_wind_speed,,216,D9,-0.571
nested_global_vs_aigfs_regions,Nested-EAGLE-Global (AI),AIGFS,conus,global 0.25 degree,surface,10m_wind_speed,10m_wind_speed,,240,D10,0.503
nested_global_vs_aifs_regions,Nested-EAGLE-Global (AI),AIFS,global,global 0.25 degree,geopotential_height,geopotential_height,geopotential_height 250,250,24,D1,-0.389
nested_global_vs_aifs_regions,Nested-EAGLE-Global (AI),AIFS,global,global 0.25 degree,geopotential_height,geopotential_height,geopotential_height 250,250,48,D2,-1.657
nested_global_vs_aifs_regions,Nested-EAGLE-Global (AI),AIFS,global,global 0.25 degree,geopotential_height,geopotential_height,geopotential_height 250,250,72,D3,-4.245
nested_global_vs_aifs_regions,Nested-EAGLE-Global (AI),AIFS,global,global 0.25 degree,geopotential_height,geopotential_height,geopotential_height 250,250,96,D4,-7.759
nested_global_vs_aifs_regions,Nested-EAGLE-Global (AI),AIFS,global,global 0.25 degree,geopotential_height,geopotential_height,geopotential_height 250,250,120,D5,-11.389
nested_global_vs_aifs_regions,Nested-EAGLE-Global (AI),AIFS,global,global 0.25 degree,geopotential_height,geopotential_height,geopotential_height 250,250,144,D6,-13.934
nested_global_vs_aifs_regions,Nested-EAGLE-Global (AI),AIFS,global,global 0.25 degree,geopotential_height,geopotential_height,geopotential_height 250,250,168,D7,-14.204
nested_global_vs_aifs_regions,Nested-EAGLE-Global (AI),AIFS,global,global 0.25 degree,geopotential_height,geopotential_height,geopotential_height 250,250,192,D8,-12.163
nested_global_vs_aifs_regions,Nested-EAGLE-Global (AI),AIFS,global,global 0.25 degree,geopotential_height,geopotential_height,geopotential_height 250,250,216,D9,-10.401
nested_global_vs_aifs_regions,Nested-EAGLE-Global (AI),AIFS,global,global 0.25 degree,geopotential_height,geopotential_height,geopotential_height 250,250,240,D10,-9.371
nested_global_vs_aifs_regions,Nested-EAGLE-Global (AI),AIFS,global,global 0.25 degree,geopotential_height,geopotential_height,geopotential_height 500,500,24,D1,-1.018
nested_global_vs_aifs_regions,Nested-EAGLE-Global (AI),AIFS,global,global 0.25 degree,geopotential_height,geopotential_height,geopotential_height 500,500,48,D2,-2.35
nested_global_vs_aifs_regions,Nested-EAGLE-Global (AI),AIFS,global,global 0.25 degree,geopotential_height,geopotential_height,geopotential_height 500,500,72,D3,-4.9
nested_global_vs_aifs_regions,Nested-EAGLE-Global (AI),AIFS,global,global 0.25 degree,geopotential_height,geopotential_height,geopotential_height 500,500,96,D4,-8.05
nested_global_vs_aifs_regions,Nested-EAGLE-Global (AI),AIFS,global,global 0.25 degree,geopotential_height,geopotential_height,geopotential_height 500,500,120,D5,-11.266
nested_global_vs_aifs_regions,Nested-EAGLE-Global (AI),AIFS,global,global 0.25 degree,geopotential_height,geopotential_height,geopotential_height 500,500,144,D6,-13.432
nested_global_vs_aifs_regions,Nested-EAGLE-Global (AI),AIFS,global,global 0.25 degree,geopotential_height,geopotential_height,geopotential_height 500,500,168,D7,-13.047
nested_global_vs_aifs_regions,Nested-EAGLE-Global (AI),AIFS,global,global 0.25 degree,geopotential_height,geopotential_height,geopotential_height 500,500,192,D8,-11.711
nested_global_vs_aifs_regions,Nested-EAGLE-Global (AI),AIFS,global,global 0.25 degree,geopotential_height,geopotential_height,geopotential_height 500,500,216,D9,-9.691
nested_global_vs_aifs_regions,Nested-EAGLE-Global (AI),AIFS,global,global 0.25 degree,geopotential_height,geopotential_height,geopotential_height 500,500,240,D10,-8.706
nested_global_vs_aifs_regions,Nested-EAGLE-Global (AI),AIFS,global,global 0.25 degree,geopotential_height,geopotential_height,geopotential_height 850,850,24,D1,-2.305
nested_global_vs_aifs_regions,Nested-EAGLE-Global (AI),AIFS,global,global 0.25 degree,geopotential_height,geopotential_height,geopotential_height 850,850,48,D2,-4.937
nested_global_vs_aifs_regions,Nested-EAGLE-Global (AI),AIFS,global,global 0.25 degree,geopotential_height,geopotential_height,geopotential_height 850,850,72,D3,-9.043
nested_global_vs_aifs_regions,Nested-EAGLE-Global (AI),AIFS,global,global 0.25 degree,geopotential_height,geopotential_height,geopotential_height 850,850,96,D4,-14.318
nested_global_vs_aifs_regions,Nested-EAGLE-Global (AI),AIFS,global,global 0.25 degree,geopotential_height,geopotential_height,geopotential_height 850,850,120,D5,-18.027
nested_global_vs_aifs_regions,Nested-EAGLE-Global (AI),AIFS,global,global 0.25 degree,geopotential_height,geopotential_height,geopotential_height 850,850,144,D6,-18.696
nested_global_vs_aifs_regions,Nested-EAGLE-Global (AI),AIFS,global,global 0.25 degree,geopotential_height,geopotential_height,geopotential_height 850,850,168,D7,-16.615
nested_global_vs_aifs_regions,Nested-EAGLE-Global (AI),AIFS,global,global 0.25 degree,geopotential_height,geopotential_height,geopotential_height 850,850,192,D8,-15.023
nested_global_vs_aifs_regions,Nested-EAGLE-Global (AI),AIFS,global,global 0.25 degree,geopotential_height,geopotential_height,geopotential_height 850,850,216,D9,-11.574
nested_global_vs_aifs_regions,Nested-EAGLE-Global (AI),AIFS,global,global 0.25 degree,geopotential_height,geopotential_height,geopotential_height 850,850,240,D10,-9.416
nested_global_vs_aifs_regions,Nested-EAGLE-Global (AI),AIFS,global,global 0.25 degree,zonal_wind,zonal_wind,zonal_wind 250,250,24,D1,-9.623
nested_global_vs_aifs_regions,Nested-EAGLE-Global (AI),AIFS,global,global 0.25 degree,zonal_wind,zonal_wind,zonal_wind 250,250,48,D2,-14.573
nested_global_vs_aifs_regions,Nested-EAGLE-Global (AI),AIFS,global,global 0.25 degree,zonal_wind,zonal_wind,zonal_wind 250,250,72,D3,-19.815
nested_global_vs_aifs_regions,Nested-EAGLE-Global (AI),AIFS,global,global 0.25 degree,zonal_wind,zonal_wind,zonal_wind 250,250,96,D4,-23.388
nested_global_vs_aifs_regions,Nested-EAGLE-Global (AI),AIFS,global,global 0.25 degree,zonal_wind,zonal_wind,zonal_wind 250,250,120,D5,-25.433
nested_global_vs_aifs_regions,Nested-EAGLE-Global (AI),AIFS,global,global 0.25 degree,zonal_wind,zonal_wind,zonal_wind 250,250,144,D6,-24.573
nested_global_vs_aifs_regions,Nested-EAGLE-Global (AI),AIFS,global,global 0.25 degree,zonal_wind,zonal_wind,zonal_wind 250,250,168,D7,-21.056
nested_global_vs_aifs_regions,Nested-EAGLE-Global (AI),AIFS,global,global 0.25 degree,zonal_wind,zonal_wind,zonal_wind 250,250,192,D8,-16.954
nested_global_vs_aifs_regions,Nested-EAGLE-Global (AI),AIFS,global,global 0.25 degree,zonal_wind,zonal_wind,zonal_wind 250,250,216,D9,-13.746
nested_global_vs_aifs_regions,Nested-EAGLE-Global (AI),AIFS,global,global 0.25 degree,zonal_wind,zonal_wind,zonal_wind 250,250,240,D10,-12.341
nested_global_vs_aifs_regions,Nested-EAGLE-Global (AI),AIFS,global,global 0.25 degree,zonal_wind,zonal_wind,zonal_wind 500,500,24,D1,-10.055
nested_global_vs_aifs_regions,Nested-EAGLE-Global (AI),AIFS,global,global 0.25 degree,zonal_wind,zonal_wind,zonal_wind 500,500,48,D2,-13.618
nested_global_vs_aifs_regions,Nested-EAGLE-Global (AI),AIFS,global,global 0.25 degree,zonal_wind,zonal_wind,zonal_wind 500,500,72,D3,-16.573
nested_global_vs_aifs_regions,Nested-EAGLE-Global (AI),AIFS,global,global 0.25 degree,zonal_wind,zonal_wind,zonal_wind 500,500,96,D4,-19.451
nested_global_vs_aifs_regions,Nested-EAGLE-Global (AI),AIFS,global,global 0.25 degree,zonal_wind,zonal_wind,zonal_wind 500,500,120,D5,-19.867
nested_global_vs_aifs_regions,Nested-EAGLE-Global (AI),AIFS,global,global 0.25 degree,zonal_wind,zonal_wind,zonal_wind 500,500,144,D6,-19.462
nested_global_vs_aifs_regions,Nested-EAGLE-Global (AI),AIFS,global,global 0.25 degree,zonal_wind,zonal_wind,zonal_wind 500,500,168,D7,-16.694
nested_global_vs_aifs_regions,Nested-EAGLE-Global (AI),AIFS,global,global 0.25 degree,zonal_wind,zonal_wind,zonal_wind 500,500,192,D8,-14.394
nested_global_vs_aifs_regions,Nested-EAGLE-Global (AI),AIFS,global,global 0.25 degree,zonal_wind,zonal_wind,zonal_wind 500,500,216,D9,-12.224
nested_global_vs_aifs_regions,Nested-EAGLE-Global (AI),AIFS,global,global 0.25 degree,zonal_wind,zonal_wind,zonal_wind 500,500,240,D10,-10.413
nested_global_vs_aifs_regions,Nested-EAGLE-Global (AI),AIFS,global,global 0.25 degree,zonal_wind,zonal_wind,zonal_wind 850,850,24,D1,-9.998
nested_global_vs_aifs_regions,Nested-EAGLE-Global (AI),AIFS,global,global 0.25 degree,zonal_wind,zonal_wind,zonal_wind 850,850,48,D2,-11.835
nested_global_vs_aifs_regions,Nested-EAGLE-Global (AI),AIFS,global,global 0.25 degree,zonal_wind,zonal_wind,zonal_wind 850,850,72,D3,-14.44
nested_global_vs_aifs_regions,Nested-EAGLE-Global (AI),AIFS,global,global 0.25 degree,zonal_wind,zonal_wind,zonal_wind 850,850,96,D4,-16.499
nested_global_vs_aifs_regions,Nested-EAGLE-Global (AI),AIFS,global,global 0.25 degree,zonal_wind,zonal_wind,zonal_wind 850,850,120,D5,-16.509
nested_global_vs_aifs_regions,Nested-EAGLE-Global (AI),AIFS,global,global 0.25 degree,zonal_wind,zonal_wind,zonal_wind 850,850,144,D6,-15.942
nested_global_vs_aifs_regions,Nested-EAGLE-Global (AI),AIFS,global,global 0.25 degree,zonal_wind,zonal_wind,zonal_wind 850,850,168,D7,-13.62
nested_global_vs_aifs_regions,Nested-EAGLE-Global (AI),AIFS,global,global 0.25 degree,zonal_wind,zonal_wind,zonal_wind 850,850,192,D8,-12.427
nested_global_vs_aifs_regions,Nested-EAGLE-Global (AI),AIFS,global,global 0.25 degree,zonal_wind,zonal_wind,zonal_wind 850,850,216,D9,-10.203
nested_global_vs_aifs_regions,Nested-EAGLE-Global (AI),AIFS,global,global 0.25 degree,zonal_wind,zonal_wind,zonal_wind 850,850,240,D10,-8.411
nested_global_vs_aifs_regions,Nested-EAGLE-Global (AI),AIFS,global,global 0.25 degree,meridional_wind,meridional_wind,meridional_wind 250,250,24,D1,-9.399
nested_global_vs_aifs_regions,Nested-EAGLE-Global (AI),AIFS,global,global 0.25 degree,meridional_wind,meridional_wind,meridional_wind 250,250,48,D2,-14.884
nested_global_vs_aifs_regions,Nested-EAGLE-Global (AI),AIFS,global,global 0.25 degree,meridional_wind,meridional_wind,meridional_wind 250,250,72,D3,-21.032
nested_global_vs_aifs_regions,Nested-EAGLE-Global (AI),AIFS,global,global 0.25 degree,meridional_wind,meridional_wind,meridional_wind 250,250,96,D4,-24.969
nested_global_vs_aifs_regions,Nested-EAGLE-Global (AI),AIFS,global,global 0.25 degree,meridional_wind,meridional_wind,meridional_wind 250,250,120,D5,-24.649
nested_global_vs_aifs_regions,Nested-EAGLE-Global (AI),AIFS,global,global 0.25 degree,meridional_wind,meridional_wind,meridional_wind 250,250,144,D6,-23.034
nested_global_vs_aifs_regions,Nested-EAGLE-Global (AI),AIFS,global,global 0.25 degree,meridional_wind,meridional_wind,meridional_wind 250,250,168,D7,-19.229
nested_global_vs_aifs_regions,Nested-EAGLE-Global (AI),AIFS,global,global 0.25 degree,meridional_wind,meridional_wind,meridional_wind 250,250,192,D8,-14.67
nested_global_vs_aifs_regions,Nested-EAGLE-Global (AI),AIFS,global,global 0.25 degree,meridional_wind,meridional_wind,meridional_wind 250,250,216,D9,-11.128
nested_global_vs_aifs_regions,Nested-EAGLE-Global (AI),AIFS,global,global 0.25 degree,meridional_wind,meridional_wind,meridional_wind 250,250,240,D10,-10.551
nested_global_vs_aifs_regions,Nested-EAGLE-Global (AI),AIFS,global,global 0.25 degree,meridional_wind,meridional_wind,meridional_wind 500,500,24,D1,-9.907
nested_global_vs_aifs_regions,Nested-EAGLE-Global (AI),AIFS,global,global 0.25 degree,meridional_wind,meridional_wind,meridional_wind 500,500,48,D2,-13.89
nested_global_vs_aifs_regions,Nested-EAGLE-Global (AI),AIFS,global,global 0.25 degree,meridional_wind,meridional_wind,meridional_wind 500,500,72,D3,-18.476
nested_global_vs_aifs_regions,Nested-EAGLE-Global (AI),AIFS,global,global 0.25 degree,meridional_wind,meridional_wind,meridional_wind 500,500,96,D4,-20.896
nested_global_vs_aifs_regions,Nested-EAGLE-Global (AI),AIFS,global,global 0.25 degree,meridional_wind,meridional_wind,meridional_wind 500,500,120,D5,-19.694
nested_global_vs_aifs_regions,Nested-EAGLE-Global (AI),AIFS,global,global 0.25 degree,meridional_wind,meridional_wind,meridional_wind 500,500,144,D6,-19.244
nested_global_vs_aifs_regions,Nested-EAGLE-Global (AI),AIFS,global,global 0.25 degree,meridional_wind,meridional_wind,meridional_wind 500,500,168,D7,-15.512
nested_global_vs_aifs_regions,Nested-EAGLE-Global (AI),AIFS,global,global 0.25 degree,meridional_wind,meridional_wind,meridional_wind 500,500,192,D8,-12.303
nested_global_vs_aifs_regions,Nested-EAGLE-Global (AI),AIFS,global,global 0.25 degree,meridional_wind,meridional_wind,meridional_wind 500,500,216,D9,-9.549
nested_global_vs_aifs_regions,Nested-EAGLE-Global (AI),AIFS,global,global 0.25 degree,meridional_wind,meridional_wind,meridional_wind 500,500,240,D10,-8.638
nested_global_vs_aifs_regions,Nested-EAGLE-Global (AI),AIFS,global,global 0.25 degree,meridional_wind,meridional_wind,meridional_wind 850,850,24,D1,-9.756
nested_global_vs_aifs_regions,Nested-EAGLE-Global (AI),AIFS,global,global 0.25 degree,meridional_wind,meridional_wind,meridional_wind 850,850,48,D2,-11.922
nested_global_vs_aifs_regions,Nested-EAGLE-Global (AI),AIFS,global,global 0.25 degree,meridional_wind,meridional_wind,meridional_wind 850,850,72,D3,-14.518
nested_global_vs_aifs_regions,Nested-EAGLE-Global (AI),AIFS,global,global 0.25 degree,meridional_wind,meridional_wind,meridional_wind 850,850,96,D4,-17.421
nested_global_vs_aifs_regions,Nested-EAGLE-Global (AI),AIFS,global,global 0.25 degree,meridional_wind,meridional_wind,meridional_wind 850,850,120,D5,-16.705
nested_global_vs_aifs_regions,Nested-EAGLE-Global (AI),AIFS,global,global 0.25 degree,meridional_wind,meridional_wind,meridional_wind 850,850,144,D6,-14.622
nested_global_vs_aifs_regions,Nested-EAGLE-Global (AI),AIFS,global,global 0.25 degree,meridional_wind,meridional_wind,meridional_wind 850,850,168,D7,-13.528
nested_global_vs_aifs_regions,Nested-EAGLE-Global (AI),AIFS,global,global 0.25 degree,meridional_wind,meridional_wind,meridional_wind 850,850,192,D8,-10.38
nested_global_vs_aifs_regions,Nested-EAGLE-Global (AI),AIFS,global,global 0.25 degree,meridional_wind,meridional_wind,meridional_wind 850,850,216,D9,-7.942
nested_global_vs_aifs_regions,Nested-EAGLE-Global (AI),AIFS,global,global 0.25 degree,meridional_wind,meridional_wind,meridional_wind 850,850,240,D10,-7.562
nested_global_vs_aifs_regions,Nested-EAGLE-Global (AI),AIFS,global,global 0.25 degree,temperature,temperature,temperature 250,250,24,D1,-6.632
nested_global_vs_aifs_regions,Nested-EAGLE-Global (AI),AIFS,global,global 0.25 degree,temperature,temperature,temperature 250,250,48,D2,-10.949
nested_global_vs_aifs_regions,Nested-EAGLE-Global (AI),AIFS,global,global 0.25 degree,temperature,temperature,temperature 250,250,72,D3,-15.62
nested_global_vs_aifs_regions,Nested-EAGLE-Global (AI),AIFS,global,global 0.25 degree,temperature,temperature,temperature 250,250,96,D4,-17.923
nested_global_vs_aifs_regions,Nested-EAGLE-Global (AI),AIFS,global,global 0.25 degree,temperature,temperature,temperature 250,250,120,D5,-18.107
nested_global_vs_aifs_regions,Nested-EAGLE-Global (AI),AIFS,global,global 0.25 degree,temperature,temperature,temperature 250,250,144,D6,-16.8
nested_global_vs_aifs_regions,Nested-EAGLE-Global (AI),AIFS,global,global 0.25 degree,temperature,temperature,temperature 250,250,168,D7,-14.898
nested_global_vs_aifs_regions,Nested-EAGLE-Global (AI),AIFS,global,global 0.25 degree,temperature,temperature,temperature 250,250,192,D8,-12.6
nested_global_vs_aifs_regions,Nested-EAGLE-Global (AI),AIFS,global,global 0.25 degree,temperature,temperature,temperature 250,250,216,D9,-10.527
nested_global_vs_aifs_regions,Nested-EAGLE-Global (AI),AIFS,global,global 0.25 degree,temperature,temperature,temperature 250,250,240,D10,-9.336
nested_global_vs_aifs_regions,Nested-EAGLE-Global (AI),AIFS,global,global 0.25 degree,temperature,temperature,temperature 500,500,24,D1,-6.923
nested_global_vs_aifs_regions,Nested-EAGLE-Global (AI),AIFS,global,global 0.25 degree,temperature,temperature,temperature 500,500,48,D2,-10.316
nested_global_vs_aifs_regions,Nested-EAGLE-Global (AI),AIFS,global,global 0.25 degree,temperature,temperature,temperature 500,500,72,D3,-14.778
nested_global_vs_aifs_regions,Nested-EAGLE-Global (AI),AIFS,global,global 0.25 degree,temperature,temperature,temperature 500,500,96,D4,-18.521
nested_global_vs_aifs_regions,Nested-EAGLE-Global (AI),AIFS,global,global 0.25 degree,temperature,temperature,temperature 500,500,120,D5,-20.339
nested_global_vs_aifs_regions,Nested-EAGLE-Global (AI),AIFS,global,global 0.25 degree,temperature,temperature,temperature 500,500,144,D6,-19.63
nested_global_vs_aifs_regions,Nested-EAGLE-Global (AI),AIFS,global,global 0.25 degree,temperature,temperature,temperature 500,500,168,D7,-18.271
nested_global_vs_aifs_regions,Nested-EAGLE-Global (AI),AIFS,global,global 0.25 degree,temperature,temperature,temperature 500,500,192,D8,-14.237
nested_global_vs_aifs_regions,Nested-EAGLE-Global (AI),AIFS,global,global 0.25 degree,temperature,temperature,temperature 500,500,216,D9,-11.063
nested_global_vs_aifs_regions,Nested-EAGLE-Global (AI),AIFS,global,global 0.25 degree,temperature,temperature,temperature 500,500,240,D10,-9.541
nested_global_vs_aifs_regions,Nested-EAGLE-Global (AI),AIFS,global,global 0.25 degree,temperature,temperature,temperature 850,850,24,D1,-9.299
nested_global_vs_aifs_regions,Nested-EAGLE-Global (AI),AIFS,global,global 0.25 degree,temperature,temperature,temperature 850,850,48,D2,-11.658
nested_global_vs_aifs_regions,Nested-EAGLE-Global (AI),AIFS,global,global 0.25 degree,temperature,temperature,temperature 850,850,72,D3,-15.102
nested_global_vs_aifs_regions,Nested-EAGLE-Global (AI),AIFS,global,global 0.25 degree,temperature,temperature,temperature 850,850,96,D4,-19.347
nested_global_vs_aifs_regions,Nested-EAGLE-Global (AI),AIFS,global,global 0.25 degree,temperature,temperature,temperature 850,850,120,D5,-21.142
nested_global_vs_aifs_regions,Nested-EAGLE-Global (AI),AIFS,global,global 0.25 degree,temperature,temperature,temperature 850,850,144,D6,-20.452
nested_global_vs_aifs_regions,Nested-EAGLE-Global (AI),AIFS,global,global 0.25 degree,temperature,temperature,temperature 850,850,168,D7,-18.853
nested_global_vs_aifs_regions,Nested-EAGLE-Global (AI),AIFS,global,global 0.25 degree,temperature,temperature,temperature 850,850,192,D8,-15.699
nested_global_vs_aifs_regions,Nested-EAGLE-Global (AI),AIFS,global,global 0.25 degree,temperature,temperature,temperature 850,850,216,D9,-12.434
nested_global_vs_aifs_regions,Nested-EAGLE-Global (AI),AIFS,global,global 0.25 degree,temperature,temperature,temperature 850,850,240,D10,-10.546
nested_global_vs_aifs_regions,Nested-EAGLE-Global (AI),AIFS,global,global 0.25 degree,specific_humidity,specific_humidity,specific_humidity 250,250,24,D1,-1.617
nested_global_vs_aifs_regions,Nested-EAGLE-Global (AI),AIFS,global,global 0.25 degree,specific_humidity,specific_humidity,specific_humidity 250,250,48,D2,-1.693
nested_global_vs_aifs_regions,Nested-EAGLE-Global (AI),AIFS,global,global 0.25 degree,specific_humidity,specific_humidity,specific_humidity 250,250,72,D3,-1.794
nested_global_vs_aifs_regions,Nested-EAGLE-Global (AI),AIFS,global,global 0.25 degree,specific_humidity,specific_humidity,specific_humidity 250,250,96,D4,-2.099
nested_global_vs_aifs_regions,Nested-EAGLE-Global (AI),AIFS,global,global 0.25 degree,specific_humidity,specific_humidity,specific_humidity 250,250,120,D5,-1.998
nested_global_vs_aifs_regions,Nested-EAGLE-Global (AI),AIFS,global,global 0.25 degree,specific_humidity,specific_humidity,specific_humidity 250,250,144,D6,-2.209
nested_global_vs_aifs_regions,Nested-EAGLE-Global (AI),AIFS,global,global 0.25 degree,specific_humidity,specific_humidity,specific_humidity 250,250,168,D7,-2.539
nested_global_vs_aifs_regions,Nested-EAGLE-Global (AI),AIFS,global,global 0.25 degree,specific_humidity,specific_humidity,specific_humidity 250,250,192,D8,-2.354
nested_global_vs_aifs_regions,Nested-EAGLE-Global (AI),AIFS,global,global 0.25 degree,specific_humidity,specific_humidity,specific_humidity 250,250,216,D9,-2.183
nested_global_vs_aifs_regions,Nested-EAGLE-Global (AI),AIFS,global,global 0.25 degree,specific_humidity,specific_humidity,specific_humidity 250,250,240,D10,-2.186
nested_global_vs_aifs_regions,Nested-EAGLE-Global (AI),AIFS,global,global 0.25 degree,specific_humidity,specific_humidity,specific_humidity 500,500,24,D1,-8.311
nested_global_vs_aifs_regions,Nested-EAGLE-Global (AI),AIFS,global,global 0.25 degree,specific_humidity,specific_humidity,specific_humidity 500,500,48,D2,-8.315
nested_global_vs_aifs_regions,Nested-EAGLE-Global (AI),AIFS,global,global 0.25 degree,specific_humidity,specific_humidity,specific_humidity 500,500,72,D3,-9.696
nested_global_vs_aifs_regions,Nested-EAGLE-Global (AI),AIFS,global,global 0.25 degree,specific_humidity,specific_humidity,specific_humidity 500,500,96,D4,-11.376
nested_global_vs_aifs_regions,Nested-EAGLE-Global (AI),AIFS,global,global 0.25 degree,specific_humidity,specific_humidity,specific_humidity 500,500,120,D5,-12.006
nested_global_vs_aifs_regions,Nested-EAGLE-Global (AI),AIFS,global,global 0.25 degree,specific_humidity,specific_humidity,specific_humidity 500,500,144,D6,-12.525
nested_global_vs_aifs_regions,Nested-EAGLE-Global (AI),AIFS,global,global 0.25 degree,specific_humidity,specific_humidity,specific_humidity 500,500,168,D7,-12.716
nested_global_vs_aifs_regions,Nested-EAGLE-Global (AI),AIFS,global,global 0.25 degree,specific_humidity,specific_humidity,specific_humidity 500,500,192,D8,-11.728
nested_global_vs_aifs_regions,Nested-EAGLE-Global (AI),AIFS,global,global 0.25 degree,specific_humidity,specific_humidity,specific_humidity 500,500,216,D9,-10.932
nested_global_vs_aifs_regions,Nested-EAGLE-Global (AI),AIFS,global,global 0.25 degree,specific_humidity,specific_humidity,specific_humidity 500,500,240,D10,-10.127
nested_global_vs_aifs_regions,Nested-EAGLE-Global (AI),AIFS,global,global 0.25 degree,specific_humidity,specific_humidity,specific_humidity 850,850,24,D1,-8.282
nested_global_vs_aifs_regions,Nested-EAGLE-Global (AI),AIFS,global,global 0.25 degree,specific_humidity,specific_humidity,specific_humidity 850,850,48,D2,-8.558
nested_global_vs_aifs_regions,Nested-EAGLE-Global (AI),AIFS,global,global 0.25 degree,specific_humidity,specific_humidity,specific_humidity 850,850,72,D3,-9.092
nested_global_vs_aifs_regions,Nested-EAGLE-Global (AI),AIFS,global,global 0.25 degree,specific_humidity,specific_humidity,specific_humidity 850,850,96,D4,-10.088
nested_global_vs_aifs_regions,Nested-EAGLE-Global (AI),AIFS,global,global 0.25 degree,specific_humidity,specific_humidity,specific_humidity 850,850,120,D5,-10.668
nested_global_vs_aifs_regions,Nested-EAGLE-Global (AI),AIFS,global,global 0.25 degree,specific_humidity,specific_humidity,specific_humidity 850,850,144,D6,-11.202
nested_global_vs_aifs_regions,Nested-EAGLE-Global (AI),AIFS,global,global 0.25 degree,specific_humidity,specific_humidity,specific_humidity 850,850,168,D7,-10.427
nested_global_vs_aifs_regions,Nested-EAGLE-Global (AI),AIFS,global,global 0.25 degree,specific_humidity,specific_humidity,specific_humidity 850,850,192,D8,-9.558
nested_global_vs_aifs_regions,Nested-EAGLE-Global (AI),AIFS,global,global 0.25 degree,specific_humidity,specific_humidity,specific_humidity 850,850,216,D9,-8.509
nested_global_vs_aifs_regions,Nested-EAGLE-Global (AI),AIFS,global,global 0.25 degree,specific_humidity,specific_humidity,specific_humidity 850,850,240,D10,-7.185
nested_global_vs_aifs_regions,Nested-EAGLE-Global (AI),AIFS,global,global 0.25 degree,wind_speed,wind_speed,wind_speed 250,250,24,D1,-13.466
nested_global_vs_aifs_regions,Nested-EAGLE-Global (AI),AIFS,global,global 0.25 degree,wind_speed,wind_speed,wind_speed 250,250,48,D2,-16.999
nested_global_vs_aifs_regions,Nested-EAGLE-Global (AI),AIFS,global,global 0.25 degree,wind_speed,wind_speed,wind_speed 250,250,72,D3,-20.75
nested_global_vs_aifs_regions,Nested-EAGLE-Global (AI),AIFS,global,global 0.25 degree,wind_speed,wind_speed,wind_speed 250,250,96,D4,-22.717
nested_global_vs_aifs_regions,Nested-EAGLE-Global (AI),AIFS,global,global 0.25 degree,wind_speed,wind_speed,wind_speed 250,250,120,D5,-23.106
nested_global_vs_aifs_regions,Nested-EAGLE-Global (AI),AIFS,global,global 0.25 degree,wind_speed,wind_speed,wind_speed 250,250,144,D6,-21.045
nested_global_vs_aifs_regions,Nested-EAGLE-Global (AI),AIFS,global,global 0.25 degree,wind_speed,wind_speed,wind_speed 250,250,168,D7,-17.521
nested_global_vs_aifs_regions,Nested-EAGLE-Global (AI),AIFS,global,global 0.25 degree,wind_speed,wind_speed,wind_speed 250,250,192,D8,-13.894
nested_global_vs_aifs_regions,Nested-EAGLE-Global (AI),AIFS,global,global 0.25 degree,wind_speed,wind_speed,wind_speed 250,250,216,D9,-11.703
nested_global_vs_aifs_regions,Nested-EAGLE-Global (AI),AIFS,global,global 0.25 degree,wind_speed,wind_speed,wind_speed 250,250,240,D10,-10.302
nested_global_vs_aifs_regions,Nested-EAGLE-Global (AI),AIFS,global,global 0.25 degree,wind_speed,wind_speed,wind_speed 500,500,24,D1,-14.303
nested_global_vs_aifs_regions,Nested-EAGLE-Global (AI),AIFS,global,global 0.25 degree,wind_speed,wind_speed,wind_speed 500,500,48,D2,-15.748
nested_global_vs_aifs_regions,Nested-EAGLE-Global (AI),AIFS,global,global 0.25 degree,wind_speed,wind_speed,wind_speed 500,500,72,D3,-17.551
nested_global_vs_aifs_regions,Nested-EAGLE-Global (AI),AIFS,global,global 0.25 degree,wind_speed,wind_speed,wind_speed 500,500,96,D4,-19.122
nested_global_vs_aifs_regions,Nested-EAGLE-Global (AI),AIFS,global,global 0.25 degree,wind_speed,wind_speed,wind_speed 500,500,120,D5,-17.562
nested_global_vs_aifs_regions,Nested-EAGLE-Global (AI),AIFS,global,global 0.25 degree,wind_speed,wind_speed,wind_speed 500,500,144,D6,-16.263
nested_global_vs_aifs_regions,Nested-EAGLE-Global (AI),AIFS,global,global 0.25 degree,wind_speed,wind_speed,wind_speed 500,500,168,D7,-12.842
nested_global_vs_aifs_regions,Nested-EAGLE-Global (AI),AIFS,global,global 0.25 degree,wind_speed,wind_speed,wind_speed 500,500,192,D8,-11.289
nested_global_vs_aifs_regions,Nested-EAGLE-Global (AI),AIFS,global,global 0.25 degree,wind_speed,wind_speed,wind_speed 500,500,216,D9,-9.754
nested_global_vs_aifs_regions,Nested-EAGLE-Global (AI),AIFS,global,global 0.25 degree,wind_speed,wind_speed,wind_speed 500,500,240,D10,-7.83
nested_global_vs_aifs_regions,Nested-EAGLE-Global (AI),AIFS,global,global 0.25 degree,wind_speed,wind_speed,wind_speed 850,850,24,D1,-8.9
nested_global_vs_aifs_regions,Nested-EAGLE-Global (AI),AIFS,global,global 0.25 degree,wind_speed,wind_speed,wind_speed 850,850,48,D2,-9.705
nested_global_vs_aifs_regions,Nested-EAGLE-Global (AI),AIFS,global,global 0.25 degree,wind_speed,wind_speed,wind_speed 850,850,72,D3,-11.228
nested_global_vs_aifs_regions,Nested-EAGLE-Global (AI),AIFS,global,global 0.25 degree,wind_speed,wind_speed,wind_speed 850,850,96,D4,-12.664
nested_global_vs_aifs_regions,Nested-EAGLE-Global (AI),AIFS,global,global 0.25 degree,wind_speed,wind_speed,wind_speed 850,850,120,D5,-12.813
nested_global_vs_aifs_regions,Nested-EAGLE-Global (AI),AIFS,global,global 0.25 degree,wind_speed,wind_speed,wind_speed 850,850,144,D6,-11.582
nested_global_vs_aifs_regions,Nested-EAGLE-Global (AI),AIFS,global,global 0.25 degree,wind_speed,wind_speed,wind_speed 850,850,168,D7,-9.887
nested_global_vs_aifs_regions,Nested-EAGLE-Global (AI),AIFS,global,global 0.25 degree,wind_speed,wind_speed,wind_speed 850,850,192,D8,-8.255
nested_global_vs_aifs_regions,Nested-EAGLE-Global (AI),AIFS,global,global 0.25 degree,wind_speed,wind_speed,wind_speed 850,850,216,D9,-6.895
nested_global_vs_aifs_regions,Nested-EAGLE-Global (AI),AIFS,global,global 0.25 degree,wind_speed,wind_speed,wind_speed 850,850,240,D10,-5.67
nested_global_vs_aifs_regions,Nested-EAGLE-Global (AI),AIFS,global,global 0.25 degree,surface,10m_zonal_wind,10m_zonal_wind,,24,D1,-2.481
nested_global_vs_aifs_regions,Nested-EAGLE-Global (AI),AIFS,global,global 0.25 degree,surface,10m_zonal_wind,10m_zonal_wind,,48,D2,-3.953
nested_global_vs_aifs_regions,Nested-EAGLE-Global (AI),AIFS,global,global 0.25 degree,surface,10m_zonal_wind,10m_zonal_wind,,72,D3,-5.883
nested_global_vs_aifs_regions,Nested-EAGLE-Global (AI),AIFS,global,global 0.25 degree,surface,10m_zonal_wind,10m_zonal_wind,,96,D4,-8.118
nested_global_vs_aifs_regions,Nested-EAGLE-Global (AI),AIFS,global,global 0.25 degree,surface,10m_zonal_wind,10m_zonal_wind,,120,D5,-9.859
nested_global_vs_aifs_regions,Nested-EAGLE-Global (AI),AIFS,global,global 0.25 degree,surface,10m_zonal_wind,10m_zonal_wind,,144,D6,-10.135
nested_global_vs_aifs_regions,Nested-EAGLE-Global (AI),AIFS,global,global 0.25 degree,surface,10m_zonal_wind,10m_zonal_wind,,168,D7,-9.096
nested_global_vs_aifs_regions,Nested-EAGLE-Global (AI),AIFS,global,global 0.25 degree,surface,10m_zonal_wind,10m_zonal_wind,,192,D8,-9.308
nested_global_vs_aifs_regions,Nested-EAGLE-Global (AI),AIFS,global,global 0.25 degree,surface,10m_zonal_wind,10m_zonal_wind,,216,D9,-9.427
nested_global_vs_aifs_regions,Nested-EAGLE-Global (AI),AIFS,global,global 0.25 degree,surface,10m_zonal_wind,10m_zonal_wind,,240,D10,-8.168
nested_global_vs_aifs_regions,Nested-EAGLE-Global (AI),AIFS,global,global 0.25 degree,surface,10m_meridional_wind,10m_meridional_wind,,24,D1,-1.933
nested_global_vs_aifs_regions,Nested-EAGLE-Global (AI),AIFS,global,global 0.25 degree,surface,10m_meridional_wind,10m_meridional_wind,,48,D2,-3.609
nested_global_vs_aifs_regions,Nested-EAGLE-Global (AI),AIFS,global,global 0.25 degree,surface,10m_meridional_wind,10m_meridional_wind,,72,D3,-5.828
nested_global_vs_aifs_regions,Nested-EAGLE-Global (AI),AIFS,global,global 0.25 degree,surface,10m_meridional_wind,10m_meridional_wind,,96,D4,-8.143
nested_global_vs_aifs_regions,Nested-EAGLE-Global (AI),AIFS,global,global 0.25 degree,surface,10m_meridional_wind,10m_meridional_wind,,120,D5,-10.345
nested_global_vs_aifs_regions,Nested-EAGLE-Global (AI),AIFS,global,global 0.25 degree,surface,10m_meridional_wind,10m_meridional_wind,,144,D6,-10.85
nested_global_vs_aifs_regions,Nested-EAGLE-Global (AI),AIFS,global,global 0.25 degree,surface,10m_meridional_wind,10m_meridional_wind,,168,D7,-9.777
nested_global_vs_aifs_regions,Nested-EAGLE-Global (AI),AIFS,global,global 0.25 degree,surface,10m_meridional_wind,10m_meridional_wind,,192,D8,-8.839
nested_global_vs_aifs_regions,Nested-EAGLE-Global (AI),AIFS,global,global 0.25 degree,surface,10m_meridional_wind,10m_meridional_wind,,216,D9,-8.131
nested_global_vs_aifs_regions,Nested-EAGLE-Global (AI),AIFS,global,global 0.25 degree,surface,10m_meridional_wind,10m_meridional_wind,,240,D10,-7.412
nested_global_vs_aifs_regions,Nested-EAGLE-Global (AI),AIFS,global,global 0.25 degree,surface,2m_temperature,2m_temperature,,24,D1,-6.994
nested_global_vs_aifs_regions,Nested-EAGLE-Global (AI),AIFS,global,global 0.25 degree,surface,2m_temperature,2m_temperature,,48,D2,-7.668
nested_global_vs_aifs_regions,Nested-EAGLE-Global (AI),AIFS,global,global 0.25 degree,surface,2m_temperature,2m_temperature,,72,D3,-8.508
nested_global_vs_aifs_regions,Nested-EAGLE-Global (AI),AIFS,global,global 0.25 degree,surface,2m_temperature,2m_temperature,,96,D4,-9.609
nested_global_vs_aifs_regions,Nested-EAGLE-Global (AI),AIFS,global,global 0.25 degree,surface,2m_temperature,2m_temperature,,120,D5,-10.867
nested_global_vs_aifs_regions,Nested-EAGLE-Global (AI),AIFS,global,global 0.25 degree,surface,2m_temperature,2m_temperature,,144,D6,-11.698
nested_global_vs_aifs_regions,Nested-EAGLE-Global (AI),AIFS,global,global 0.25 degree,surface,2m_temperature,2m_temperature,,168,D7,-11.396
nested_global_vs_aifs_regions,Nested-EAGLE-Global (AI),AIFS,global,global 0.25 degree,surface,2m_temperature,2m_temperature,,192,D8,-10.338
nested_global_vs_aifs_regions,Nested-EAGLE-Global (AI),AIFS,global,global 0.25 degree,surface,2m_temperature,2m_temperature,,216,D9,-8.888
nested_global_vs_aifs_regions,Nested-EAGLE-Global (AI),AIFS,global,global 0.25 degree,surface,2m_temperature,2m_temperature,,240,D10,-8.064
nested_global_vs_aifs_regions,Nested-EAGLE-Global (AI),AIFS,global,global 0.25 degree,surface,10m_wind_speed,10m_wind_speed,,24,D1,0.692
nested_global_vs_aifs_regions,Nested-EAGLE-Global (AI),AIFS,global,global 0.25 degree,surface,10m_wind_speed,10m_wind_speed,,48,D2,-0.229
nested_global_vs_aifs_regions,Nested-EAGLE-Global (AI),AIFS,global,global 0.25 degree,surface,10m_wind_speed,10m_wind_speed,,72,D3,-1.486
nested_global_vs_aifs_regions,Nested-EAGLE-Global (AI),AIFS,global,global 0.25 degree,surface,10m_wind_speed,10m_wind_speed,,96,D4,-2.971
nested_global_vs_aifs_regions,Nested-EAGLE-Global (AI),AIFS,global,global 0.25 degree,surface,10m_wind_speed,10m_wind_speed,,120,D5,-4.116
nested_global_vs_aifs_regions,Nested-EAGLE-Global (AI),AIFS,global,global 0.25 degree,surface,10m_wind_speed,10m_wind_speed,,144,D6,-4.521
nested_global_vs_aifs_regions,Nested-EAGLE-Global (AI),AIFS,global,global 0.25 degree,surface,10m_wind_speed,10m_wind_speed,,168,D7,-4.613
nested_global_vs_aifs_regions,Nested-EAGLE-Global (AI),AIFS,global,global 0.25 degree,surface,10m_wind_speed,10m_wind_speed,,192,D8,-4.748
nested_global_vs_aifs_regions,Nested-EAGLE-Global (AI),AIFS,global,global 0.25 degree,surface,10m_wind_speed,10m_wind_speed,,216,D9,-4.422
nested_global_vs_aifs_regions,Nested-EAGLE-Global (AI),AIFS,global,global 0.25 degree,surface,10m_wind_speed,10m_wind_speed,,240,D10,-4.344
nested_global_vs_aifs_regions,Nested-EAGLE-Global (AI),AIFS,northern_hemisphere,global 0.25 degree,geopotential_height,geopotential_height,geopotential_height 250,250,24,D1,-1.296
nested_global_vs_aifs_regions,Nested-EAGLE-Global (AI),AIFS,northern_hemisphere,global 0.25 degree,geopotential_height,geopotential_height,geopotential_height 250,250,48,D2,-4.222
nested_global_vs_aifs_regions,Nested-EAGLE-Global (AI),AIFS,northern_hemisphere,global 0.25 degree,geopotential_height,geopotential_height,geopotential_height 250,250,72,D3,-9.125
nested_global_vs_aifs_regions,Nested-EAGLE-Global (AI),AIFS,northern_hemisphere,global 0.25 degree,geopotential_height,geopotential_height,geopotential_height 250,250,96,D4,-14.469
nested_global_vs_aifs_regions,Nested-EAGLE-Global (AI),AIFS,northern_hemisphere,global 0.25 degree,geopotential_height,geopotential_height,geopotential_height 250,250,120,D5,-18.377
nested_global_vs_aifs_regions,Nested-EAGLE-Global (AI),AIFS,northern_hemisphere,global 0.25 degree,geopotential_height,geopotential_height,geopotential_height 250,250,144,D6,-19.959
nested_global_vs_aifs_regions,Nested-EAGLE-Global (AI),AIFS,northern_hemisphere,global 0.25 degree,geopotential_height,geopotential_height,geopotential_height 250,250,168,D7,-18.962
nested_global_vs_aifs_regions,Nested-EAGLE-Global (AI),AIFS,northern_hemisphere,global 0.25 degree,geopotential_height,geopotential_height,geopotential_height 250,250,192,D8,-15.102
nested_global_vs_aifs_regions,Nested-EAGLE-Global (AI),AIFS,northern_hemisphere,global 0.25 degree,geopotential_height,geopotential_height,geopotential_height 250,250,216,D9,-12.226
nested_global_vs_aifs_regions,Nested-EAGLE-Global (AI),AIFS,northern_hemisphere,global 0.25 degree,geopotential_height,geopotential_height,geopotential_height 250,250,240,D10,-10.751
nested_global_vs_aifs_regions,Nested-EAGLE-Global (AI),AIFS,northern_hemisphere,global 0.25 degree,geopotential_height,geopotential_height,geopotential_height 500,500,24,D1,-2.77
nested_global_vs_aifs_regions,Nested-EAGLE-Global (AI),AIFS,northern_hemisphere,global 0.25 degree,geopotential_height,geopotential_height,geopotential_height 500,500,48,D2,-5.815
nested_global_vs_aifs_regions,Nested-EAGLE-Global (AI),AIFS,northern_hemisphere,global 0.25 degree,geopotential_height,geopotential_height,geopotential_height 500,500,72,D3,-10.49
nested_global_vs_aifs_regions,Nested-EAGLE-Global (AI),AIFS,northern_hemisphere,global 0.25 degree,geopotential_height,geopotential_height,geopotential_height 500,500,96,D4,-14.875
nested_global_vs_aifs_regions,Nested-EAGLE-Global (AI),AIFS,northern_hemisphere,global 0.25 degree,geopotential_height,geopotential_height,geopotential_height 500,500,120,D5,-17.965
nested_global_vs_aifs_regions,Nested-EAGLE-Global (AI),AIFS,northern_hemisphere,global 0.25 degree,geopotential_height,geopotential_height,geopotential_height 500,500,144,D6,-18.988
nested_global_vs_aifs_regions,Nested-EAGLE-Global (AI),AIFS,northern_hemisphere,global 0.25 degree,geopotential_height,geopotential_height,geopotential_height 500,500,168,D7,-17.399
nested_global_vs_aifs_regions,Nested-EAGLE-Global (AI),AIFS,northern_hemisphere,global 0.25 degree,geopotential_height,geopotential_height,geopotential_height 500,500,192,D8,-14.696
nested_global_vs_aifs_regions,Nested-EAGLE-Global (AI),AIFS,northern_hemisphere,global 0.25 degree,geopotential_height,geopotential_height,geopotential_height 500,500,216,D9,-11.711
nested_global_vs_aifs_regions,Nested-EAGLE-Global (AI),AIFS,northern_hemisphere,global 0.25 degree,geopotential_height,geopotential_height,geopotential_height 500,500,240,D10,-10.151
nested_global_vs_aifs_regions,Nested-EAGLE-Global (AI),AIFS,northern_hemisphere,global 0.25 degree,geopotential_height,geopotential_height,geopotential_height 850,850,24,D1,-9.584
nested_global_vs_aifs_regions,Nested-EAGLE-Global (AI),AIFS,northern_hemisphere,global 0.25 degree,geopotential_height,geopotential_height,geopotential_height 850,850,48,D2,-15.098
nested_global_vs_aifs_regions,Nested-EAGLE-Global (AI),AIFS,northern_hemisphere,global 0.25 degree,geopotential_height,geopotential_height,geopotential_height 850,850,72,D3,-21.896
nested_global_vs_aifs_regions,Nested-EAGLE-Global (AI),AIFS,northern_hemisphere,global 0.25 degree,geopotential_height,geopotential_height,geopotential_height 850,850,96,D4,-27.583
nested_global_vs_aifs_regions,Nested-EAGLE-Global (AI),AIFS,northern_hemisphere,global 0.25 degree,geopotential_height,geopotential_height,geopotential_height 850,850,120,D5,-29.126
nested_global_vs_aifs_regions,Nested-EAGLE-Global (AI),AIFS,northern_hemisphere,global 0.25 degree,geopotential_height,geopotential_height,geopotential_height 850,850,144,D6,-26.057
nested_global_vs_aifs_regions,Nested-EAGLE-Global (AI),AIFS,northern_hemisphere,global 0.25 degree,geopotential_height,geopotential_height,geopotential_height 850,850,168,D7,-21.197
nested_global_vs_aifs_regions,Nested-EAGLE-Global (AI),AIFS,northern_hemisphere,global 0.25 degree,geopotential_height,geopotential_height,geopotential_height 850,850,192,D8,-18.438
nested_global_vs_aifs_regions,Nested-EAGLE-Global (AI),AIFS,northern_hemisphere,global 0.25 degree,geopotential_height,geopotential_height,geopotential_height 850,850,216,D9,-13.678
nested_global_vs_aifs_regions,Nested-EAGLE-Global (AI),AIFS,northern_hemisphere,global 0.25 degree,geopotential_height,geopotential_height,geopotential_height 850,850,240,D10,-10.643
nested_global_vs_aifs_regions,Nested-EAGLE-Global (AI),AIFS,northern_hemisphere,global 0.25 degree,zonal_wind,zonal_wind,zonal_wind 250,250,24,D1,-13.405
nested_global_vs_aifs_regions,Nested-EAGLE-Global (AI),AIFS,northern_hemisphere,global 0.25 degree,zonal_wind,zonal_wind,zonal_wind 250,250,48,D2,-17.843
nested_global_vs_aifs_regions,Nested-EAGLE-Global (AI),AIFS,northern_hemisphere,global 0.25 degree,zonal_wind,zonal_wind,zonal_wind 250,250,72,D3,-22.773
nested_global_vs_aifs_regions,Nested-EAGLE-Global (AI),AIFS,northern_hemisphere,global 0.25 degree,zonal_wind,zonal_wind,zonal_wind 250,250,96,D4,-25.65
nested_global_vs_aifs_regions,Nested-EAGLE-Global (AI),AIFS,northern_hemisphere,global 0.25 degree,zonal_wind,zonal_wind,zonal_wind 250,250,120,D5,-26.975
nested_global_vs_aifs_regions,Nested-EAGLE-Global (AI),AIFS,northern_hemisphere,global 0.25 degree,zonal_wind,zonal_wind,zonal_wind 250,250,144,D6,-25.663
nested_global_vs_aifs_regions,Nested-EAGLE-Global (AI),AIFS,northern_hemisphere,global 0.25 degree,zonal_wind,zonal_wind,zonal_wind 250,250,168,D7,-21.468
nested_global_vs_aifs_regions,Nested-EAGLE-Global (AI),AIFS,northern_hemisphere,global 0.25 degree,zonal_wind,zonal_wind,zonal_wind 250,250,192,D8,-16.905
nested_global_vs_aifs_regions,Nested-EAGLE-Global (AI),AIFS,northern_hemisphere,global 0.25 degree,zonal_wind,zonal_wind,zonal_wind 250,250,216,D9,-13.493
nested_global_vs_aifs_regions,Nested-EAGLE-Global (AI),AIFS,northern_hemisphere,global 0.25 degree,zonal_wind,zonal_wind,zonal_wind 250,250,240,D10,-11.87
nested_global_vs_aifs_regions,Nested-EAGLE-Global (AI),AIFS,northern_hemisphere,global 0.25 degree,zonal_wind,zonal_wind,zonal_wind 500,500,24,D1,-14.416
nested_global_vs_aifs_regions,Nested-EAGLE-Global (AI),AIFS,northern_hemisphere,global 0.25 degree,zonal_wind,zonal_wind,zonal_wind 500,500,48,D2,-17.299
nested_global_vs_aifs_regions,Nested-EAGLE-Global (AI),AIFS,northern_hemisphere,global 0.25 degree,zonal_wind,zonal_wind,zonal_wind 500,500,72,D3,-19.913
nested_global_vs_aifs_regions,Nested-EAGLE-Global (AI),AIFS,northern_hemisphere,global 0.25 degree,zonal_wind,zonal_wind,zonal_wind 500,500,96,D4,-22.03
nested_global_vs_aifs_regions,Nested-EAGLE-Global (AI),AIFS,northern_hemisphere,global 0.25 degree,zonal_wind,zonal_wind,zonal_wind 500,500,120,D5,-21.816
nested_global_vs_aifs_regions,Nested-EAGLE-Global (AI),AIFS,northern_hemisphere,global 0.25 degree,zonal_wind,zonal_wind,zonal_wind 500,500,144,D6,-20.783
nested_global_vs_aifs_regions,Nested-EAGLE-Global (AI),AIFS,northern_hemisphere,global 0.25 degree,zonal_wind,zonal_wind,zonal_wind 500,500,168,D7,-17.545
nested_global_vs_aifs_regions,Nested-EAGLE-Global (AI),AIFS,northern_hemisphere,global 0.25 degree,zonal_wind,zonal_wind,zonal_wind 500,500,192,D8,-14.723
nested_global_vs_aifs_regions,Nested-EAGLE-Global (AI),AIFS,northern_hemisphere,global 0.25 degree,zonal_wind,zonal_wind,zonal_wind 500,500,216,D9,-12.404
nested_global_vs_aifs_regions,Nested-EAGLE-Global (AI),AIFS,northern_hemisphere,global 0.25 degree,zonal_wind,zonal_wind,zonal_wind 500,500,240,D10,-10.395
nested_global_vs_aifs_regions,Nested-EAGLE-Global (AI),AIFS,northern_hemisphere,global 0.25 degree,zonal_wind,zonal_wind,zonal_wind 850,850,24,D1,-9.365
nested_global_vs_aifs_regions,Nested-EAGLE-Global (AI),AIFS,northern_hemisphere,global 0.25 degree,zonal_wind,zonal_wind,zonal_wind 850,850,48,D2,-11.748
nested_global_vs_aifs_regions,Nested-EAGLE-Global (AI),AIFS,northern_hemisphere,global 0.25 degree,zonal_wind,zonal_wind,zonal_wind 850,850,72,D3,-14.746
nested_global_vs_aifs_regions,Nested-EAGLE-Global (AI),AIFS,northern_hemisphere,global 0.25 degree,zonal_wind,zonal_wind,zonal_wind 850,850,96,D4,-17.134
nested_global_vs_aifs_regions,Nested-EAGLE-Global (AI),AIFS,northern_hemisphere,global 0.25 degree,zonal_wind,zonal_wind,zonal_wind 850,850,120,D5,-16.857
nested_global_vs_aifs_regions,Nested-EAGLE-Global (AI),AIFS,northern_hemisphere,global 0.25 degree,zonal_wind,zonal_wind,zonal_wind 850,850,144,D6,-16.095
nested_global_vs_aifs_regions,Nested-EAGLE-Global (AI),AIFS,northern_hemisphere,global 0.25 degree,zonal_wind,zonal_wind,zonal_wind 850,850,168,D7,-13.737
nested_global_vs_aifs_regions,Nested-EAGLE-Global (AI),AIFS,northern_hemisphere,global 0.25 degree,zonal_wind,zonal_wind,zonal_wind 850,850,192,D8,-12.36
nested_global_vs_aifs_regions,Nested-EAGLE-Global (AI),AIFS,northern_hemisphere,global 0.25 degree,zonal_wind,zonal_wind,zonal_wind 850,850,216,D9,-9.89
nested_global_vs_aifs_regions,Nested-EAGLE-Global (AI),AIFS,northern_hemisphere,global 0.25 degree,zonal_wind,zonal_wind,zonal_wind 850,850,240,D10,-8.145
nested_global_vs_aifs_regions,Nested-EAGLE-Global (AI),AIFS,northern_hemisphere,global 0.25 degree,meridional_wind,meridional_wind,meridional_wind 250,250,24,D1,-13.775
nested_global_vs_aifs_regions,Nested-EAGLE-Global (AI),AIFS,northern_hemisphere,global 0.25 degree,meridional_wind,meridional_wind,meridional_wind 250,250,48,D2,-18.656
nested_global_vs_aifs_regions,Nested-EAGLE-Global (AI),AIFS,northern_hemisphere,global 0.25 degree,meridional_wind,meridional_wind,meridional_wind 250,250,72,D3,-24.329
nested_global_vs_aifs_regions,Nested-EAGLE-Global (AI),AIFS,northern_hemisphere,global 0.25 degree,meridional_wind,meridional_wind,meridional_wind 250,250,96,D4,-27.618
nested_global_vs_aifs_regions,Nested-EAGLE-Global (AI),AIFS,northern_hemisphere,global 0.25 degree,meridional_wind,meridional_wind,meridional_wind 250,250,120,D5,-26.163
nested_global_vs_aifs_regions,Nested-EAGLE-Global (AI),AIFS,northern_hemisphere,global 0.25 degree,meridional_wind,meridional_wind,meridional_wind 250,250,144,D6,-23.762
nested_global_vs_aifs_regions,Nested-EAGLE-Global (AI),AIFS,northern_hemisphere,global 0.25 degree,meridional_wind,meridional_wind,meridional_wind 250,250,168,D7,-19.196
nested_global_vs_aifs_regions,Nested-EAGLE-Global (AI),AIFS,northern_hemisphere,global 0.25 degree,meridional_wind,meridional_wind,meridional_wind 250,250,192,D8,-14.238
nested_global_vs_aifs_regions,Nested-EAGLE-Global (AI),AIFS,northern_hemisphere,global 0.25 degree,meridional_wind,meridional_wind,meridional_wind 250,250,216,D9,-10.71
nested_global_vs_aifs_regions,Nested-EAGLE-Global (AI),AIFS,northern_hemisphere,global 0.25 degree,meridional_wind,meridional_wind,meridional_wind 250,250,240,D10,-10.449
nested_global_vs_aifs_regions,Nested-EAGLE-Global (AI),AIFS,northern_hemisphere,global 0.25 degree,meridional_wind,meridional_wind,meridional_wind 500,500,24,D1,-14.973
nested_global_vs_aifs_regions,Nested-EAGLE-Global (AI),AIFS,northern_hemisphere,global 0.25 degree,meridional_wind,meridional_wind,meridional_wind 500,500,48,D2,-18.25
nested_global_vs_aifs_regions,Nested-EAGLE-Global (AI),AIFS,northern_hemisphere,global 0.25 degree,meridional_wind,meridional_wind,meridional_wind 500,500,72,D3,-22.172
nested_global_vs_aifs_regions,Nested-EAGLE-Global (AI),AIFS,northern_hemisphere,global 0.25 degree,meridional_wind,meridional_wind,meridional_wind 500,500,96,D4,-24.12
nested_global_vs_aifs_regions,Nested-EAGLE-Global (AI),AIFS,northern_hemisphere,global 0.25 degree,meridional_wind,meridional_wind,meridional_wind 500,500,120,D5,-21.574
nested_global_vs_aifs_regions,Nested-EAGLE-Global (AI),AIFS,northern_hemisphere,global 0.25 degree,meridional_wind,meridional_wind,meridional_wind 500,500,144,D6,-20.612
nested_global_vs_aifs_regions,Nested-EAGLE-Global (AI),AIFS,northern_hemisphere,global 0.25 degree,meridional_wind,meridional_wind,meridional_wind 500,500,168,D7,-16.126
nested_global_vs_aifs_regions,Nested-EAGLE-Global (AI),AIFS,northern_hemisphere,global 0.25 degree,meridional_wind,meridional_wind,meridional_wind 500,500,192,D8,-12.796
nested_global_vs_aifs_regions,Nested-EAGLE-Global (AI),AIFS,northern_hemisphere,global 0.25 degree,meridional_wind,meridional_wind,meridional_wind 500,500,216,D9,-9.822
nested_global_vs_aifs_regions,Nested-EAGLE-Global (AI),AIFS,northern_hemisphere,global 0.25 degree,meridional_wind,meridional_wind,meridional_wind 500,500,240,D10,-8.982
nested_global_vs_aifs_regions,Nested-EAGLE-Global (AI),AIFS,northern_hemisphere,global 0.25 degree,meridional_wind,meridional_wind,meridional_wind 850,850,24,D1,-9.328
nested_global_vs_aifs_regions,Nested-EAGLE-Global (AI),AIFS,northern_hemisphere,global 0.25 degree,meridional_wind,meridional_wind,meridional_wind 850,850,48,D2,-11.962
nested_global_vs_aifs_regions,Nested-EAGLE-Global (AI),AIFS,northern_hemisphere,global 0.25 degree,meridional_wind,meridional_wind,meridional_wind 850,850,72,D3,-14.853
nested_global_vs_aifs_regions,Nested-EAGLE-Global (AI),AIFS,northern_hemisphere,global 0.25 degree,meridional_wind,meridional_wind,meridional_wind 850,850,96,D4,-18.374
nested_global_vs_aifs_regions,Nested-EAGLE-Global (AI),AIFS,northern_hemisphere,global 0.25 degree,meridional_wind,meridional_wind,meridional_wind 850,850,120,D5,-17.67
nested_global_vs_aifs_regions,Nested-EAGLE-Global (AI),AIFS,northern_hemisphere,global 0.25 degree,meridional_wind,meridional_wind,meridional_wind 850,850,144,D6,-14.94
nested_global_vs_aifs_regions,Nested-EAGLE-Global (AI),AIFS,northern_hemisphere,global 0.25 degree,meridional_wind,meridional_wind,meridional_wind 850,850,168,D7,-13.716
nested_global_vs_aifs_regions,Nested-EAGLE-Global (AI),AIFS,northern_hemisphere,global 0.25 degree,meridional_wind,meridional_wind,meridional_wind 850,850,192,D8,-10.509
nested_global_vs_aifs_regions,Nested-EAGLE-Global (AI),AIFS,northern_hemisphere,global 0.25 degree,meridional_wind,meridional_wind,meridional_wind 850,850,216,D9,-7.847
nested_global_vs_aifs_regions,Nested-EAGLE-Global (AI),AIFS,northern_hemisphere,global 0.25 degree,meridional_wind,meridional_wind,meridional_wind 850,850,240,D10,-7.365
nested_global_vs_aifs_regions,Nested-EAGLE-Global (AI),AIFS,northern_hemisphere,global 0.25 degree,temperature,temperature,temperature 250,250,24,D1,-6.378
nested_global_vs_aifs_regions,Nested-EAGLE-Global (AI),AIFS,northern_hemisphere,global 0.25 degree,temperature,temperature,temperature 250,250,48,D2,-11.405
nested_global_vs_aifs_regions,Nested-EAGLE-Global (AI),AIFS,northern_hemisphere,global 0.25 degree,temperature,temperature,temperature 250,250,72,D3,-16.594
nested_global_vs_aifs_regions,Nested-EAGLE-Global (AI),AIFS,northern_hemisphere,global 0.25 degree,temperature,temperature,temperature 250,250,96,D4,-19.096
nested_global_vs_aifs_regions,Nested-EAGLE-Global (AI),AIFS,northern_hemisphere,global 0.25 degree,temperature,temperature,temperature 250,250,120,D5,-19.128
nested_global_vs_aifs_regions,Nested-EAGLE-Global (AI),AIFS,northern_hemisphere,global 0.25 degree,temperature,temperature,temperature 250,250,144,D6,-17.456
nested_global_vs_aifs_regions,Nested-EAGLE-Global (AI),AIFS,northern_hemisphere,global 0.25 degree,temperature,temperature,temperature 250,250,168,D7,-15.262
nested_global_vs_aifs_regions,Nested-EAGLE-Global (AI),AIFS,northern_hemisphere,global 0.25 degree,temperature,temperature,temperature 250,250,192,D8,-12.883
nested_global_vs_aifs_regions,Nested-EAGLE-Global (AI),AIFS,northern_hemisphere,global 0.25 degree,temperature,temperature,temperature 250,250,216,D9,-10.576
nested_global_vs_aifs_regions,Nested-EAGLE-Global (AI),AIFS,northern_hemisphere,global 0.25 degree,temperature,temperature,temperature 250,250,240,D10,-9.369
nested_global_vs_aifs_regions,Nested-EAGLE-Global (AI),AIFS,northern_hemisphere,global 0.25 degree,temperature,temperature,temperature 500,500,24,D1,-7.305
nested_global_vs_aifs_regions,Nested-EAGLE-Global (AI),AIFS,northern_hemisphere,global 0.25 degree,temperature,temperature,temperature 500,500,48,D2,-11.42
nested_global_vs_aifs_regions,Nested-EAGLE-Global (AI),AIFS,northern_hemisphere,global 0.25 degree,temperature,temperature,temperature 500,500,72,D3,-16.483
nested_global_vs_aifs_regions,Nested-EAGLE-Global (AI),AIFS,northern_hemisphere,global 0.25 degree,temperature,temperature,temperature 500,500,96,D4,-20.487
nested_global_vs_aifs_regions,Nested-EAGLE-Global (AI),AIFS,northern_hemisphere,global 0.25 degree,temperature,temperature,temperature 500,500,120,D5,-22.217
nested_global_vs_aifs_regions,Nested-EAGLE-Global (AI),AIFS,northern_hemisphere,global 0.25 degree,temperature,temperature,temperature 500,500,144,D6,-21.024
nested_global_vs_aifs_regions,Nested-EAGLE-Global (AI),AIFS,northern_hemisphere,global 0.25 degree,temperature,temperature,temperature 500,500,168,D7,-19.181
nested_global_vs_aifs_regions,Nested-EAGLE-Global (AI),AIFS,northern_hemisphere,global 0.25 degree,temperature,temperature,temperature 500,500,192,D8,-14.866
nested_global_vs_aifs_regions,Nested-EAGLE-Global (AI),AIFS,northern_hemisphere,global 0.25 degree,temperature,temperature,temperature 500,500,216,D9,-11.469
nested_global_vs_aifs_regions,Nested-EAGLE-Global (AI),AIFS,northern_hemisphere,global 0.25 degree,temperature,temperature,temperature 500,500,240,D10,-9.917
nested_global_vs_aifs_regions,Nested-EAGLE-Global (AI),AIFS,northern_hemisphere,global 0.25 degree,temperature,temperature,temperature 850,850,24,D1,-10.604
nested_global_vs_aifs_regions,Nested-EAGLE-Global (AI),AIFS,northern_hemisphere,global 0.25 degree,temperature,temperature,temperature 850,850,48,D2,-13.434
nested_global_vs_aifs_regions,Nested-EAGLE-Global (AI),AIFS,northern_hemisphere,global 0.25 degree,temperature,temperature,temperature 850,850,72,D3,-17.381
nested_global_vs_aifs_regions,Nested-EAGLE-Global (AI),AIFS,northern_hemisphere,global 0.25 degree,temperature,temperature,temperature 850,850,96,D4,-22.216
nested_global_vs_aifs_regions,Nested-EAGLE-Global (AI),AIFS,northern_hemisphere,global 0.25 degree,temperature,temperature,temperature 850,850,120,D5,-23.464
nested_global_vs_aifs_regions,Nested-EAGLE-Global (AI),AIFS,northern_hemisphere,global 0.25 degree,temperature,temperature,temperature 850,850,144,D6,-21.908
nested_global_vs_aifs_regions,Nested-EAGLE-Global (AI),AIFS,northern_hemisphere,global 0.25 degree,temperature,temperature,temperature 850,850,168,D7,-19.952
nested_global_vs_aifs_regions,Nested-EAGLE-Global (AI),AIFS,northern_hemisphere,global 0.25 degree,temperature,temperature,temperature 850,850,192,D8,-16.212
nested_global_vs_aifs_regions,Nested-EAGLE-Global (AI),AIFS,northern_hemisphere,global 0.25 degree,temperature,temperature,temperature 850,850,216,D9,-12.605
nested_global_vs_aifs_regions,Nested-EAGLE-Global (AI),AIFS,northern_hemisphere,global 0.25 degree,temperature,temperature,temperature 850,850,240,D10,-10.804
nested_global_vs_aifs_regions,Nested-EAGLE-Global (AI),AIFS,northern_hemisphere,global 0.25 degree,specific_humidity,specific_humidity,specific_humidity 250,250,24,D1,-0.995
nested_global_vs_aifs_regions,Nested-EAGLE-Global (AI),AIFS,northern_hemisphere,global 0.25 degree,specific_humidity,specific_humidity,specific_humidity 250,250,48,D2,-1.498
nested_global_vs_aifs_regions,Nested-EAGLE-Global (AI),AIFS,northern_hemisphere,global 0.25 degree,specific_humidity,specific_humidity,specific_humidity 250,250,72,D3,-1.687
nested_global_vs_aifs_regions,Nested-EAGLE-Global (AI),AIFS,northern_hemisphere,global 0.25 degree,specific_humidity,specific_humidity,specific_humidity 250,250,96,D4,-2.137
nested_global_vs_aifs_regions,Nested-EAGLE-Global (AI),AIFS,northern_hemisphere,global 0.25 degree,specific_humidity,specific_humidity,specific_humidity 250,250,120,D5,-2.003
nested_global_vs_aifs_regions,Nested-EAGLE-Global (AI),AIFS,northern_hemisphere,global 0.25 degree,specific_humidity,specific_humidity,specific_humidity 250,250,144,D6,-2.142
nested_global_vs_aifs_regions,Nested-EAGLE-Global (AI),AIFS,northern_hemisphere,global 0.25 degree,specific_humidity,specific_humidity,specific_humidity 250,250,168,D7,-2.735
nested_global_vs_aifs_regions,Nested-EAGLE-Global (AI),AIFS,northern_hemisphere,global 0.25 degree,specific_humidity,specific_humidity,specific_humidity 250,250,192,D8,-2.258
nested_global_vs_aifs_regions,Nested-EAGLE-Global (AI),AIFS,northern_hemisphere,global 0.25 degree,specific_humidity,specific_humidity,specific_humidity 250,250,216,D9,-2.027
nested_global_vs_aifs_regions,Nested-EAGLE-Global (AI),AIFS,northern_hemisphere,global 0.25 degree,specific_humidity,specific_humidity,specific_humidity 250,250,240,D10,-2.397
nested_global_vs_aifs_regions,Nested-EAGLE-Global (AI),AIFS,northern_hemisphere,global 0.25 degree,specific_humidity,specific_humidity,specific_humidity 500,500,24,D1,-6.879
nested_global_vs_aifs_regions,Nested-EAGLE-Global (AI),AIFS,northern_hemisphere,global 0.25 degree,specific_humidity,specific_humidity,specific_humidity 500,500,48,D2,-8.315
nested_global_vs_aifs_regions,Nested-EAGLE-Global (AI),AIFS,northern_hemisphere,global 0.25 degree,specific_humidity,specific_humidity,specific_humidity 500,500,72,D3,-9.967
nested_global_vs_aifs_regions,Nested-EAGLE-Global (AI),AIFS,northern_hemisphere,global 0.25 degree,specific_humidity,specific_humidity,specific_humidity 500,500,96,D4,-11.799
nested_global_vs_aifs_regions,Nested-EAGLE-Global (AI),AIFS,northern_hemisphere,global 0.25 degree,specific_humidity,specific_humidity,specific_humidity 500,500,120,D5,-12.015
nested_global_vs_aifs_regions,Nested-EAGLE-Global (AI),AIFS,northern_hemisphere,global 0.25 degree,specific_humidity,specific_humidity,specific_humidity 500,500,144,D6,-12.699
nested_global_vs_aifs_regions,Nested-EAGLE-Global (AI),AIFS,northern_hemisphere,global 0.25 degree,specific_humidity,specific_humidity,specific_humidity 500,500,168,D7,-11.843
nested_global_vs_aifs_regions,Nested-EAGLE-Global (AI),AIFS,northern_hemisphere,global 0.25 degree,specific_humidity,specific_humidity,specific_humidity 500,500,192,D8,-9.735
nested_global_vs_aifs_regions,Nested-EAGLE-Global (AI),AIFS,northern_hemisphere,global 0.25 degree,specific_humidity,specific_humidity,specific_humidity 500,500,216,D9,-8.551
nested_global_vs_aifs_regions,Nested-EAGLE-Global (AI),AIFS,northern_hemisphere,global 0.25 degree,specific_humidity,specific_humidity,specific_humidity 500,500,240,D10,-8.406
nested_global_vs_aifs_regions,Nested-EAGLE-Global (AI),AIFS,northern_hemisphere,global 0.25 degree,specific_humidity,specific_humidity,specific_humidity 850,850,24,D1,-8.065
nested_global_vs_aifs_regions,Nested-EAGLE-Global (AI),AIFS,northern_hemisphere,global 0.25 degree,specific_humidity,specific_humidity,specific_humidity 850,850,48,D2,-9.217
nested_global_vs_aifs_regions,Nested-EAGLE-Global (AI),AIFS,northern_hemisphere,global 0.25 degree,specific_humidity,specific_humidity,specific_humidity 850,850,72,D3,-10.291
nested_global_vs_aifs_regions,Nested-EAGLE-Global (AI),AIFS,northern_hemisphere,global 0.25 degree,specific_humidity,specific_humidity,specific_humidity 850,850,96,D4,-12.056
nested_global_vs_aifs_regions,Nested-EAGLE-Global (AI),AIFS,northern_hemisphere,global 0.25 degree,specific_humidity,specific_humidity,specific_humidity 850,850,120,D5,-12.433
nested_global_vs_aifs_regions,Nested-EAGLE-Global (AI),AIFS,northern_hemisphere,global 0.25 degree,specific_humidity,specific_humidity,specific_humidity 850,850,144,D6,-12.86
nested_global_vs_aifs_regions,Nested-EAGLE-Global (AI),AIFS,northern_hemisphere,global 0.25 degree,specific_humidity,specific_humidity,specific_humidity 850,850,168,D7,-11.373
nested_global_vs_aifs_regions,Nested-EAGLE-Global (AI),AIFS,northern_hemisphere,global 0.25 degree,specific_humidity,specific_humidity,specific_humidity 850,850,192,D8,-10.253
nested_global_vs_aifs_regions,Nested-EAGLE-Global (AI),AIFS,northern_hemisphere,global 0.25 degree,specific_humidity,specific_humidity,specific_humidity 850,850,216,D9,-8.653
nested_global_vs_aifs_regions,Nested-EAGLE-Global (AI),AIFS,northern_hemisphere,global 0.25 degree,specific_humidity,specific_humidity,specific_humidity 850,850,240,D10,-7.469
nested_global_vs_aifs_regions,Nested-EAGLE-Global (AI),AIFS,northern_hemisphere,global 0.25 degree,wind_speed,wind_speed,wind_speed 250,250,24,D1,-13.318
nested_global_vs_aifs_regions,Nested-EAGLE-Global (AI),AIFS,northern_hemisphere,global 0.25 degree,wind_speed,wind_speed,wind_speed 250,250,48,D2,-17.589
nested_global_vs_aifs_regions,Nested-EAGLE-Global (AI),AIFS,northern_hemisphere,global 0.25 degree,wind_speed,wind_speed,wind_speed 250,250,72,D3,-21.795
nested_global_vs_aifs_regions,Nested-EAGLE-Global (AI),AIFS,northern_hemisphere,global 0.25 degree,wind_speed,wind_speed,wind_speed 250,250,96,D4,-23.565
nested_global_vs_aifs_regions,Nested-EAGLE-Global (AI),AIFS,northern_hemisphere,global 0.25 degree,wind_speed,wind_speed,wind_speed 250,250,120,D5,-23.767
nested_global_vs_aifs_regions,Nested-EAGLE-Global (AI),AIFS,northern_hemisphere,global 0.25 degree,wind_speed,wind_speed,wind_speed 250,250,144,D6,-21.556
nested_global_vs_aifs_regions,Nested-EAGLE-Global (AI),AIFS,northern_hemisphere,global 0.25 degree,wind_speed,wind_speed,wind_speed 250,250,168,D7,-17.477
nested_global_vs_aifs_regions,Nested-EAGLE-Global (AI),AIFS,northern_hemisphere,global 0.25 degree,wind_speed,wind_speed,wind_speed 250,250,192,D8,-13.567
nested_global_vs_aifs_regions,Nested-EAGLE-Global (AI),AIFS,northern_hemisphere,global 0.25 degree,wind_speed,wind_speed,wind_speed 250,250,216,D9,-11.351
nested_global_vs_aifs_regions,Nested-EAGLE-Global (AI),AIFS,northern_hemisphere,global 0.25 degree,wind_speed,wind_speed,wind_speed 250,250,240,D10,-9.904
nested_global_vs_aifs_regions,Nested-EAGLE-Global (AI),AIFS,northern_hemisphere,global 0.25 degree,wind_speed,wind_speed,wind_speed 500,500,24,D1,-14.691
nested_global_vs_aifs_regions,Nested-EAGLE-Global (AI),AIFS,northern_hemisphere,global 0.25 degree,wind_speed,wind_speed,wind_speed 500,500,48,D2,-16.336
nested_global_vs_aifs_regions,Nested-EAGLE-Global (AI),AIFS,northern_hemisphere,global 0.25 degree,wind_speed,wind_speed,wind_speed 500,500,72,D3,-18.561
nested_global_vs_aifs_regions,Nested-EAGLE-Global (AI),AIFS,northern_hemisphere,global 0.25 degree,wind_speed,wind_speed,wind_speed 500,500,96,D4,-20.398
nested_global_vs_aifs_regions,Nested-EAGLE-Global (AI),AIFS,northern_hemisphere,global 0.25 degree,wind_speed,wind_speed,wind_speed 500,500,120,D5,-18.438
nested_global_vs_aifs_regions,Nested-EAGLE-Global (AI),AIFS,northern_hemisphere,global 0.25 degree,wind_speed,wind_speed,wind_speed 500,500,144,D6,-16.827
nested_global_vs_aifs_regions,Nested-EAGLE-Global (AI),AIFS,northern_hemisphere,global 0.25 degree,wind_speed,wind_speed,wind_speed 500,500,168,D7,-13.037
nested_global_vs_aifs_regions,Nested-EAGLE-Global (AI),AIFS,northern_hemisphere,global 0.25 degree,wind_speed,wind_speed,wind_speed 500,500,192,D8,-11.261
nested_global_vs_aifs_regions,Nested-EAGLE-Global (AI),AIFS,northern_hemisphere,global 0.25 degree,wind_speed,wind_speed,wind_speed 500,500,216,D9,-9.726
nested_global_vs_aifs_regions,Nested-EAGLE-Global (AI),AIFS,northern_hemisphere,global 0.25 degree,wind_speed,wind_speed,wind_speed 500,500,240,D10,-7.824
nested_global_vs_aifs_regions,Nested-EAGLE-Global (AI),AIFS,northern_hemisphere,global 0.25 degree,wind_speed,wind_speed,wind_speed 850,850,24,D1,-7.953
nested_global_vs_aifs_regions,Nested-EAGLE-Global (AI),AIFS,northern_hemisphere,global 0.25 degree,wind_speed,wind_speed,wind_speed 850,850,48,D2,-9.092
nested_global_vs_aifs_regions,Nested-EAGLE-Global (AI),AIFS,northern_hemisphere,global 0.25 degree,wind_speed,wind_speed,wind_speed 850,850,72,D3,-10.828
nested_global_vs_aifs_regions,Nested-EAGLE-Global (AI),AIFS,northern_hemisphere,global 0.25 degree,wind_speed,wind_speed,wind_speed 850,850,96,D4,-12.63
nested_global_vs_aifs_regions,Nested-EAGLE-Global (AI),AIFS,northern_hemisphere,global 0.25 degree,wind_speed,wind_speed,wind_speed 850,850,120,D5,-12.876
nested_global_vs_aifs_regions,Nested-EAGLE-Global (AI),AIFS,northern_hemisphere,global 0.25 degree,wind_speed,wind_speed,wind_speed 850,850,144,D6,-11.269
nested_global_vs_aifs_regions,Nested-EAGLE-Global (AI),AIFS,northern_hemisphere,global 0.25 degree,wind_speed,wind_speed,wind_speed 850,850,168,D7,-9.632
nested_global_vs_aifs_regions,Nested-EAGLE-Global (AI),AIFS,northern_hemisphere,global 0.25 degree,wind_speed,wind_speed,wind_speed 850,850,192,D8,-7.778
nested_global_vs_aifs_regions,Nested-EAGLE-Global (AI),AIFS,northern_hemisphere,global 0.25 degree,wind_speed,wind_speed,wind_speed 850,850,216,D9,-6.215
nested_global_vs_aifs_regions,Nested-EAGLE-Global (AI),AIFS,northern_hemisphere,global 0.25 degree,wind_speed,wind_speed,wind_speed 850,850,240,D10,-5.241
nested_global_vs_aifs_regions,Nested-EAGLE-Global (AI),AIFS,northern_hemisphere,global 0.25 degree,surface,10m_zonal_wind,10m_zonal_wind,,24,D1,-2.129
nested_global_vs_aifs_regions,Nested-EAGLE-Global (AI),AIFS,northern_hemisphere,global 0.25 degree,surface,10m_zonal_wind,10m_zonal_wind,,48,D2,-4.247
nested_global_vs_aifs_regions,Nested-EAGLE-Global (AI),AIFS,northern_hemisphere,global 0.25 degree,surface,10m_zonal_wind,10m_zonal_wind,,72,D3,-6.805
nested_global_vs_aifs_regions,Nested-EAGLE-Global (AI),AIFS,northern_hemisphere,global 0.25 degree,surface,10m_zonal_wind,10m_zonal_wind,,96,D4,-9.914
nested_global_vs_aifs_regions,Nested-EAGLE-Global (AI),AIFS,northern_hemisphere,global 0.25 degree,surface,10m_zonal_wind,10m_zonal_wind,,120,D5,-12.166
nested_global_vs_aifs_regions,Nested-EAGLE-Global (AI),AIFS,northern_hemisphere,global 0.25 degree,surface,10m_zonal_wind,10m_zonal_wind,,144,D6,-12.147
nested_global_vs_aifs_regions,Nested-EAGLE-Global (AI),AIFS,northern_hemisphere,global 0.25 degree,surface,10m_zonal_wind,10m_zonal_wind,,168,D7,-10.468
nested_global_vs_aifs_regions,Nested-EAGLE-Global (AI),AIFS,northern_hemisphere,global 0.25 degree,surface,10m_zonal_wind,10m_zonal_wind,,192,D8,-10.626
nested_global_vs_aifs_regions,Nested-EAGLE-Global (AI),AIFS,northern_hemisphere,global 0.25 degree,surface,10m_zonal_wind,10m_zonal_wind,,216,D9,-10.471
nested_global_vs_aifs_regions,Nested-EAGLE-Global (AI),AIFS,northern_hemisphere,global 0.25 degree,surface,10m_zonal_wind,10m_zonal_wind,,240,D10,-8.908
nested_global_vs_aifs_regions,Nested-EAGLE-Global (AI),AIFS,northern_hemisphere,global 0.25 degree,surface,10m_meridional_wind,10m_meridional_wind,,24,D1,-1.839
nested_global_vs_aifs_regions,Nested-EAGLE-Global (AI),AIFS,northern_hemisphere,global 0.25 degree,surface,10m_meridional_wind,10m_meridional_wind,,48,D2,-4.097
nested_global_vs_aifs_regions,Nested-EAGLE-Global (AI),AIFS,northern_hemisphere,global 0.25 degree,surface,10m_meridional_wind,10m_meridional_wind,,72,D3,-6.882
nested_global_vs_aifs_regions,Nested-EAGLE-Global (AI),AIFS,northern_hemisphere,global 0.25 degree,surface,10m_meridional_wind,10m_meridional_wind,,96,D4,-9.668
nested_global_vs_aifs_regions,Nested-EAGLE-Global (AI),AIFS,northern_hemisphere,global 0.25 degree,surface,10m_meridional_wind,10m_meridional_wind,,120,D5,-12.202
nested_global_vs_aifs_regions,Nested-EAGLE-Global (AI),AIFS,northern_hemisphere,global 0.25 degree,surface,10m_meridional_wind,10m_meridional_wind,,144,D6,-12.359
nested_global_vs_aifs_regions,Nested-EAGLE-Global (AI),AIFS,northern_hemisphere,global 0.25 degree,surface,10m_meridional_wind,10m_meridional_wind,,168,D7,-10.673
nested_global_vs_aifs_regions,Nested-EAGLE-Global (AI),AIFS,northern_hemisphere,global 0.25 degree,surface,10m_meridional_wind,10m_meridional_wind,,192,D8,-9.391
nested_global_vs_aifs_regions,Nested-EAGLE-Global (AI),AIFS,northern_hemisphere,global 0.25 degree,surface,10m_meridional_wind,10m_meridional_wind,,216,D9,-8.592
nested_global_vs_aifs_regions,Nested-EAGLE-Global (AI),AIFS,northern_hemisphere,global 0.25 degree,surface,10m_meridional_wind,10m_meridional_wind,,240,D10,-7.769
nested_global_vs_aifs_regions,Nested-EAGLE-Global (AI),AIFS,northern_hemisphere,global 0.25 degree,surface,2m_temperature,2m_temperature,,24,D1,-6.325
nested_global_vs_aifs_regions,Nested-EAGLE-Global (AI),AIFS,northern_hemisphere,global 0.25 degree,surface,2m_temperature,2m_temperature,,48,D2,-7.17
nested_global_vs_aifs_regions,Nested-EAGLE-Global (AI),AIFS,northern_hemisphere,global 0.25 degree,surface,2m_temperature,2m_temperature,,72,D3,-8.193
nested_global_vs_aifs_regions,Nested-EAGLE-Global (AI),AIFS,northern_hemisphere,global 0.25 degree,surface,2m_temperature,2m_temperature,,96,D4,-9.504
nested_global_vs_aifs_regions,Nested-EAGLE-Global (AI),AIFS,northern_hemisphere,global 0.25 degree,surface,2m_temperature,2m_temperature,,120,D5,-11.013
nested_global_vs_aifs_regions,Nested-EAGLE-Global (AI),AIFS,northern_hemisphere,global 0.25 degree,surface,2m_temperature,2m_temperature,,144,D6,-11.854
nested_global_vs_aifs_regions,Nested-EAGLE-Global (AI),AIFS,northern_hemisphere,global 0.25 degree,surface,2m_temperature,2m_temperature,,168,D7,-11.424
nested_global_vs_aifs_regions,Nested-EAGLE-Global (AI),AIFS,northern_hemisphere,global 0.25 degree,surface,2m_temperature,2m_temperature,,192,D8,-10.113
nested_global_vs_aifs_regions,Nested-EAGLE-Global (AI),AIFS,northern_hemisphere,global 0.25 degree,surface,2m_temperature,2m_temperature,,216,D9,-8.404
nested_global_vs_aifs_regions,Nested-EAGLE-Global (AI),AIFS,northern_hemisphere,global 0.25 degree,surface,2m_temperature,2m_temperature,,240,D10,-7.566
nested_global_vs_aifs_regions,Nested-EAGLE-Global (AI),AIFS,northern_hemisphere,global 0.25 degree,surface,10m_wind_speed,10m_wind_speed,,24,D1,1.951
nested_global_vs_aifs_regions,Nested-EAGLE-Global (AI),AIFS,northern_hemisphere,global 0.25 degree,surface,10m_wind_speed,10m_wind_speed,,48,D2,0.552
nested_global_vs_aifs_regions,Nested-EAGLE-Global (AI),AIFS,northern_hemisphere,global 0.25 degree,surface,10m_wind_speed,10m_wind_speed,,72,D3,-1.205
nested_global_vs_aifs_regions,Nested-EAGLE-Global (AI),AIFS,northern_hemisphere,global 0.25 degree,surface,10m_wind_speed,10m_wind_speed,,96,D4,-3.415
nested_global_vs_aifs_regions,Nested-EAGLE-Global (AI),AIFS,northern_hemisphere,global 0.25 degree,surface,10m_wind_speed,10m_wind_speed,,120,D5,-5.006
nested_global_vs_aifs_regions,Nested-EAGLE-Global (AI),AIFS,northern_hemisphere,global 0.25 degree,surface,10m_wind_speed,10m_wind_speed,,144,D6,-5.427
nested_global_vs_aifs_regions,Nested-EAGLE-Global (AI),AIFS,northern_hemisphere,global 0.25 degree,surface,10m_wind_speed,10m_wind_speed,,168,D7,-5.484
nested_global_vs_aifs_regions,Nested-EAGLE-Global (AI),AIFS,northern_hemisphere,global 0.25 degree,surface,10m_wind_speed,10m_wind_speed,,192,D8,-5.751
nested_global_vs_aifs_regions,Nested-EAGLE-Global (AI),AIFS,northern_hemisphere,global 0.25 degree,surface,10m_wind_speed,10m_wind_speed,,216,D9,-5.078
nested_global_vs_aifs_regions,Nested-EAGLE-Global (AI),AIFS,northern_hemisphere,global 0.25 degree,surface,10m_wind_speed,10m_wind_speed,,240,D10,-5.057
nested_global_vs_aifs_regions,Nested-EAGLE-Global (AI),AIFS,southern_hemisphere,global 0.25 degree,geopotential_height,geopotential_height,geopotential_height 250,250,24,D1,-14.227
nested_global_vs_aifs_regions,Nested-EAGLE-Global (AI),AIFS,southern_hemisphere,global 0.25 degree,geopotential_height,geopotential_height,geopotential_height 250,250,48,D2,-17.957
nested_global_vs_aifs_regions,Nested-EAGLE-Global (AI),AIFS,southern_hemisphere,global 0.25 degree,geopotential_height,geopotential_height,geopotential_height 250,250,72,D3,-21.549
nested_global_vs_aifs_regions,Nested-EAGLE-Global (AI),AIFS,southern_hemisphere,global 0.25 degree,geopotential_height,geopotential_height,geopotential_height 250,250,96,D4,-24.432
nested_global_vs_aifs_regions,Nested-EAGLE-Global (AI),AIFS,southern_hemisphere,global 0.25 degree,geopotential_height,geopotential_height,geopotential_height 250,250,120,D5,-26.524
nested_global_vs_aifs_regions,Nested-EAGLE-Global (AI),AIFS,southern_hemisphere,global 0.25 degree,geopotential_height,geopotential_height,geopotential_height 250,250,144,D6,-23.69
nested_global_vs_aifs_regions,Nested-EAGLE-Global (AI),AIFS,southern_hemisphere,global 0.25 degree,geopotential_height,geopotential_height,geopotential_height 250,250,168,D7,-20.402
nested_global_vs_aifs_regions,Nested-EAGLE-Global (AI),AIFS,southern_hemisphere,global 0.25 degree,geopotential_height,geopotential_height,geopotential_height 250,250,192,D8,-18.847
nested_global_vs_aifs_regions,Nested-EAGLE-Global (AI),AIFS,southern_hemisphere,global 0.25 degree,geopotential_height,geopotential_height,geopotential_height 250,250,216,D9,-16.165
nested_global_vs_aifs_regions,Nested-EAGLE-Global (AI),AIFS,southern_hemisphere,global 0.25 degree,geopotential_height,geopotential_height,geopotential_height 250,250,240,D10,-12.506
nested_global_vs_aifs_regions,Nested-EAGLE-Global (AI),AIFS,southern_hemisphere,global 0.25 degree,geopotential_height,geopotential_height,geopotential_height 500,500,24,D1,-15.195
nested_global_vs_aifs_regions,Nested-EAGLE-Global (AI),AIFS,southern_hemisphere,global 0.25 degree,geopotential_height,geopotential_height,geopotential_height 500,500,48,D2,-18.602
nested_global_vs_aifs_regions,Nested-EAGLE-Global (AI),AIFS,southern_hemisphere,global 0.25 degree,geopotential_height,geopotential_height,geopotential_height 500,500,72,D3,-22.069
nested_global_vs_aifs_regions,Nested-EAGLE-Global (AI),AIFS,southern_hemisphere,global 0.25 degree,geopotential_height,geopotential_height,geopotential_height 500,500,96,D4,-22.142
nested_global_vs_aifs_regions,Nested-EAGLE-Global (AI),AIFS,southern_hemisphere,global 0.25 degree,geopotential_height,geopotential_height,geopotential_height 500,500,120,D5,-22.114
nested_global_vs_aifs_regions,Nested-EAGLE-Global (AI),AIFS,southern_hemisphere,global 0.25 degree,geopotential_height,geopotential_height,geopotential_height 500,500,144,D6,-22.139
nested_global_vs_aifs_regions,Nested-EAGLE-Global (AI),AIFS,southern_hemisphere,global 0.25 degree,geopotential_height,geopotential_height,geopotential_height 500,500,168,D7,-16.873
nested_global_vs_aifs_regions,Nested-EAGLE-Global (AI),AIFS,southern_hemisphere,global 0.25 degree,geopotential_height,geopotential_height,geopotential_height 500,500,192,D8,-15.958
nested_global_vs_aifs_regions,Nested-EAGLE-Global (AI),AIFS,southern_hemisphere,global 0.25 degree,geopotential_height,geopotential_height,geopotential_height 500,500,216,D9,-13.189
nested_global_vs_aifs_regions,Nested-EAGLE-Global (AI),AIFS,southern_hemisphere,global 0.25 degree,geopotential_height,geopotential_height,geopotential_height 500,500,240,D10,-11.267
nested_global_vs_aifs_regions,Nested-EAGLE-Global (AI),AIFS,southern_hemisphere,global 0.25 degree,geopotential_height,geopotential_height,geopotential_height 850,850,24,D1,-15.902
nested_global_vs_aifs_regions,Nested-EAGLE-Global (AI),AIFS,southern_hemisphere,global 0.25 degree,geopotential_height,geopotential_height,geopotential_height 850,850,48,D2,-19.868
nested_global_vs_aifs_regions,Nested-EAGLE-Global (AI),AIFS,southern_hemisphere,global 0.25 degree,geopotential_height,geopotential_height,geopotential_height 850,850,72,D3,-22.217
nested_global_vs_aifs_regions,Nested-EAGLE-Global (AI),AIFS,southern_hemisphere,global 0.25 degree,geopotential_height,geopotential_height,geopotential_height 850,850,96,D4,-23.874
nested_global_vs_aifs_regions,Nested-EAGLE-Global (AI),AIFS,southern_hemisphere,global 0.25 degree,geopotential_height,geopotential_height,geopotential_height 850,850,120,D5,-22.891
nested_global_vs_aifs_regions,Nested-EAGLE-Global (AI),AIFS,southern_hemisphere,global 0.25 degree,geopotential_height,geopotential_height,geopotential_height 850,850,144,D6,-20.684
nested_global_vs_aifs_regions,Nested-EAGLE-Global (AI),AIFS,southern_hemisphere,global 0.25 degree,geopotential_height,geopotential_height,geopotential_height 850,850,168,D7,-17.17
nested_global_vs_aifs_regions,Nested-EAGLE-Global (AI),AIFS,southern_hemisphere,global 0.25 degree,geopotential_height,geopotential_height,geopotential_height 850,850,192,D8,-16.31
nested_global_vs_aifs_regions,Nested-EAGLE-Global (AI),AIFS,southern_hemisphere,global 0.25 degree,geopotential_height,geopotential_height,geopotential_height 850,850,216,D9,-13.422
nested_global_vs_aifs_regions,Nested-EAGLE-Global (AI),AIFS,southern_hemisphere,global 0.25 degree,geopotential_height,geopotential_height,geopotential_height 850,850,240,D10,-12.382
nested_global_vs_aifs_regions,Nested-EAGLE-Global (AI),AIFS,southern_hemisphere,global 0.25 degree,zonal_wind,zonal_wind,zonal_wind 250,250,24,D1,-17.489
nested_global_vs_aifs_regions,Nested-EAGLE-Global (AI),AIFS,southern_hemisphere,global 0.25 degree,zonal_wind,zonal_wind,zonal_wind 250,250,48,D2,-23.25
nested_global_vs_aifs_regions,Nested-EAGLE-Global (AI),AIFS,southern_hemisphere,global 0.25 degree,zonal_wind,zonal_wind,zonal_wind 250,250,72,D3,-25.191
nested_global_vs_aifs_regions,Nested-EAGLE-Global (AI),AIFS,southern_hemisphere,global 0.25 degree,zonal_wind,zonal_wind,zonal_wind 250,250,96,D4,-24.874
nested_global_vs_aifs_regions,Nested-EAGLE-Global (AI),AIFS,southern_hemisphere,global 0.25 degree,zonal_wind,zonal_wind,zonal_wind 250,250,120,D5,-30.389
nested_global_vs_aifs_regions,Nested-EAGLE-Global (AI),AIFS,southern_hemisphere,global 0.25 degree,zonal_wind,zonal_wind,zonal_wind 250,250,144,D6,-25.914
nested_global_vs_aifs_regions,Nested-EAGLE-Global (AI),AIFS,southern_hemisphere,global 0.25 degree,zonal_wind,zonal_wind,zonal_wind 250,250,168,D7,-22.418
nested_global_vs_aifs_regions,Nested-EAGLE-Global (AI),AIFS,southern_hemisphere,global 0.25 degree,zonal_wind,zonal_wind,zonal_wind 250,250,192,D8,-19.894
nested_global_vs_aifs_regions,Nested-EAGLE-Global (AI),AIFS,southern_hemisphere,global 0.25 degree,zonal_wind,zonal_wind,zonal_wind 250,250,216,D9,-16.378
nested_global_vs_aifs_regions,Nested-EAGLE-Global (AI),AIFS,southern_hemisphere,global 0.25 degree,zonal_wind,zonal_wind,zonal_wind 250,250,240,D10,-16.642
nested_global_vs_aifs_regions,Nested-EAGLE-Global (AI),AIFS,southern_hemisphere,global 0.25 degree,zonal_wind,zonal_wind,zonal_wind 500,500,24,D1,-20.732
nested_global_vs_aifs_regions,Nested-EAGLE-Global (AI),AIFS,southern_hemisphere,global 0.25 degree,zonal_wind,zonal_wind,zonal_wind 500,500,48,D2,-23.098
nested_global_vs_aifs_regions,Nested-EAGLE-Global (AI),AIFS,southern_hemisphere,global 0.25 degree,zonal_wind,zonal_wind,zonal_wind 500,500,72,D3,-18.585
nested_global_vs_aifs_regions,Nested-EAGLE-Global (AI),AIFS,southern_hemisphere,global 0.25 degree,zonal_wind,zonal_wind,zonal_wind 500,500,96,D4,-20.037
nested_global_vs_aifs_regions,Nested-EAGLE-Global (AI),AIFS,southern_hemisphere,global 0.25 degree,zonal_wind,zonal_wind,zonal_wind 500,500,120,D5,-16.927
nested_global_vs_aifs_regions,Nested-EAGLE-Global (AI),AIFS,southern_hemisphere,global 0.25 degree,zonal_wind,zonal_wind,zonal_wind 500,500,144,D6,-18.478
nested_global_vs_aifs_regions,Nested-EAGLE-Global (AI),AIFS,southern_hemisphere,global 0.25 degree,zonal_wind,zonal_wind,zonal_wind 500,500,168,D7,-14.095
nested_global_vs_aifs_regions,Nested-EAGLE-Global (AI),AIFS,southern_hemisphere,global 0.25 degree,zonal_wind,zonal_wind,zonal_wind 500,500,192,D8,-15.014
nested_global_vs_aifs_regions,Nested-EAGLE-Global (AI),AIFS,southern_hemisphere,global 0.25 degree,zonal_wind,zonal_wind,zonal_wind 500,500,216,D9,-12.001
nested_global_vs_aifs_regions,Nested-EAGLE-Global (AI),AIFS,southern_hemisphere,global 0.25 degree,zonal_wind,zonal_wind,zonal_wind 500,500,240,D10,-11.674
nested_global_vs_aifs_regions,Nested-EAGLE-Global (AI),AIFS,southern_hemisphere,global 0.25 degree,zonal_wind,zonal_wind,zonal_wind 850,850,24,D1,-10.795
nested_global_vs_aifs_regions,Nested-EAGLE-Global (AI),AIFS,southern_hemisphere,global 0.25 degree,zonal_wind,zonal_wind,zonal_wind 850,850,48,D2,-11.334
nested_global_vs_aifs_regions,Nested-EAGLE-Global (AI),AIFS,southern_hemisphere,global 0.25 degree,zonal_wind,zonal_wind,zonal_wind 850,850,72,D3,-14.352
nested_global_vs_aifs_regions,Nested-EAGLE-Global (AI),AIFS,southern_hemisphere,global 0.25 degree,zonal_wind,zonal_wind,zonal_wind 850,850,96,D4,-16.003
nested_global_vs_aifs_regions,Nested-EAGLE-Global (AI),AIFS,southern_hemisphere,global 0.25 degree,zonal_wind,zonal_wind,zonal_wind 850,850,120,D5,-16.98
nested_global_vs_aifs_regions,Nested-EAGLE-Global (AI),AIFS,southern_hemisphere,global 0.25 degree,zonal_wind,zonal_wind,zonal_wind 850,850,144,D6,-16.826
nested_global_vs_aifs_regions,Nested-EAGLE-Global (AI),AIFS,southern_hemisphere,global 0.25 degree,zonal_wind,zonal_wind,zonal_wind 850,850,168,D7,-12.524
nested_global_vs_aifs_regions,Nested-EAGLE-Global (AI),AIFS,southern_hemisphere,global 0.25 degree,zonal_wind,zonal_wind,zonal_wind 850,850,192,D8,-11.808
nested_global_vs_aifs_regions,Nested-EAGLE-Global (AI),AIFS,southern_hemisphere,global 0.25 degree,zonal_wind,zonal_wind,zonal_wind 850,850,216,D9,-10.073
nested_global_vs_aifs_regions,Nested-EAGLE-Global (AI),AIFS,southern_hemisphere,global 0.25 degree,zonal_wind,zonal_wind,zonal_wind 850,850,240,D10,-5.795
nested_global_vs_aifs_regions,Nested-EAGLE-Global (AI),AIFS,southern_hemisphere,global 0.25 degree,meridional_wind,meridional_wind,meridional_wind 250,250,24,D1,-17.226
nested_global_vs_aifs_regions,Nested-EAGLE-Global (AI),AIFS,southern_hemisphere,global 0.25 degree,meridional_wind,meridional_wind,meridional_wind 250,250,48,D2,-21.611
nested_global_vs_aifs_regions,Nested-EAGLE-Global (AI),AIFS,southern_hemisphere,global 0.25 degree,meridional_wind,meridional_wind,meridional_wind 250,250,72,D3,-27.206
nested_global_vs_aifs_regions,Nested-EAGLE-Global (AI),AIFS,southern_hemisphere,global 0.25 degree,meridional_wind,meridional_wind,meridional_wind 250,250,96,D4,-23.81
nested_global_vs_aifs_regions,Nested-EAGLE-Global (AI),AIFS,southern_hemisphere,global 0.25 degree,meridional_wind,meridional_wind,meridional_wind 250,250,120,D5,-23.869
nested_global_vs_aifs_regions,Nested-EAGLE-Global (AI),AIFS,southern_hemisphere,global 0.25 degree,meridional_wind,meridional_wind,meridional_wind 250,250,144,D6,-25.913
nested_global_vs_aifs_regions,Nested-EAGLE-Global (AI),AIFS,southern_hemisphere,global 0.25 degree,meridional_wind,meridional_wind,meridional_wind 250,250,168,D7,-26.225
nested_global_vs_aifs_regions,Nested-EAGLE-Global (AI),AIFS,southern_hemisphere,global 0.25 degree,meridional_wind,meridional_wind,meridional_wind 250,250,192,D8,-21.951
nested_global_vs_aifs_regions,Nested-EAGLE-Global (AI),AIFS,southern_hemisphere,global 0.25 degree,meridional_wind,meridional_wind,meridional_wind 250,250,216,D9,-14.388
nested_global_vs_aifs_regions,Nested-EAGLE-Global (AI),AIFS,southern_hemisphere,global 0.25 degree,meridional_wind,meridional_wind,meridional_wind 250,250,240,D10,-8.52
nested_global_vs_aifs_regions,Nested-EAGLE-Global (AI),AIFS,southern_hemisphere,global 0.25 degree,meridional_wind,meridional_wind,meridional_wind 500,500,24,D1,-19.99
nested_global_vs_aifs_regions,Nested-EAGLE-Global (AI),AIFS,southern_hemisphere,global 0.25 degree,meridional_wind,meridional_wind,meridional_wind 500,500,48,D2,-17.293
nested_global_vs_aifs_regions,Nested-EAGLE-Global (AI),AIFS,southern_hemisphere,global 0.25 degree,meridional_wind,meridional_wind,meridional_wind 500,500,72,D3,-20.083
nested_global_vs_aifs_regions,Nested-EAGLE-Global (AI),AIFS,southern_hemisphere,global 0.25 degree,meridional_wind,meridional_wind,meridional_wind 500,500,96,D4,-16.294
nested_global_vs_aifs_regions,Nested-EAGLE-Global (AI),AIFS,southern_hemisphere,global 0.25 degree,meridional_wind,meridional_wind,meridional_wind 500,500,120,D5,-17.304
nested_global_vs_aifs_regions,Nested-EAGLE-Global (AI),AIFS,southern_hemisphere,global 0.25 degree,meridional_wind,meridional_wind,meridional_wind 500,500,144,D6,-18.797
nested_global_vs_aifs_regions,Nested-EAGLE-Global (AI),AIFS,southern_hemisphere,global 0.25 degree,meridional_wind,meridional_wind,meridional_wind 500,500,168,D7,-16.905
nested_global_vs_aifs_regions,Nested-EAGLE-Global (AI),AIFS,southern_hemisphere,global 0.25 degree,meridional_wind,meridional_wind,meridional_wind 500,500,192,D8,-13.229
nested_global_vs_aifs_regions,Nested-EAGLE-Global (AI),AIFS,southern_hemisphere,global 0.25 degree,meridional_wind,meridional_wind,meridional_wind 500,500,216,D9,-8.418
nested_global_vs_aifs_regions,Nested-EAGLE-Global (AI),AIFS,southern_hemisphere,global 0.25 degree,meridional_wind,meridional_wind,meridional_wind 500,500,240,D10,-5.657
nested_global_vs_aifs_regions,Nested-EAGLE-Global (AI),AIFS,southern_hemisphere,global 0.25 degree,meridional_wind,meridional_wind,meridional_wind 850,850,24,D1,-15.319
nested_global_vs_aifs_regions,Nested-EAGLE-Global (AI),AIFS,southern_hemisphere,global 0.25 degree,meridional_wind,meridional_wind,meridional_wind 850,850,48,D2,-15.434
nested_global_vs_aifs_regions,Nested-EAGLE-Global (AI),AIFS,southern_hemisphere,global 0.25 degree,meridional_wind,meridional_wind,meridional_wind 850,850,72,D3,-17.902
nested_global_vs_aifs_regions,Nested-EAGLE-Global (AI),AIFS,southern_hemisphere,global 0.25 degree,meridional_wind,meridional_wind,meridional_wind 850,850,96,D4,-16.55
nested_global_vs_aifs_regions,Nested-EAGLE-Global (AI),AIFS,southern_hemisphere,global 0.25 degree,meridional_wind,meridional_wind,meridional_wind 850,850,120,D5,-15.291
nested_global_vs_aifs_regions,Nested-EAGLE-Global (AI),AIFS,southern_hemisphere,global 0.25 degree,meridional_wind,meridional_wind,meridional_wind 850,850,144,D6,-18.296
nested_global_vs_aifs_regions,Nested-EAGLE-Global (AI),AIFS,southern_hemisphere,global 0.25 degree,meridional_wind,meridional_wind,meridional_wind 850,850,168,D7,-15.686
nested_global_vs_aifs_regions,Nested-EAGLE-Global (AI),AIFS,southern_hemisphere,global 0.25 degree,meridional_wind,meridional_wind,meridional_wind 850,850,192,D8,-11.004
nested_global_vs_aifs_regions,Nested-EAGLE-Global (AI),AIFS,southern_hemisphere,global 0.25 degree,meridional_wind,meridional_wind,meridional_wind 850,850,216,D9,-8.571
nested_global_vs_aifs_regions,Nested-EAGLE-Global (AI),AIFS,southern_hemisphere,global 0.25 degree,meridional_wind,meridional_wind,meridional_wind 850,850,240,D10,-7.849
nested_global_vs_aifs_regions,Nested-EAGLE-Global (AI),AIFS,southern_hemisphere,global 0.25 degree,temperature,temperature,temperature 250,250,24,D1,-17.431
nested_global_vs_aifs_regions,Nested-EAGLE-Global (AI),AIFS,southern_hemisphere,global 0.25 degree,temperature,temperature,temperature 250,250,48,D2,-23.104
nested_global_vs_aifs_regions,Nested-EAGLE-Global (AI),AIFS,southern_hemisphere,global 0.25 degree,temperature,temperature,temperature 250,250,72,D3,-25.452
nested_global_vs_aifs_regions,Nested-EAGLE-Global (AI),AIFS,southern_hemisphere,global 0.25 degree,temperature,temperature,temperature 250,250,96,D4,-22.423
nested_global_vs_aifs_regions,Nested-EAGLE-Global (AI),AIFS,southern_hemisphere,global 0.25 degree,temperature,temperature,temperature 250,250,120,D5,-20.423
nested_global_vs_aifs_regions,Nested-EAGLE-Global (AI),AIFS,southern_hemisphere,global 0.25 degree,temperature,temperature,temperature 250,250,144,D6,-22.756
nested_global_vs_aifs_regions,Nested-EAGLE-Global (AI),AIFS,southern_hemisphere,global 0.25 degree,temperature,temperature,temperature 250,250,168,D7,-17.556
nested_global_vs_aifs_regions,Nested-EAGLE-Global (AI),AIFS,southern_hemisphere,global 0.25 degree,temperature,temperature,temperature 250,250,192,D8,-13.951
nested_global_vs_aifs_regions,Nested-EAGLE-Global (AI),AIFS,southern_hemisphere,global 0.25 degree,temperature,temperature,temperature 250,250,216,D9,-11.279
nested_global_vs_aifs_regions,Nested-EAGLE-Global (AI),AIFS,southern_hemisphere,global 0.25 degree,temperature,temperature,temperature 250,250,240,D10,-10.027
nested_global_vs_aifs_regions,Nested-EAGLE-Global (AI),AIFS,southern_hemisphere,global 0.25 degree,temperature,temperature,temperature 500,500,24,D1,-18.643
nested_global_vs_aifs_regions,Nested-EAGLE-Global (AI),AIFS,southern_hemisphere,global 0.25 degree,temperature,temperature,temperature 500,500,48,D2,-20.999
nested_global_vs_aifs_regions,Nested-EAGLE-Global (AI),AIFS,southern_hemisphere,global 0.25 degree,temperature,temperature,temperature 500,500,72,D3,-24.213
nested_global_vs_aifs_regions,Nested-EAGLE-Global (AI),AIFS,southern_hemisphere,global 0.25 degree,temperature,temperature,temperature 500,500,96,D4,-22.0
nested_global_vs_aifs_regions,Nested-EAGLE-Global (AI),AIFS,southern_hemisphere,global 0.25 degree,temperature,temperature,temperature 500,500,120,D5,-20.166
nested_global_vs_aifs_regions,Nested-EAGLE-Global (AI),AIFS,southern_hemisphere,global 0.25 degree,temperature,temperature,temperature 500,500,144,D6,-19.581
nested_global_vs_aifs_regions,Nested-EAGLE-Global (AI),AIFS,southern_hemisphere,global 0.25 degree,temperature,temperature,temperature 500,500,168,D7,-16.503
nested_global_vs_aifs_regions,Nested-EAGLE-Global (AI),AIFS,southern_hemisphere,global 0.25 degree,temperature,temperature,temperature 500,500,192,D8,-13.827
nested_global_vs_aifs_regions,Nested-EAGLE-Global (AI),AIFS,southern_hemisphere,global 0.25 degree,temperature,temperature,temperature 500,500,216,D9,-12.982
nested_global_vs_aifs_regions,Nested-EAGLE-Global (AI),AIFS,southern_hemisphere,global 0.25 degree,temperature,temperature,temperature 500,500,240,D10,-8.701
nested_global_vs_aifs_regions,Nested-EAGLE-Global (AI),AIFS,southern_hemisphere,global 0.25 degree,temperature,temperature,temperature 850,850,24,D1,-13.749
nested_global_vs_aifs_regions,Nested-EAGLE-Global (AI),AIFS,southern_hemisphere,global 0.25 degree,temperature,temperature,temperature 850,850,48,D2,-19.03
nested_global_vs_aifs_regions,Nested-EAGLE-Global (AI),AIFS,southern_hemisphere,global 0.25 degree,temperature,temperature,temperature 850,850,72,D3,-22.407
nested_global_vs_aifs_regions,Nested-EAGLE-Global (AI),AIFS,southern_hemisphere,global 0.25 degree,temperature,temperature,temperature 850,850,96,D4,-20.913
nested_global_vs_aifs_regions,Nested-EAGLE-Global (AI),AIFS,southern_hemisphere,global 0.25 degree,temperature,temperature,temperature 850,850,120,D5,-20.936
nested_global_vs_aifs_regions,Nested-EAGLE-Global (AI),AIFS,southern_hemisphere,global 0.25 degree,temperature,temperature,temperature 850,850,144,D6,-23.744
nested_global_vs_aifs_regions,Nested-EAGLE-Global (AI),AIFS,southern_hemisphere,global 0.25 degree,temperature,temperature,temperature 850,850,168,D7,-21.386
nested_global_vs_aifs_regions,Nested-EAGLE-Global (AI),AIFS,southern_hemisphere,global 0.25 degree,temperature,temperature,temperature 850,850,192,D8,-20.154
nested_global_vs_aifs_regions,Nested-EAGLE-Global (AI),AIFS,southern_hemisphere,global 0.25 degree,temperature,temperature,temperature 850,850,216,D9,-16.938
nested_global_vs_aifs_regions,Nested-EAGLE-Global (AI),AIFS,southern_hemisphere,global 0.25 degree,temperature,temperature,temperature 850,850,240,D10,-12.347
nested_global_vs_aifs_regions,Nested-EAGLE-Global (AI),AIFS,southern_hemisphere,global 0.25 degree,specific_humidity,specific_humidity,specific_humidity 250,250,24,D1,-11.21
nested_global_vs_aifs_regions,Nested-EAGLE-Global (AI),AIFS,southern_hemisphere,global 0.25 degree,specific_humidity,specific_humidity,specific_humidity 250,250,48,D2,-7.237
nested_global_vs_aifs_regions,Nested-EAGLE-Global (AI),AIFS,southern_hemisphere,global 0.25 degree,specific_humidity,specific_humidity,specific_humidity 250,250,72,D3,-6.369
nested_global_vs_aifs_regions,Nested-EAGLE-Global (AI),AIFS,southern_hemisphere,global 0.25 degree,specific_humidity,specific_humidity,specific_humidity 250,250,96,D4,-7.716
nested_global_vs_aifs_regions,Nested-EAGLE-Global (AI),AIFS,southern_hemisphere,global 0.25 degree,specific_humidity,specific_humidity,specific_humidity 250,250,120,D5,-9.351
nested_global_vs_aifs_regions,Nested-EAGLE-Global (AI),AIFS,southern_hemisphere,global 0.25 degree,specific_humidity,specific_humidity,specific_humidity 250,250,144,D6,-14.542
nested_global_vs_aifs_regions,Nested-EAGLE-Global (AI),AIFS,southern_hemisphere,global 0.25 degree,specific_humidity,specific_humidity,specific_humidity 250,250,168,D7,-12.277
nested_global_vs_aifs_regions,Nested-EAGLE-Global (AI),AIFS,southern_hemisphere,global 0.25 degree,specific_humidity,specific_humidity,specific_humidity 250,250,192,D8,-14.193
nested_global_vs_aifs_regions,Nested-EAGLE-Global (AI),AIFS,southern_hemisphere,global 0.25 degree,specific_humidity,specific_humidity,specific_humidity 250,250,216,D9,-13.059
nested_global_vs_aifs_regions,Nested-EAGLE-Global (AI),AIFS,southern_hemisphere,global 0.25 degree,specific_humidity,specific_humidity,specific_humidity 250,250,240,D10,-6.938
nested_global_vs_aifs_regions,Nested-EAGLE-Global (AI),AIFS,southern_hemisphere,global 0.25 degree,specific_humidity,specific_humidity,specific_humidity 500,500,24,D1,-10.903
nested_global_vs_aifs_regions,Nested-EAGLE-Global (AI),AIFS,southern_hemisphere,global 0.25 degree,specific_humidity,specific_humidity,specific_humidity 500,500,48,D2,-9.684
nested_global_vs_aifs_regions,Nested-EAGLE-Global (AI),AIFS,southern_hemisphere,global 0.25 degree,specific_humidity,specific_humidity,specific_humidity 500,500,72,D3,-12.767
nested_global_vs_aifs_regions,Nested-EAGLE-Global (AI),AIFS,southern_hemisphere,global 0.25 degree,specific_humidity,specific_humidity,specific_humidity 500,500,96,D4,-14.555
nested_global_vs_aifs_regions,Nested-EAGLE-Global (AI),AIFS,southern_hemisphere,global 0.25 degree,specific_humidity,specific_humidity,specific_humidity 500,500,120,D5,-16.287
nested_global_vs_aifs_regions,Nested-EAGLE-Global (AI),AIFS,southern_hemisphere,global 0.25 degree,specific_humidity,specific_humidity,specific_humidity 500,500,144,D6,-14.829
nested_global_vs_aifs_regions,Nested-EAGLE-Global (AI),AIFS,southern_hemisphere,global 0.25 degree,specific_humidity,specific_humidity,specific_humidity 500,500,168,D7,-20.658
nested_global_vs_aifs_regions,Nested-EAGLE-Global (AI),AIFS,southern_hemisphere,global 0.25 degree,specific_humidity,specific_humidity,specific_humidity 500,500,192,D8,-21.051
nested_global_vs_aifs_regions,Nested-EAGLE-Global (AI),AIFS,southern_hemisphere,global 0.25 degree,specific_humidity,specific_humidity,specific_humidity 500,500,216,D9,-17.042
nested_global_vs_aifs_regions,Nested-EAGLE-Global (AI),AIFS,southern_hemisphere,global 0.25 degree,specific_humidity,specific_humidity,specific_humidity 500,500,240,D10,-7.755
nested_global_vs_aifs_regions,Nested-EAGLE-Global (AI),AIFS,southern_hemisphere,global 0.25 degree,specific_humidity,specific_humidity,specific_humidity 850,850,24,D1,-18.559
nested_global_vs_aifs_regions,Nested-EAGLE-Global (AI),AIFS,southern_hemisphere,global 0.25 degree,specific_humidity,specific_humidity,specific_humidity 850,850,48,D2,-15.333
nested_global_vs_aifs_regions,Nested-EAGLE-Global (AI),AIFS,southern_hemisphere,global 0.25 degree,specific_humidity,specific_humidity,specific_humidity 850,850,72,D3,-13.79
nested_global_vs_aifs_regions,Nested-EAGLE-Global (AI),AIFS,southern_hemisphere,global 0.25 degree,specific_humidity,specific_humidity,specific_humidity 850,850,96,D4,-12.488
nested_global_vs_aifs_regions,Nested-EAGLE-Global (AI),AIFS,southern_hemisphere,global 0.25 degree,specific_humidity,specific_humidity,specific_humidity 850,850,120,D5,-13.954
nested_global_vs_aifs_regions,Nested-EAGLE-Global (AI),AIFS,southern_hemisphere,global 0.25 degree,specific_humidity,specific_humidity,specific_humidity 850,850,144,D6,-15.945
nested_global_vs_aifs_regions,Nested-EAGLE-Global (AI),AIFS,southern_hemisphere,global 0.25 degree,specific_humidity,specific_humidity,specific_humidity 850,850,168,D7,-17.39
nested_global_vs_aifs_regions,Nested-EAGLE-Global (AI),AIFS,southern_hemisphere,global 0.25 degree,specific_humidity,specific_humidity,specific_humidity 850,850,192,D8,-12.769
nested_global_vs_aifs_regions,Nested-EAGLE-Global (AI),AIFS,southern_hemisphere,global 0.25 degree,specific_humidity,specific_humidity,specific_humidity 850,850,216,D9,-13.42
nested_global_vs_aifs_regions,Nested-EAGLE-Global (AI),AIFS,southern_hemisphere,global 0.25 degree,specific_humidity,specific_humidity,specific_humidity 850,850,240,D10,-7.162
nested_global_vs_aifs_regions,Nested-EAGLE-Global (AI),AIFS,southern_hemisphere,global 0.25 degree,wind_speed,wind_speed,wind_speed 250,250,24,D1,-18.881
nested_global_vs_aifs_regions,Nested-EAGLE-Global (AI),AIFS,southern_hemisphere,global 0.25 degree,wind_speed,wind_speed,wind_speed 250,250,48,D2,-22.107
nested_global_vs_aifs_regions,Nested-EAGLE-Global (AI),AIFS,southern_hemisphere,global 0.25 degree,wind_speed,wind_speed,wind_speed 250,250,72,D3,-25.229
nested_global_vs_aifs_regions,Nested-EAGLE-Global (AI),AIFS,southern_hemisphere,global 0.25 degree,wind_speed,wind_speed,wind_speed 250,250,96,D4,-24.472
nested_global_vs_aifs_regions,Nested-EAGLE-Global (AI),AIFS,southern_hemisphere,global 0.25 degree,wind_speed,wind_speed,wind_speed 250,250,120,D5,-25.465
nested_global_vs_aifs_regions,Nested-EAGLE-Global (AI),AIFS,southern_hemisphere,global 0.25 degree,wind_speed,wind_speed,wind_speed 250,250,144,D6,-22.31
nested_global_vs_aifs_regions,Nested-EAGLE-Global (AI),AIFS,southern_hemisphere,global 0.25 degree,wind_speed,wind_speed,wind_speed 250,250,168,D7,-21.081
nested_global_vs_aifs_regions,Nested-EAGLE-Global (AI),AIFS,southern_hemisphere,global 0.25 degree,wind_speed,wind_speed,wind_speed 250,250,192,D8,-19.066
nested_global_vs_aifs_regions,Nested-EAGLE-Global (AI),AIFS,southern_hemisphere,global 0.25 degree,wind_speed,wind_speed,wind_speed 250,250,216,D9,-14.777
nested_global_vs_aifs_regions,Nested-EAGLE-Global (AI),AIFS,southern_hemisphere,global 0.25 degree,wind_speed,wind_speed,wind_speed 250,250,240,D10,-14.299
nested_global_vs_aifs_regions,Nested-EAGLE-Global (AI),AIFS,southern_hemisphere,global 0.25 degree,wind_speed,wind_speed,wind_speed 500,500,24,D1,-22.315
nested_global_vs_aifs_regions,Nested-EAGLE-Global (AI),AIFS,southern_hemisphere,global 0.25 degree,wind_speed,wind_speed,wind_speed 500,500,48,D2,-22.788
nested_global_vs_aifs_regions,Nested-EAGLE-Global (AI),AIFS,southern_hemisphere,global 0.25 degree,wind_speed,wind_speed,wind_speed 500,500,72,D3,-19.593
nested_global_vs_aifs_regions,Nested-EAGLE-Global (AI),AIFS,southern_hemisphere,global 0.25 degree,wind_speed,wind_speed,wind_speed 500,500,96,D4,-16.671
nested_global_vs_aifs_regions,Nested-EAGLE-Global (AI),AIFS,southern_hemisphere,global 0.25 degree,wind_speed,wind_speed,wind_speed 500,500,120,D5,-15.986
nested_global_vs_aifs_regions,Nested-EAGLE-Global (AI),AIFS,southern_hemisphere,global 0.25 degree,wind_speed,wind_speed,wind_speed 500,500,144,D6,-15.582
nested_global_vs_aifs_regions,Nested-EAGLE-Global (AI),AIFS,southern_hemisphere,global 0.25 degree,wind_speed,wind_speed,wind_speed 500,500,168,D7,-11.334
nested_global_vs_aifs_regions,Nested-EAGLE-Global (AI),AIFS,southern_hemisphere,global 0.25 degree,wind_speed,wind_speed,wind_speed 500,500,192,D8,-11.719
nested_global_vs_aifs_regions,Nested-EAGLE-Global (AI),AIFS,southern_hemisphere,global 0.25 degree,wind_speed,wind_speed,wind_speed 500,500,216,D9,-9.781
nested_global_vs_aifs_regions,Nested-EAGLE-Global (AI),AIFS,southern_hemisphere,global 0.25 degree,wind_speed,wind_speed,wind_speed 500,500,240,D10,-8.001
nested_global_vs_aifs_regions,Nested-EAGLE-Global (AI),AIFS,southern_hemisphere,global 0.25 degree,wind_speed,wind_speed,wind_speed 850,850,24,D1,-15.832
nested_global_vs_aifs_regions,Nested-EAGLE-Global (AI),AIFS,southern_hemisphere,global 0.25 degree,wind_speed,wind_speed,wind_speed 850,850,48,D2,-15.858
nested_global_vs_aifs_regions,Nested-EAGLE-Global (AI),AIFS,southern_hemisphere,global 0.25 degree,wind_speed,wind_speed,wind_speed 850,850,72,D3,-19.661
nested_global_vs_aifs_regions,Nested-EAGLE-Global (AI),AIFS,southern_hemisphere,global 0.25 degree,wind_speed,wind_speed,wind_speed 850,850,96,D4,-17.135
nested_global_vs_aifs_regions,Nested-EAGLE-Global (AI),AIFS,southern_hemisphere,global 0.25 degree,wind_speed,wind_speed,wind_speed 850,850,120,D5,-14.939
nested_global_vs_aifs_regions,Nested-EAGLE-Global (AI),AIFS,southern_hemisphere,global 0.25 degree,wind_speed,wind_speed,wind_speed 850,850,144,D6,-15.33
nested_global_vs_aifs_regions,Nested-EAGLE-Global (AI),AIFS,southern_hemisphere,global 0.25 degree,wind_speed,wind_speed,wind_speed 850,850,168,D7,-11.983
nested_global_vs_aifs_regions,Nested-EAGLE-Global (AI),AIFS,southern_hemisphere,global 0.25 degree,wind_speed,wind_speed,wind_speed 850,850,192,D8,-9.94
nested_global_vs_aifs_regions,Nested-EAGLE-Global (AI),AIFS,southern_hemisphere,global 0.25 degree,wind_speed,wind_speed,wind_speed 850,850,216,D9,-9.704
nested_global_vs_aifs_regions,Nested-EAGLE-Global (AI),AIFS,southern_hemisphere,global 0.25 degree,wind_speed,wind_speed,wind_speed 850,850,240,D10,-4.319
nested_global_vs_aifs_regions,Nested-EAGLE-Global (AI),AIFS,southern_hemisphere,global 0.25 degree,surface,10m_zonal_wind,10m_zonal_wind,,24,D1,-1.678
nested_global_vs_aifs_regions,Nested-EAGLE-Global (AI),AIFS,southern_hemisphere,global 0.25 degree,surface,10m_zonal_wind,10m_zonal_wind,,48,D2,-2.058
nested_global_vs_aifs_regions,Nested-EAGLE-Global (AI),AIFS,southern_hemisphere,global 0.25 degree,surface,10m_zonal_wind,10m_zonal_wind,,72,D3,-3.143
nested_global_vs_aifs_regions,Nested-EAGLE-Global (AI),AIFS,southern_hemisphere,global 0.25 degree,surface,10m_zonal_wind,10m_zonal_wind,,96,D4,-3.843
nested_global_vs_aifs_regions,Nested-EAGLE-Global (AI),AIFS,southern_hemisphere,global 0.25 degree,surface,10m_zonal_wind,10m_zonal_wind,,120,D5,-4.356
nested_global_vs_aifs_regions,Nested-EAGLE-Global (AI),AIFS,southern_hemisphere,global 0.25 degree,surface,10m_zonal_wind,10m_zonal_wind,,144,D6,-5.48
nested_global_vs_aifs_regions,Nested-EAGLE-Global (AI),AIFS,southern_hemisphere,global 0.25 degree,surface,10m_zonal_wind,10m_zonal_wind,,168,D7,-5.381
nested_global_vs_aifs_regions,Nested-EAGLE-Global (AI),AIFS,southern_hemisphere,global 0.25 degree,surface,10m_zonal_wind,10m_zonal_wind,,192,D8,-5.953
nested_global_vs_aifs_regions,Nested-EAGLE-Global (AI),AIFS,southern_hemisphere,global 0.25 degree,surface,10m_zonal_wind,10m_zonal_wind,,216,D9,-5.765
nested_global_vs_aifs_regions,Nested-EAGLE-Global (AI),AIFS,southern_hemisphere,global 0.25 degree,surface,10m_zonal_wind,10m_zonal_wind,,240,D10,-4.821
nested_global_vs_aifs_regions,Nested-EAGLE-Global (AI),AIFS,southern_hemisphere,global 0.25 degree,surface,10m_meridional_wind,10m_meridional_wind,,24,D1,-2.201
nested_global_vs_aifs_regions,Nested-EAGLE-Global (AI),AIFS,southern_hemisphere,global 0.25 degree,surface,10m_meridional_wind,10m_meridional_wind,,48,D2,-2.689
nested_global_vs_aifs_regions,Nested-EAGLE-Global (AI),AIFS,southern_hemisphere,global 0.25 degree,surface,10m_meridional_wind,10m_meridional_wind,,72,D3,-3.771
nested_global_vs_aifs_regions,Nested-EAGLE-Global (AI),AIFS,southern_hemisphere,global 0.25 degree,surface,10m_meridional_wind,10m_meridional_wind,,96,D4,-4.876
nested_global_vs_aifs_regions,Nested-EAGLE-Global (AI),AIFS,southern_hemisphere,global 0.25 degree,surface,10m_meridional_wind,10m_meridional_wind,,120,D5,-5.955
nested_global_vs_aifs_regions,Nested-EAGLE-Global (AI),AIFS,southern_hemisphere,global 0.25 degree,surface,10m_meridional_wind,10m_meridional_wind,,144,D6,-7.151
nested_global_vs_aifs_regions,Nested-EAGLE-Global (AI),AIFS,southern_hemisphere,global 0.25 degree,surface,10m_meridional_wind,10m_meridional_wind,,168,D7,-7.706
nested_global_vs_aifs_regions,Nested-EAGLE-Global (AI),AIFS,southern_hemisphere,global 0.25 degree,surface,10m_meridional_wind,10m_meridional_wind,,192,D8,-7.891
nested_global_vs_aifs_regions,Nested-EAGLE-Global (AI),AIFS,southern_hemisphere,global 0.25 degree,surface,10m_meridional_wind,10m_meridional_wind,,216,D9,-7.03
nested_global_vs_aifs_regions,Nested-EAGLE-Global (AI),AIFS,southern_hemisphere,global 0.25 degree,surface,10m_meridional_wind,10m_meridional_wind,,240,D10,-6.477
nested_global_vs_aifs_regions,Nested-EAGLE-Global (AI),AIFS,southern_hemisphere,global 0.25 degree,surface,2m_temperature,2m_temperature,,24,D1,-11.486
nested_global_vs_aifs_regions,Nested-EAGLE-Global (AI),AIFS,southern_hemisphere,global 0.25 degree,surface,2m_temperature,2m_temperature,,48,D2,-11.638
nested_global_vs_aifs_regions,Nested-EAGLE-Global (AI),AIFS,southern_hemisphere,global 0.25 degree,surface,2m_temperature,2m_temperature,,72,D3,-12.194
nested_global_vs_aifs_regions,Nested-EAGLE-Global (AI),AIFS,southern_hemisphere,global 0.25 degree,surface,2m_temperature,2m_temperature,,96,D4,-12.774
nested_global_vs_aifs_regions,Nested-EAGLE-Global (AI),AIFS,southern_hemisphere,global 0.25 degree,surface,2m_temperature,2m_temperature,,120,D5,-13.375
nested_global_vs_aifs_regions,Nested-EAGLE-Global (AI),AIFS,southern_hemisphere,global 0.25 degree,surface,2m_temperature,2m_temperature,,144,D6,-14.658
nested_global_vs_aifs_regions,Nested-EAGLE-Global (AI),AIFS,southern_hemisphere,global 0.25 degree,surface,2m_temperature,2m_temperature,,168,D7,-13.91
nested_global_vs_aifs_regions,Nested-EAGLE-Global (AI),AIFS,southern_hemisphere,global 0.25 degree,surface,2m_temperature,2m_temperature,,192,D8,-13.746
nested_global_vs_aifs_regions,Nested-EAGLE-Global (AI),AIFS,southern_hemisphere,global 0.25 degree,surface,2m_temperature,2m_temperature,,216,D9,-13.376
nested_global_vs_aifs_regions,Nested-EAGLE-Global (AI),AIFS,southern_hemisphere,global 0.25 degree,surface,2m_temperature,2m_temperature,,240,D10,-12.306
nested_global_vs_aifs_regions,Nested-EAGLE-Global (AI),AIFS,southern_hemisphere,global 0.25 degree,surface,10m_wind_speed,10m_wind_speed,,24,D1,-0.406
nested_global_vs_aifs_regions,Nested-EAGLE-Global (AI),AIFS,southern_hemisphere,global 0.25 degree,surface,10m_wind_speed,10m_wind_speed,,48,D2,-0.547
nested_global_vs_aifs_regions,Nested-EAGLE-Global (AI),AIFS,southern_hemisphere,global 0.25 degree,surface,10m_wind_speed,10m_wind_speed,,72,D3,-1.178
nested_global_vs_aifs_regions,Nested-EAGLE-Global (AI),AIFS,southern_hemisphere,global 0.25 degree,surface,10m_wind_speed,10m_wind_speed,,96,D4,-1.488
nested_global_vs_aifs_regions,Nested-EAGLE-Global (AI),AIFS,southern_hemisphere,global 0.25 degree,surface,10m_wind_speed,10m_wind_speed,,120,D5,-1.885
nested_global_vs_aifs_regions,Nested-EAGLE-Global (AI),AIFS,southern_hemisphere,global 0.25 degree,surface,10m_wind_speed,10m_wind_speed,,144,D6,-2.307
nested_global_vs_aifs_regions,Nested-EAGLE-Global (AI),AIFS,southern_hemisphere,global 0.25 degree,surface,10m_wind_speed,10m_wind_speed,,168,D7,-2.323
nested_global_vs_aifs_regions,Nested-EAGLE-Global (AI),AIFS,southern_hemisphere,global 0.25 degree,surface,10m_wind_speed,10m_wind_speed,,192,D8,-2.374
nested_global_vs_aifs_regions,Nested-EAGLE-Global (AI),AIFS,southern_hemisphere,global 0.25 degree,surface,10m_wind_speed,10m_wind_speed,,216,D9,-2.378
nested_global_vs_aifs_regions,Nested-EAGLE-Global (AI),AIFS,southern_hemisphere,global 0.25 degree,surface,10m_wind_speed,10m_wind_speed,,240,D10,-2.231
nested_global_vs_aifs_regions,Nested-EAGLE-Global (AI),AIFS,conus,global 0.25 degree,geopotential_height,geopotential_height,geopotential_height 250,250,24,D1,-12.292
nested_global_vs_aifs_regions,Nested-EAGLE-Global (AI),AIFS,conus,global 0.25 degree,geopotential_height,geopotential_height,geopotential_height 250,250,48,D2,-25.451
nested_global_vs_aifs_regions,Nested-EAGLE-Global (AI),AIFS,conus,global 0.25 degree,geopotential_height,geopotential_height,geopotential_height 250,250,72,D3,-35.335
nested_global_vs_aifs_regions,Nested-EAGLE-Global (AI),AIFS,conus,global 0.25 degree,geopotential_height,geopotential_height,geopotential_height 250,250,96,D4,-38.395
nested_global_vs_aifs_regions,Nested-EAGLE-Global (AI),AIFS,conus,global 0.25 degree,geopotential_height,geopotential_height,geopotential_height 250,250,120,D5,-37.939
nested_global_vs_aifs_regions,Nested-EAGLE-Global (AI),AIFS,conus,global 0.25 degree,geopotential_height,geopotential_height,geopotential_height 250,250,144,D6,-32.056
nested_global_vs_aifs_regions,Nested-EAGLE-Global (AI),AIFS,conus,global 0.25 degree,geopotential_height,geopotential_height,geopotential_height 250,250,168,D7,-27.886
nested_global_vs_aifs_regions,Nested-EAGLE-Global (AI),AIFS,conus,global 0.25 degree,geopotential_height,geopotential_height,geopotential_height 250,250,192,D8,-21.789
nested_global_vs_aifs_regions,Nested-EAGLE-Global (AI),AIFS,conus,global 0.25 degree,geopotential_height,geopotential_height,geopotential_height 250,250,216,D9,-17.376
nested_global_vs_aifs_regions,Nested-EAGLE-Global (AI),AIFS,conus,global 0.25 degree,geopotential_height,geopotential_height,geopotential_height 250,250,240,D10,-16.131
nested_global_vs_aifs_regions,Nested-EAGLE-Global (AI),AIFS,conus,global 0.25 degree,geopotential_height,geopotential_height,geopotential_height 500,500,24,D1,-14.171
nested_global_vs_aifs_regions,Nested-EAGLE-Global (AI),AIFS,conus,global 0.25 degree,geopotential_height,geopotential_height,geopotential_height 500,500,48,D2,-22.359
nested_global_vs_aifs_regions,Nested-EAGLE-Global (AI),AIFS,conus,global 0.25 degree,geopotential_height,geopotential_height,geopotential_height 500,500,72,D3,-27.984
nested_global_vs_aifs_regions,Nested-EAGLE-Global (AI),AIFS,conus,global 0.25 degree,geopotential_height,geopotential_height,geopotential_height 500,500,96,D4,-32.34
nested_global_vs_aifs_regions,Nested-EAGLE-Global (AI),AIFS,conus,global 0.25 degree,geopotential_height,geopotential_height,geopotential_height 500,500,120,D5,-33.433
nested_global_vs_aifs_regions,Nested-EAGLE-Global (AI),AIFS,conus,global 0.25 degree,geopotential_height,geopotential_height,geopotential_height 500,500,144,D6,-28.327
nested_global_vs_aifs_regions,Nested-EAGLE-Global (AI),AIFS,conus,global 0.25 degree,geopotential_height,geopotential_height,geopotential_height 500,500,168,D7,-24.171
nested_global_vs_aifs_regions,Nested-EAGLE-Global (AI),AIFS,conus,global 0.25 degree,geopotential_height,geopotential_height,geopotential_height 500,500,192,D8,-21.074
nested_global_vs_aifs_regions,Nested-EAGLE-Global (AI),AIFS,conus,global 0.25 degree,geopotential_height,geopotential_height,geopotential_height 500,500,216,D9,-17.88
nested_global_vs_aifs_regions,Nested-EAGLE-Global (AI),AIFS,conus,global 0.25 degree,geopotential_height,geopotential_height,geopotential_height 500,500,240,D10,-17.392
nested_global_vs_aifs_regions,Nested-EAGLE-Global (AI),AIFS,conus,global 0.25 degree,geopotential_height,geopotential_height,geopotential_height 850,850,24,D1,-9.501
nested_global_vs_aifs_regions,Nested-EAGLE-Global (AI),AIFS,conus,global 0.25 degree,geopotential_height,geopotential_height,geopotential_height 850,850,48,D2,-15.439
nested_global_vs_aifs_regions,Nested-EAGLE-Global (AI),AIFS,conus,global 0.25 degree,geopotential_height,geopotential_height,geopotential_height 850,850,72,D3,-22.025
nested_global_vs_aifs_regions,Nested-EAGLE-Global (AI),AIFS,conus,global 0.25 degree,geopotential_height,geopotential_height,geopotential_height 850,850,96,D4,-30.09
nested_global_vs_aifs_regions,Nested-EAGLE-Global (AI),AIFS,conus,global 0.25 degree,geopotential_height,geopotential_height,geopotential_height 850,850,120,D5,-30.774
nested_global_vs_aifs_regions,Nested-EAGLE-Global (AI),AIFS,conus,global 0.25 degree,geopotential_height,geopotential_height,geopotential_height 850,850,144,D6,-26.297
nested_global_vs_aifs_regions,Nested-EAGLE-Global (AI),AIFS,conus,global 0.25 degree,geopotential_height,geopotential_height,geopotential_height 850,850,168,D7,-21.144
nested_global_vs_aifs_regions,Nested-EAGLE-Global (AI),AIFS,conus,global 0.25 degree,geopotential_height,geopotential_height,geopotential_height 850,850,192,D8,-21.575
nested_global_vs_aifs_regions,Nested-EAGLE-Global (AI),AIFS,conus,global 0.25 degree,geopotential_height,geopotential_height,geopotential_height 850,850,216,D9,-16.613
nested_global_vs_aifs_regions,Nested-EAGLE-Global (AI),AIFS,conus,global 0.25 degree,geopotential_height,geopotential_height,geopotential_height 850,850,240,D10,-17.077
nested_global_vs_aifs_regions,Nested-EAGLE-Global (AI),AIFS,conus,global 0.25 degree,zonal_wind,zonal_wind,zonal_wind 250,250,24,D1,-12.232
nested_global_vs_aifs_regions,Nested-EAGLE-Global (AI),AIFS,conus,global 0.25 degree,zonal_wind,zonal_wind,zonal_wind 250,250,48,D2,-15.799
nested_global_vs_aifs_regions,Nested-EAGLE-Global (AI),AIFS,conus,global 0.25 degree,zonal_wind,zonal_wind,zonal_wind 250,250,72,D3,-21.522
nested_global_vs_aifs_regions,Nested-EAGLE-Global (AI),AIFS,conus,global 0.25 degree,zonal_wind,zonal_wind,zonal_wind 250,250,96,D4,-23.8
nested_global_vs_aifs_regions,Nested-EAGLE-Global (AI),AIFS,conus,global 0.25 degree,zonal_wind,zonal_wind,zonal_wind 250,250,120,D5,-27.674
nested_global_vs_aifs_regions,Nested-EAGLE-Global (AI),AIFS,conus,global 0.25 degree,zonal_wind,zonal_wind,zonal_wind 250,250,144,D6,-25.884
nested_global_vs_aifs_regions,Nested-EAGLE-Global (AI),AIFS,conus,global 0.25 degree,zonal_wind,zonal_wind,zonal_wind 250,250,168,D7,-22.626
nested_global_vs_aifs_regions,Nested-EAGLE-Global (AI),AIFS,conus,global 0.25 degree,zonal_wind,zonal_wind,zonal_wind 250,250,192,D8,-20.9
nested_global_vs_aifs_regions,Nested-EAGLE-Global (AI),AIFS,conus,global 0.25 degree,zonal_wind,zonal_wind,zonal_wind 250,250,216,D9,-15.271
nested_global_vs_aifs_regions,Nested-EAGLE-Global (AI),AIFS,conus,global 0.25 degree,zonal_wind,zonal_wind,zonal_wind 250,250,240,D10,-14.475
nested_global_vs_aifs_regions,Nested-EAGLE-Global (AI),AIFS,conus,global 0.25 degree,zonal_wind,zonal_wind,zonal_wind 500,500,24,D1,-14.497
nested_global_vs_aifs_regions,Nested-EAGLE-Global (AI),AIFS,conus,global 0.25 degree,zonal_wind,zonal_wind,zonal_wind 500,500,48,D2,-16.443
nested_global_vs_aifs_regions,Nested-EAGLE-Global (AI),AIFS,conus,global 0.25 degree,zonal_wind,zonal_wind,zonal_wind 500,500,72,D3,-19.419
nested_global_vs_aifs_regions,Nested-EAGLE-Global (AI),AIFS,conus,global 0.25 degree,zonal_wind,zonal_wind,zonal_wind 500,500,96,D4,-20.77
nested_global_vs_aifs_regions,Nested-EAGLE-Global (AI),AIFS,conus,global 0.25 degree,zonal_wind,zonal_wind,zonal_wind 500,500,120,D5,-23.251
nested_global_vs_aifs_regions,Nested-EAGLE-Global (AI),AIFS,conus,global 0.25 degree,zonal_wind,zonal_wind,zonal_wind 500,500,144,D6,-20.078
nested_global_vs_aifs_regions,Nested-EAGLE-Global (AI),AIFS,conus,global 0.25 degree,zonal_wind,zonal_wind,zonal_wind 500,500,168,D7,-18.068
nested_global_vs_aifs_regions,Nested-EAGLE-Global (AI),AIFS,conus,global 0.25 degree,zonal_wind,zonal_wind,zonal_wind 500,500,192,D8,-17.915
nested_global_vs_aifs_regions,Nested-EAGLE-Global (AI),AIFS,conus,global 0.25 degree,zonal_wind,zonal_wind,zonal_wind 500,500,216,D9,-14.06
nested_global_vs_aifs_regions,Nested-EAGLE-Global (AI),AIFS,conus,global 0.25 degree,zonal_wind,zonal_wind,zonal_wind 500,500,240,D10,-12.406
nested_global_vs_aifs_regions,Nested-EAGLE-Global (AI),AIFS,conus,global 0.25 degree,zonal_wind,zonal_wind,zonal_wind 850,850,24,D1,-11.33
nested_global_vs_aifs_regions,Nested-EAGLE-Global (AI),AIFS,conus,global 0.25 degree,zonal_wind,zonal_wind,zonal_wind 850,850,48,D2,-14.062
nested_global_vs_aifs_regions,Nested-EAGLE-Global (AI),AIFS,conus,global 0.25 degree,zonal_wind,zonal_wind,zonal_wind 850,850,72,D3,-17.261
nested_global_vs_aifs_regions,Nested-EAGLE-Global (AI),AIFS,conus,global 0.25 degree,zonal_wind,zonal_wind,zonal_wind 850,850,96,D4,-20.269
nested_global_vs_aifs_regions,Nested-EAGLE-Global (AI),AIFS,conus,global 0.25 degree,zonal_wind,zonal_wind,zonal_wind 850,850,120,D5,-20.693
nested_global_vs_aifs_regions,Nested-EAGLE-Global (AI),AIFS,conus,global 0.25 degree,zonal_wind,zonal_wind,zonal_wind 850,850,144,D6,-18.124
nested_global_vs_aifs_regions,Nested-EAGLE-Global (AI),AIFS,conus,global 0.25 degree,zonal_wind,zonal_wind,zonal_wind 850,850,168,D7,-15.59
nested_global_vs_aifs_regions,Nested-EAGLE-Global (AI),AIFS,conus,global 0.25 degree,zonal_wind,zonal_wind,zonal_wind 850,850,192,D8,-15.431
nested_global_vs_aifs_regions,Nested-EAGLE-Global (AI),AIFS,conus,global 0.25 degree,zonal_wind,zonal_wind,zonal_wind 850,850,216,D9,-11.462
nested_global_vs_aifs_regions,Nested-EAGLE-Global (AI),AIFS,conus,global 0.25 degree,zonal_wind,zonal_wind,zonal_wind 850,850,240,D10,-7.593
nested_global_vs_aifs_regions,Nested-EAGLE-Global (AI),AIFS,conus,global 0.25 degree,meridional_wind,meridional_wind,meridional_wind 250,250,24,D1,-11.57
nested_global_vs_aifs_regions,Nested-EAGLE-Global (AI),AIFS,conus,global 0.25 degree,meridional_wind,meridional_wind,meridional_wind 250,250,48,D2,-16.606
nested_global_vs_aifs_regions,Nested-EAGLE-Global (AI),AIFS,conus,global 0.25 degree,meridional_wind,meridional_wind,meridional_wind 250,250,72,D3,-23.973
nested_global_vs_aifs_regions,Nested-EAGLE-Global (AI),AIFS,conus,global 0.25 degree,meridional_wind,meridional_wind,meridional_wind 250,250,96,D4,-28.544
nested_global_vs_aifs_regions,Nested-EAGLE-Global (AI),AIFS,conus,global 0.25 degree,meridional_wind,meridional_wind,meridional_wind 250,250,120,D5,-25.457
nested_global_vs_aifs_regions,Nested-EAGLE-Global (AI),AIFS,conus,global 0.25 degree,meridional_wind,meridional_wind,meridional_wind 250,250,144,D6,-22.717
nested_global_vs_aifs_regions,Nested-EAGLE-Global (AI),AIFS,conus,global 0.25 degree,meridional_wind,meridional_wind,meridional_wind 250,250,168,D7,-21.005
nested_global_vs_aifs_regions,Nested-EAGLE-Global (AI),AIFS,conus,global 0.25 degree,meridional_wind,meridional_wind,meridional_wind 250,250,192,D8,-17.639
nested_global_vs_aifs_regions,Nested-EAGLE-Global (AI),AIFS,conus,global 0.25 degree,meridional_wind,meridional_wind,meridional_wind 250,250,216,D9,-15.964
nested_global_vs_aifs_regions,Nested-EAGLE-Global (AI),AIFS,conus,global 0.25 degree,meridional_wind,meridional_wind,meridional_wind 250,250,240,D10,-14.477
nested_global_vs_aifs_regions,Nested-EAGLE-Global (AI),AIFS,conus,global 0.25 degree,meridional_wind,meridional_wind,meridional_wind 500,500,24,D1,-13.007
nested_global_vs_aifs_regions,Nested-EAGLE-Global (AI),AIFS,conus,global 0.25 degree,meridional_wind,meridional_wind,meridional_wind 500,500,48,D2,-16.287
nested_global_vs_aifs_regions,Nested-EAGLE-Global (AI),AIFS,conus,global 0.25 degree,meridional_wind,meridional_wind,meridional_wind 500,500,72,D3,-20.849
nested_global_vs_aifs_regions,Nested-EAGLE-Global (AI),AIFS,conus,global 0.25 degree,meridional_wind,meridional_wind,meridional_wind 500,500,96,D4,-23.141
nested_global_vs_aifs_regions,Nested-EAGLE-Global (AI),AIFS,conus,global 0.25 degree,meridional_wind,meridional_wind,meridional_wind 500,500,120,D5,-22.048
nested_global_vs_aifs_regions,Nested-EAGLE-Global (AI),AIFS,conus,global 0.25 degree,meridional_wind,meridional_wind,meridional_wind 500,500,144,D6,-20.316
nested_global_vs_aifs_regions,Nested-EAGLE-Global (AI),AIFS,conus,global 0.25 degree,meridional_wind,meridional_wind,meridional_wind 500,500,168,D7,-16.998
nested_global_vs_aifs_regions,Nested-EAGLE-Global (AI),AIFS,conus,global 0.25 degree,meridional_wind,meridional_wind,meridional_wind 500,500,192,D8,-15.084
nested_global_vs_aifs_regions,Nested-EAGLE-Global (AI),AIFS,conus,global 0.25 degree,meridional_wind,meridional_wind,meridional_wind 500,500,216,D9,-14.925
nested_global_vs_aifs_regions,Nested-EAGLE-Global (AI),AIFS,conus,global 0.25 degree,meridional_wind,meridional_wind,meridional_wind 500,500,240,D10,-13.26
nested_global_vs_aifs_regions,Nested-EAGLE-Global (AI),AIFS,conus,global 0.25 degree,meridional_wind,meridional_wind,meridional_wind 850,850,24,D1,-10.756
nested_global_vs_aifs_regions,Nested-EAGLE-Global (AI),AIFS,conus,global 0.25 degree,meridional_wind,meridional_wind,meridional_wind 850,850,48,D2,-15.258
nested_global_vs_aifs_regions,Nested-EAGLE-Global (AI),AIFS,conus,global 0.25 degree,meridional_wind,meridional_wind,meridional_wind 850,850,72,D3,-17.308
nested_global_vs_aifs_regions,Nested-EAGLE-Global (AI),AIFS,conus,global 0.25 degree,meridional_wind,meridional_wind,meridional_wind 850,850,96,D4,-21.179
nested_global_vs_aifs_regions,Nested-EAGLE-Global (AI),AIFS,conus,global 0.25 degree,meridional_wind,meridional_wind,meridional_wind 850,850,120,D5,-21.365
nested_global_vs_aifs_regions,Nested-EAGLE-Global (AI),AIFS,conus,global 0.25 degree,meridional_wind,meridional_wind,meridional_wind 850,850,144,D6,-17.364
nested_global_vs_aifs_regions,Nested-EAGLE-Global (AI),AIFS,conus,global 0.25 degree,meridional_wind,meridional_wind,meridional_wind 850,850,168,D7,-15.126
nested_global_vs_aifs_regions,Nested-EAGLE-Global (AI),AIFS,conus,global 0.25 degree,meridional_wind,meridional_wind,meridional_wind 850,850,192,D8,-12.332
nested_global_vs_aifs_regions,Nested-EAGLE-Global (AI),AIFS,conus,global 0.25 degree,meridional_wind,meridional_wind,meridional_wind 850,850,216,D9,-10.664
nested_global_vs_aifs_regions,Nested-EAGLE-Global (AI),AIFS,conus,global 0.25 degree,meridional_wind,meridional_wind,meridional_wind 850,850,240,D10,-8.98
nested_global_vs_aifs_regions,Nested-EAGLE-Global (AI),AIFS,conus,global 0.25 degree,temperature,temperature,temperature 250,250,24,D1,-13.716
nested_global_vs_aifs_regions,Nested-EAGLE-Global (AI),AIFS,conus,global 0.25 degree,temperature,temperature,temperature 250,250,48,D2,-19.882
nested_global_vs_aifs_regions,Nested-EAGLE-Global (AI),AIFS,conus,global 0.25 degree,temperature,temperature,temperature 250,250,72,D3,-24.682
nested_global_vs_aifs_regions,Nested-EAGLE-Global (AI),AIFS,conus,global 0.25 degree,temperature,temperature,temperature 250,250,96,D4,-26.219
nested_global_vs_aifs_regions,Nested-EAGLE-Global (AI),AIFS,conus,global 0.25 degree,temperature,temperature,temperature 250,250,120,D5,-26.564
nested_global_vs_aifs_regions,Nested-EAGLE-Global (AI),AIFS,conus,global 0.25 degree,temperature,temperature,temperature 250,250,144,D6,-22.859
nested_global_vs_aifs_regions,Nested-EAGLE-Global (AI),AIFS,conus,global 0.25 degree,temperature,temperature,temperature 250,250,168,D7,-19.564
nested_global_vs_aifs_regions,Nested-EAGLE-Global (AI),AIFS,conus,global 0.25 degree,temperature,temperature,temperature 250,250,192,D8,-20.881
nested_global_vs_aifs_regions,Nested-EAGLE-Global (AI),AIFS,conus,global 0.25 degree,temperature,temperature,temperature 250,250,216,D9,-15.779
nested_global_vs_aifs_regions,Nested-EAGLE-Global (AI),AIFS,conus,global 0.25 degree,temperature,temperature,temperature 250,250,240,D10,-14.904
nested_global_vs_aifs_regions,Nested-EAGLE-Global (AI),AIFS,conus,global 0.25 degree,temperature,temperature,temperature 500,500,24,D1,-14.929
nested_global_vs_aifs_regions,Nested-EAGLE-Global (AI),AIFS,conus,global 0.25 degree,temperature,temperature,temperature 500,500,48,D2,-19.82
nested_global_vs_aifs_regions,Nested-EAGLE-Global (AI),AIFS,conus,global 0.25 degree,temperature,temperature,temperature 500,500,72,D3,-23.796
nested_global_vs_aifs_regions,Nested-EAGLE-Global (AI),AIFS,conus,global 0.25 degree,temperature,temperature,temperature 500,500,96,D4,-26.385
nested_global_vs_aifs_regions,Nested-EAGLE-Global (AI),AIFS,conus,global 0.25 degree,temperature,temperature,temperature 500,500,120,D5,-28.858
nested_global_vs_aifs_regions,Nested-EAGLE-Global (AI),AIFS,conus,global 0.25 degree,temperature,temperature,temperature 500,500,144,D6,-26.23
nested_global_vs_aifs_regions,Nested-EAGLE-Global (AI),AIFS,conus,global 0.25 degree,temperature,temperature,temperature 500,500,168,D7,-21.615
nested_global_vs_aifs_regions,Nested-EAGLE-Global (AI),AIFS,conus,global 0.25 degree,temperature,temperature,temperature 500,500,192,D8,-18.558
nested_global_vs_aifs_regions,Nested-EAGLE-Global (AI),AIFS,conus,global 0.25 degree,temperature,temperature,temperature 500,500,216,D9,-15.142
nested_global_vs_aifs_regions,Nested-EAGLE-Global (AI),AIFS,conus,global 0.25 degree,temperature,temperature,temperature 500,500,240,D10,-11.634
nested_global_vs_aifs_regions,Nested-EAGLE-Global (AI),AIFS,conus,global 0.25 degree,temperature,temperature,temperature 850,850,24,D1,-15.389
nested_global_vs_aifs_regions,Nested-EAGLE-Global (AI),AIFS,conus,global 0.25 degree,temperature,temperature,temperature 850,850,48,D2,-17.856
nested_global_vs_aifs_regions,Nested-EAGLE-Global (AI),AIFS,conus,global 0.25 degree,temperature,temperature,temperature 850,850,72,D3,-20.895
nested_global_vs_aifs_regions,Nested-EAGLE-Global (AI),AIFS,conus,global 0.25 degree,temperature,temperature,temperature 850,850,96,D4,-27.665
nested_global_vs_aifs_regions,Nested-EAGLE-Global (AI),AIFS,conus,global 0.25 degree,temperature,temperature,temperature 850,850,120,D5,-30.978
nested_global_vs_aifs_regions,Nested-EAGLE-Global (AI),AIFS,conus,global 0.25 degree,temperature,temperature,temperature 850,850,144,D6,-25.465
nested_global_vs_aifs_regions,Nested-EAGLE-Global (AI),AIFS,conus,global 0.25 degree,temperature,temperature,temperature 850,850,168,D7,-22.518
nested_global_vs_aifs_regions,Nested-EAGLE-Global (AI),AIFS,conus,global 0.25 degree,temperature,temperature,temperature 850,850,192,D8,-18.151
nested_global_vs_aifs_regions,Nested-EAGLE-Global (AI),AIFS,conus,global 0.25 degree,temperature,temperature,temperature 850,850,216,D9,-14.794
nested_global_vs_aifs_regions,Nested-EAGLE-Global (AI),AIFS,conus,global 0.25 degree,temperature,temperature,temperature 850,850,240,D10,-14.502
nested_global_vs_aifs_regions,Nested-EAGLE-Global (AI),AIFS,conus,global 0.25 degree,specific_humidity,specific_humidity,specific_humidity 250,250,24,D1,-7.305
nested_global_vs_aifs_regions,Nested-EAGLE-Global (AI),AIFS,conus,global 0.25 degree,specific_humidity,specific_humidity,specific_humidity 250,250,48,D2,-8.091
nested_global_vs_aifs_regions,Nested-EAGLE-Global (AI),AIFS,conus,global 0.25 degree,specific_humidity,specific_humidity,specific_humidity 250,250,72,D3,-8.895
nested_global_vs_aifs_regions,Nested-EAGLE-Global (AI),AIFS,conus,global 0.25 degree,specific_humidity,specific_humidity,specific_humidity 250,250,96,D4,-10.148
nested_global_vs_aifs_regions,Nested-EAGLE-Global (AI),AIFS,conus,global 0.25 degree,specific_humidity,specific_humidity,specific_humidity 250,250,120,D5,-9.295
nested_global_vs_aifs_regions,Nested-EAGLE-Global (AI),AIFS,conus,global 0.25 degree,specific_humidity,specific_humidity,specific_humidity 250,250,144,D6,-8.311
nested_global_vs_aifs_regions,Nested-EAGLE-Global (AI),AIFS,conus,global 0.25 degree,specific_humidity,specific_humidity,specific_humidity 250,250,168,D7,-7.597
nested_global_vs_aifs_regions,Nested-EAGLE-Global (AI),AIFS,conus,global 0.25 degree,specific_humidity,specific_humidity,specific_humidity 250,250,192,D8,-6.613
nested_global_vs_aifs_regions,Nested-EAGLE-Global (AI),AIFS,conus,global 0.25 degree,specific_humidity,specific_humidity,specific_humidity 250,250,216,D9,-5.495
nested_global_vs_aifs_regions,Nested-EAGLE-Global (AI),AIFS,conus,global 0.25 degree,specific_humidity,specific_humidity,specific_humidity 250,250,240,D10,-4.109
nested_global_vs_aifs_regions,Nested-EAGLE-Global (AI),AIFS,conus,global 0.25 degree,specific_humidity,specific_humidity,specific_humidity 500,500,24,D1,-7.717
nested_global_vs_aifs_regions,Nested-EAGLE-Global (AI),AIFS,conus,global 0.25 degree,specific_humidity,specific_humidity,specific_humidity 500,500,48,D2,-8.685
nested_global_vs_aifs_regions,Nested-EAGLE-Global (AI),AIFS,conus,global 0.25 degree,specific_humidity,specific_humidity,specific_humidity 500,500,72,D3,-9.319
nested_global_vs_aifs_regions,Nested-EAGLE-Global (AI),AIFS,conus,global 0.25 degree,specific_humidity,specific_humidity,specific_humidity 500,500,96,D4,-11.358
nested_global_vs_aifs_regions,Nested-EAGLE-Global (AI),AIFS,conus,global 0.25 degree,specific_humidity,specific_humidity,specific_humidity 500,500,120,D5,-13.034
nested_global_vs_aifs_regions,Nested-EAGLE-Global (AI),AIFS,conus,global 0.25 degree,specific_humidity,specific_humidity,specific_humidity 500,500,144,D6,-12.503
nested_global_vs_aifs_regions,Nested-EAGLE-Global (AI),AIFS,conus,global 0.25 degree,specific_humidity,specific_humidity,specific_humidity 500,500,168,D7,-12.074
nested_global_vs_aifs_regions,Nested-EAGLE-Global (AI),AIFS,conus,global 0.25 degree,specific_humidity,specific_humidity,specific_humidity 500,500,192,D8,-8.542
nested_global_vs_aifs_regions,Nested-EAGLE-Global (AI),AIFS,conus,global 0.25 degree,specific_humidity,specific_humidity,specific_humidity 500,500,216,D9,-8.844
nested_global_vs_aifs_regions,Nested-EAGLE-Global (AI),AIFS,conus,global 0.25 degree,specific_humidity,specific_humidity,specific_humidity 500,500,240,D10,-8.114
nested_global_vs_aifs_regions,Nested-EAGLE-Global (AI),AIFS,conus,global 0.25 degree,specific_humidity,specific_humidity,specific_humidity 850,850,24,D1,-9.256
nested_global_vs_aifs_regions,Nested-EAGLE-Global (AI),AIFS,conus,global 0.25 degree,specific_humidity,specific_humidity,specific_humidity 850,850,48,D2,-11.016
nested_global_vs_aifs_regions,Nested-EAGLE-Global (AI),AIFS,conus,global 0.25 degree,specific_humidity,specific_humidity,specific_humidity 850,850,72,D3,-11.039
nested_global_vs_aifs_regions,Nested-EAGLE-Global (AI),AIFS,conus,global 0.25 degree,specific_humidity,specific_humidity,specific_humidity 850,850,96,D4,-13.951
nested_global_vs_aifs_regions,Nested-EAGLE-Global (AI),AIFS,conus,global 0.25 degree,specific_humidity,specific_humidity,specific_humidity 850,850,120,D5,-15.965
nested_global_vs_aifs_regions,Nested-EAGLE-Global (AI),AIFS,conus,global 0.25 degree,specific_humidity,specific_humidity,specific_humidity 850,850,144,D6,-14.092
nested_global_vs_aifs_regions,Nested-EAGLE-Global (AI),AIFS,conus,global 0.25 degree,specific_humidity,specific_humidity,specific_humidity 850,850,168,D7,-12.011
nested_global_vs_aifs_regions,Nested-EAGLE-Global (AI),AIFS,conus,global 0.25 degree,specific_humidity,specific_humidity,specific_humidity 850,850,192,D8,-9.943
nested_global_vs_aifs_regions,Nested-EAGLE-Global (AI),AIFS,conus,global 0.25 degree,specific_humidity,specific_humidity,specific_humidity 850,850,216,D9,-9.113
nested_global_vs_aifs_regions,Nested-EAGLE-Global (AI),AIFS,conus,global 0.25 degree,specific_humidity,specific_humidity,specific_humidity 850,850,240,D10,-9.201
nested_global_vs_aifs_regions,Nested-EAGLE-Global (AI),AIFS,conus,global 0.25 degree,wind_speed,wind_speed,wind_speed 250,250,24,D1,-12.442
nested_global_vs_aifs_regions,Nested-EAGLE-Global (AI),AIFS,conus,global 0.25 degree,wind_speed,wind_speed,wind_speed 250,250,48,D2,-15.489
nested_global_vs_aifs_regions,Nested-EAGLE-Global (AI),AIFS,conus,global 0.25 degree,wind_speed,wind_speed,wind_speed 250,250,72,D3,-21.772
nested_global_vs_aifs_regions,Nested-EAGLE-Global (AI),AIFS,conus,global 0.25 degree,wind_speed,wind_speed,wind_speed 250,250,96,D4,-24.267
nested_global_vs_aifs_regions,Nested-EAGLE-Global (AI),AIFS,conus,global 0.25 degree,wind_speed,wind_speed,wind_speed 250,250,120,D5,-25.529
nested_global_vs_aifs_regions,Nested-EAGLE-Global (AI),AIFS,conus,global 0.25 degree,wind_speed,wind_speed,wind_speed 250,250,144,D6,-20.085
nested_global_vs_aifs_regions,Nested-EAGLE-Global (AI),AIFS,conus,global 0.25 degree,wind_speed,wind_speed,wind_speed 250,250,168,D7,-18.682
nested_global_vs_aifs_regions,Nested-EAGLE-Global (AI),AIFS,conus,global 0.25 degree,wind_speed,wind_speed,wind_speed 250,250,192,D8,-18.318
nested_global_vs_aifs_regions,Nested-EAGLE-Global (AI),AIFS,conus,global 0.25 degree,wind_speed,wind_speed,wind_speed 250,250,216,D9,-14.035
nested_global_vs_aifs_regions,Nested-EAGLE-Global (AI),AIFS,conus,global 0.25 degree,wind_speed,wind_speed,wind_speed 250,250,240,D10,-12.434
nested_global_vs_aifs_regions,Nested-EAGLE-Global (AI),AIFS,conus,global 0.25 degree,wind_speed,wind_speed,wind_speed 500,500,24,D1,-14.927
nested_global_vs_aifs_regions,Nested-EAGLE-Global (AI),AIFS,conus,global 0.25 degree,wind_speed,wind_speed,wind_speed 500,500,48,D2,-15.739
nested_global_vs_aifs_regions,Nested-EAGLE-Global (AI),AIFS,conus,global 0.25 degree,wind_speed,wind_speed,wind_speed 500,500,72,D3,-17.574
nested_global_vs_aifs_regions,Nested-EAGLE-Global (AI),AIFS,conus,global 0.25 degree,wind_speed,wind_speed,wind_speed 500,500,96,D4,-20.711
nested_global_vs_aifs_regions,Nested-EAGLE-Global (AI),AIFS,conus,global 0.25 degree,wind_speed,wind_speed,wind_speed 500,500,120,D5,-20.281
nested_global_vs_aifs_regions,Nested-EAGLE-Global (AI),AIFS,conus,global 0.25 degree,wind_speed,wind_speed,wind_speed 500,500,144,D6,-16.042
nested_global_vs_aifs_regions,Nested-EAGLE-Global (AI),AIFS,conus,global 0.25 degree,wind_speed,wind_speed,wind_speed 500,500,168,D7,-13.9
nested_global_vs_aifs_regions,Nested-EAGLE-Global (AI),AIFS,conus,global 0.25 degree,wind_speed,wind_speed,wind_speed 500,500,192,D8,-14.456
nested_global_vs_aifs_regions,Nested-EAGLE-Global (AI),AIFS,conus,global 0.25 degree,wind_speed,wind_speed,wind_speed 500,500,216,D9,-11.924
nested_global_vs_aifs_regions,Nested-EAGLE-Global (AI),AIFS,conus,global 0.25 degree,wind_speed,wind_speed,wind_speed 500,500,240,D10,-9.579
nested_global_vs_aifs_regions,Nested-EAGLE-Global (AI),AIFS,conus,global 0.25 degree,wind_speed,wind_speed,wind_speed 850,850,24,D1,-9.462
nested_global_vs_aifs_regions,Nested-EAGLE-Global (AI),AIFS,conus,global 0.25 degree,wind_speed,wind_speed,wind_speed 850,850,48,D2,-11.595
nested_global_vs_aifs_regions,Nested-EAGLE-Global (AI),AIFS,conus,global 0.25 degree,wind_speed,wind_speed,wind_speed 850,850,72,D3,-13.092
nested_global_vs_aifs_regions,Nested-EAGLE-Global (AI),AIFS,conus,global 0.25 degree,wind_speed,wind_speed,wind_speed 850,850,96,D4,-14.827
nested_global_vs_aifs_regions,Nested-EAGLE-Global (AI),AIFS,conus,global 0.25 degree,wind_speed,wind_speed,wind_speed 850,850,120,D5,-16.349
nested_global_vs_aifs_regions,Nested-EAGLE-Global (AI),AIFS,conus,global 0.25 degree,wind_speed,wind_speed,wind_speed 850,850,144,D6,-12.597
nested_global_vs_aifs_regions,Nested-EAGLE-Global (AI),AIFS,conus,global 0.25 degree,wind_speed,wind_speed,wind_speed 850,850,168,D7,-12.219
nested_global_vs_aifs_regions,Nested-EAGLE-Global (AI),AIFS,conus,global 0.25 degree,wind_speed,wind_speed,wind_speed 850,850,192,D8,-10.424
nested_global_vs_aifs_regions,Nested-EAGLE-Global (AI),AIFS,conus,global 0.25 degree,wind_speed,wind_speed,wind_speed 850,850,216,D9,-8.331
nested_global_vs_aifs_regions,Nested-EAGLE-Global (AI),AIFS,conus,global 0.25 degree,wind_speed,wind_speed,wind_speed 850,850,240,D10,-6.025
nested_global_vs_aifs_regions,Nested-EAGLE-Global (AI),AIFS,conus,global 0.25 degree,surface,10m_zonal_wind,10m_zonal_wind,,24,D1,3.968
nested_global_vs_aifs_regions,Nested-EAGLE-Global (AI),AIFS,conus,global 0.25 degree,surface,10m_zonal_wind,10m_zonal_wind,,48,D2,1.402
nested_global_vs_aifs_regions,Nested-EAGLE-Global (AI),AIFS,conus,global 0.25 degree,surface,10m_zonal_wind,10m_zonal_wind,,72,D3,-1.514
nested_global_vs_aifs_regions,Nested-EAGLE-Global (AI),AIFS,conus,global 0.25 degree,surface,10m_zonal_wind,10m_zonal_wind,,96,D4,-4.846
nested_global_vs_aifs_regions,Nested-EAGLE-Global (AI),AIFS,conus,global 0.25 degree,surface,10m_zonal_wind,10m_zonal_wind,,120,D5,-8.095
nested_global_vs_aifs_regions,Nested-EAGLE-Global (AI),AIFS,conus,global 0.25 degree,surface,10m_zonal_wind,10m_zonal_wind,,144,D6,-8.252
nested_global_vs_aifs_regions,Nested-EAGLE-Global (AI),AIFS,conus,global 0.25 degree,surface,10m_zonal_wind,10m_zonal_wind,,168,D7,-7.271
nested_global_vs_aifs_regions,Nested-EAGLE-Global (AI),AIFS,conus,global 0.25 degree,surface,10m_zonal_wind,10m_zonal_wind,,192,D8,-8.027
nested_global_vs_aifs_regions,Nested-EAGLE-Global (AI),AIFS,conus,global 0.25 degree,surface,10m_zonal_wind,10m_zonal_wind,,216,D9,-9.138
nested_global_vs_aifs_regions,Nested-EAGLE-Global (AI),AIFS,conus,global 0.25 degree,surface,10m_zonal_wind,10m_zonal_wind,,240,D10,-7.062
nested_global_vs_aifs_regions,Nested-EAGLE-Global (AI),AIFS,conus,global 0.25 degree,surface,10m_meridional_wind,10m_meridional_wind,,24,D1,4.043
nested_global_vs_aifs_regions,Nested-EAGLE-Global (AI),AIFS,conus,global 0.25 degree,surface,10m_meridional_wind,10m_meridional_wind,,48,D2,1.041
nested_global_vs_aifs_regions,Nested-EAGLE-Global (AI),AIFS,conus,global 0.25 degree,surface,10m_meridional_wind,10m_meridional_wind,,72,D3,-2.66
nested_global_vs_aifs_regions,Nested-EAGLE-Global (AI),AIFS,conus,global 0.25 degree,surface,10m_meridional_wind,10m_meridional_wind,,96,D4,-5.952
nested_global_vs_aifs_regions,Nested-EAGLE-Global (AI),AIFS,conus,global 0.25 degree,surface,10m_meridional_wind,10m_meridional_wind,,120,D5,-9.429
nested_global_vs_aifs_regions,Nested-EAGLE-Global (AI),AIFS,conus,global 0.25 degree,surface,10m_meridional_wind,10m_meridional_wind,,144,D6,-10.025
nested_global_vs_aifs_regions,Nested-EAGLE-Global (AI),AIFS,conus,global 0.25 degree,surface,10m_meridional_wind,10m_meridional_wind,,168,D7,-7.935
nested_global_vs_aifs_regions,Nested-EAGLE-Global (AI),AIFS,conus,global 0.25 degree,surface,10m_meridional_wind,10m_meridional_wind,,192,D8,-7.596
nested_global_vs_aifs_regions,Nested-EAGLE-Global (AI),AIFS,conus,global 0.25 degree,surface,10m_meridional_wind,10m_meridional_wind,,216,D9,-6.9
nested_global_vs_aifs_regions,Nested-EAGLE-Global (AI),AIFS,conus,global 0.25 degree,surface,10m_meridional_wind,10m_meridional_wind,,240,D10,-5.202
nested_global_vs_aifs_regions,Nested-EAGLE-Global (AI),AIFS,conus,global 0.25 degree,surface,2m_temperature,2m_temperature,,24,D1,1.25
nested_global_vs_aifs_regions,Nested-EAGLE-Global (AI),AIFS,conus,global 0.25 degree,surface,2m_temperature,2m_temperature,,48,D2,-2.313
nested_global_vs_aifs_regions,Nested-EAGLE-Global (AI),AIFS,conus,global 0.25 degree,surface,2m_temperature,2m_temperature,,72,D3,-5.685
nested_global_vs_aifs_regions,Nested-EAGLE-Global (AI),AIFS,conus,global 0.25 degree,surface,2m_temperature,2m_temperature,,96,D4,-9.206
nested_global_vs_aifs_regions,Nested-EAGLE-Global (AI),AIFS,conus,global 0.25 degree,surface,2m_temperature,2m_temperature,,120,D5,-12.999
nested_global_vs_aifs_regions,Nested-EAGLE-Global (AI),AIFS,conus,global 0.25 degree,surface,2m_temperature,2m_temperature,,144,D6,-14.664
nested_global_vs_aifs_regions,Nested-EAGLE-Global (AI),AIFS,conus,global 0.25 degree,surface,2m_temperature,2m_temperature,,168,D7,-13.43
nested_global_vs_aifs_regions,Nested-EAGLE-Global (AI),AIFS,conus,global 0.25 degree,surface,2m_temperature,2m_temperature,,192,D8,-11.997
nested_global_vs_aifs_regions,Nested-EAGLE-Global (AI),AIFS,conus,global 0.25 degree,surface,2m_temperature,2m_temperature,,216,D9,-9.562
nested_global_vs_aifs_regions,Nested-EAGLE-Global (AI),AIFS,conus,global 0.25 degree,surface,2m_temperature,2m_temperature,,240,D10,-9.517
nested_global_vs_aifs_regions,Nested-EAGLE-Global (AI),AIFS,conus,global 0.25 degree,surface,10m_wind_speed,10m_wind_speed,,24,D1,10.721
nested_global_vs_aifs_regions,Nested-EAGLE-Global (AI),AIFS,conus,global 0.25 degree,surface,10m_wind_speed,10m_wind_speed,,48,D2,9.035
nested_global_vs_aifs_regions,Nested-EAGLE-Global (AI),AIFS,conus,global 0.25 degree,surface,10m_wind_speed,10m_wind_speed,,72,D3,7.043
nested_global_vs_aifs_regions,Nested-EAGLE-Global (AI),AIFS,conus,global 0.25 degree,surface,10m_wind_speed,10m_wind_speed,,96,D4,4.587
nested_global_vs_aifs_regions,Nested-EAGLE-Global (AI),AIFS,conus,global 0.25 degree,surface,10m_wind_speed,10m_wind_speed,,120,D5,2.375
nested_global_vs_aifs_regions,Nested-EAGLE-Global (AI),AIFS,conus,global 0.25 degree,surface,10m_wind_speed,10m_wind_speed,,144,D6,1.427
nested_global_vs_aifs_regions,Nested-EAGLE-Global (AI),AIFS,conus,global 0.25 degree,surface,10m_wind_speed,10m_wind_speed,,168,D7,0.335
nested_global_vs_aifs_regions,Nested-EAGLE-Global (AI),AIFS,conus,global 0.25 degree,surface,10m_wind_speed,10m_wind_speed,,192,D8,-0.836
nested_global_vs_aifs_regions,Nested-EAGLE-Global (AI),AIFS,conus,global 0.25 degree,surface,10m_wind_speed,10m_wind_speed,,216,D9,-0.385
nested_global_vs_aifs_regions,Nested-EAGLE-Global (AI),AIFS,conus,global 0.25 degree,surface,10m_wind_speed,10m_wind_speed,,240,D10,0.324
nested_lam_vs_hrrr_conus_6km,Nested-EAGLE-LAM (AI-HR),HRRR,conus,CONUS 6 km,geopotential_height,geopotential_height,geopotential_height 250,250,0,0h,0.0
nested_lam_vs_hrrr_conus_6km,Nested-EAGLE-LAM (AI-HR),HRRR,conus,CONUS 6 km,geopotential_height,geopotential_height,geopotential_height 250,250,6,6h,7.538
nested_lam_vs_hrrr_conus_6km,Nested-EAGLE-LAM (AI-HR),HRRR,conus,CONUS 6 km,geopotential_height,geopotential_height,geopotential_height 250,250,12,12h,24.852
nested_lam_vs_hrrr_conus_6km,Nested-EAGLE-LAM (AI-HR),HRRR,conus,CONUS 6 km,geopotential_height,geopotential_height,geopotential_height 250,250,18,18h,15.997
nested_lam_vs_hrrr_conus_6km,Nested-EAGLE-LAM (AI-HR),HRRR,conus,CONUS 6 km,geopotential_height,geopotential_height,geopotential_height 250,250,24,24h,27.12
nested_lam_vs_hrrr_conus_6km,Nested-EAGLE-LAM (AI-HR),HRRR,conus,CONUS 6 km,geopotential_height,geopotential_height,geopotential_height 250,250,30,30h,19.458
nested_lam_vs_hrrr_conus_6km,Nested-EAGLE-LAM (AI-HR),HRRR,conus,CONUS 6 km,geopotential_height,geopotential_height,geopotential_height 250,250,36,36h,32.145
nested_lam_vs_hrrr_conus_6km,Nested-EAGLE-LAM (AI-HR),HRRR,conus,CONUS 6 km,geopotential_height,geopotential_height,geopotential_height 250,250,42,42h,23.855
nested_lam_vs_hrrr_conus_6km,Nested-EAGLE-LAM (AI-HR),HRRR,conus,CONUS 6 km,geopotential_height,geopotential_height,geopotential_height 250,250,48,48h,36.599
nested_lam_vs_hrrr_conus_6km,Nested-EAGLE-LAM (AI-HR),HRRR,conus,CONUS 6 km,geopotential_height,geopotential_height,geopotential_height 500,500,0,0h,0.0
nested_lam_vs_hrrr_conus_6km,Nested-EAGLE-LAM (AI-HR),HRRR,conus,CONUS 6 km,geopotential_height,geopotential_height,geopotential_height 500,500,6,6h,2.172
nested_lam_vs_hrrr_conus_6km,Nested-EAGLE-LAM (AI-HR),HRRR,conus,CONUS 6 km,geopotential_height,geopotential_height,geopotential_height 500,500,12,12h,10.641
nested_lam_vs_hrrr_conus_6km,Nested-EAGLE-LAM (AI-HR),HRRR,conus,CONUS 6 km,geopotential_height,geopotential_height,geopotential_height 500,500,18,18h,-0.348
nested_lam_vs_hrrr_conus_6km,Nested-EAGLE-LAM (AI-HR),HRRR,conus,CONUS 6 km,geopotential_height,geopotential_height,geopotential_height 500,500,24,24h,13.703
nested_lam_vs_hrrr_conus_6km,Nested-EAGLE-LAM (AI-HR),HRRR,conus,CONUS 6 km,geopotential_height,geopotential_height,geopotential_height 500,500,30,30h,16.069
nested_lam_vs_hrrr_conus_6km,Nested-EAGLE-LAM (AI-HR),HRRR,conus,CONUS 6 km,geopotential_height,geopotential_height,geopotential_height 500,500,36,36h,18.999
nested_lam_vs_hrrr_conus_6km,Nested-EAGLE-LAM (AI-HR),HRRR,conus,CONUS 6 km,geopotential_height,geopotential_height,geopotential_height 500,500,42,42h,12.382
nested_lam_vs_hrrr_conus_6km,Nested-EAGLE-LAM (AI-HR),HRRR,conus,CONUS 6 km,geopotential_height,geopotential_height,geopotential_height 500,500,48,48h,24.945
nested_lam_vs_hrrr_conus_6km,Nested-EAGLE-LAM (AI-HR),HRRR,conus,CONUS 6 km,geopotential_height,geopotential_height,geopotential_height 850,850,0,0h,-0.0
nested_lam_vs_hrrr_conus_6km,Nested-EAGLE-LAM (AI-HR),HRRR,conus,CONUS 6 km,geopotential_height,geopotential_height,geopotential_height 850,850,6,6h,16.953
nested_lam_vs_hrrr_conus_6km,Nested-EAGLE-LAM (AI-HR),HRRR,conus,CONUS 6 km,geopotential_height,geopotential_height,geopotential_height 850,850,12,12h,11.244
nested_lam_vs_hrrr_conus_6km,Nested-EAGLE-LAM (AI-HR),HRRR,conus,CONUS 6 km,geopotential_height,geopotential_height,geopotential_height 850,850,18,18h,2.1
nested_lam_vs_hrrr_conus_6km,Nested-EAGLE-LAM (AI-HR),HRRR,conus,CONUS 6 km,geopotential_height,geopotential_height,geopotential_height 850,850,24,24h,15.937
nested_lam_vs_hrrr_conus_6km,Nested-EAGLE-LAM (AI-HR),HRRR,conus,CONUS 6 km,geopotential_height,geopotential_height,geopotential_height 850,850,30,30h,13.176
nested_lam_vs_hrrr_conus_6km,Nested-EAGLE-LAM (AI-HR),HRRR,conus,CONUS 6 km,geopotential_height,geopotential_height,geopotential_height 850,850,36,36h,22.043
nested_lam_vs_hrrr_conus_6km,Nested-EAGLE-LAM (AI-HR),HRRR,conus,CONUS 6 km,geopotential_height,geopotential_height,geopotential_height 850,850,42,42h,11.972
nested_lam_vs_hrrr_conus_6km,Nested-EAGLE-LAM (AI-HR),HRRR,conus,CONUS 6 km,geopotential_height,geopotential_height,geopotential_height 850,850,48,48h,21.676
nested_lam_vs_hrrr_conus_6km,Nested-EAGLE-LAM (AI-HR),HRRR,conus,CONUS 6 km,zonal_wind,zonal_wind,zonal_wind 250,250,0,0h,-0.0
nested_lam_vs_hrrr_conus_6km,Nested-EAGLE-LAM (AI-HR),HRRR,conus,CONUS 6 km,zonal_wind,zonal_wind,zonal_wind 250,250,6,6h,-12.653
nested_lam_vs_hrrr_conus_6km,Nested-EAGLE-LAM (AI-HR),HRRR,conus,CONUS 6 km,zonal_wind,zonal_wind,zonal_wind 250,250,12,12h,9.682
nested_lam_vs_hrrr_conus_6km,Nested-EAGLE-LAM (AI-HR),HRRR,conus,CONUS 6 km,zonal_wind,zonal_wind,zonal_wind 250,250,18,18h,9.456
nested_lam_vs_hrrr_conus_6km,Nested-EAGLE-LAM (AI-HR),HRRR,conus,CONUS 6 km,zonal_wind,zonal_wind,zonal_wind 250,250,24,24h,13.377
nested_lam_vs_hrrr_conus_6km,Nested-EAGLE-LAM (AI-HR),HRRR,conus,CONUS 6 km,zonal_wind,zonal_wind,zonal_wind 250,250,30,30h,15.916
nested_lam_vs_hrrr_conus_6km,Nested-EAGLE-LAM (AI-HR),HRRR,conus,CONUS 6 km,zonal_wind,zonal_wind,zonal_wind 250,250,36,36h,17.789
nested_lam_vs_hrrr_conus_6km,Nested-EAGLE-LAM (AI-HR),HRRR,conus,CONUS 6 km,zonal_wind,zonal_wind,zonal_wind 250,250,42,42h,22.761
nested_lam_vs_hrrr_conus_6km,Nested-EAGLE-LAM (AI-HR),HRRR,conus,CONUS 6 km,zonal_wind,zonal_wind,zonal_wind 250,250,48,48h,20.94
nested_lam_vs_hrrr_conus_6km,Nested-EAGLE-LAM (AI-HR),HRRR,conus,CONUS 6 km,zonal_wind,zonal_wind,zonal_wind 500,500,0,0h,0.0
nested_lam_vs_hrrr_conus_6km,Nested-EAGLE-LAM (AI-HR),HRRR,conus,CONUS 6 km,zonal_wind,zonal_wind,zonal_wind 500,500,6,6h,-4.652
nested_lam_vs_hrrr_conus_6km,Nested-EAGLE-LAM (AI-HR),HRRR,conus,CONUS 6 km,zonal_wind,zonal_wind,zonal_wind 500,500,12,12h,3.781
nested_lam_vs_hrrr_conus_6km,Nested-EAGLE-LAM (AI-HR),HRRR,conus,CONUS 6 km,zonal_wind,zonal_wind,zonal_wind 500,500,18,18h,4.385
nested_lam_vs_hrrr_conus_6km,Nested-EAGLE-LAM (AI-HR),HRRR,conus,CONUS 6 km,zonal_wind,zonal_wind,zonal_wind 500,500,24,24h,8.865
nested_lam_vs_hrrr_conus_6km,Nested-EAGLE-LAM (AI-HR),HRRR,conus,CONUS 6 km,zonal_wind,zonal_wind,zonal_wind 500,500,30,30h,14.102
nested_lam_vs_hrrr_conus_6km,Nested-EAGLE-LAM (AI-HR),HRRR,conus,CONUS 6 km,zonal_wind,zonal_wind,zonal_wind 500,500,36,36h,14.586
nested_lam_vs_hrrr_conus_6km,Nested-EAGLE-LAM (AI-HR),HRRR,conus,CONUS 6 km,zonal_wind,zonal_wind,zonal_wind 500,500,42,42h,10.291
nested_lam_vs_hrrr_conus_6km,Nested-EAGLE-LAM (AI-HR),HRRR,conus,CONUS 6 km,zonal_wind,zonal_wind,zonal_wind 500,500,48,48h,16.945
nested_lam_vs_hrrr_conus_6km,Nested-EAGLE-LAM (AI-HR),HRRR,conus,CONUS 6 km,zonal_wind,zonal_wind,zonal_wind 850,850,0,0h,0.0
nested_lam_vs_hrrr_conus_6km,Nested-EAGLE-LAM (AI-HR),HRRR,conus,CONUS 6 km,zonal_wind,zonal_wind,zonal_wind 850,850,6,6h,-2.36
nested_lam_vs_hrrr_conus_6km,Nested-EAGLE-LAM (AI-HR),HRRR,conus,CONUS 6 km,zonal_wind,zonal_wind,zonal_wind 850,850,12,12h,3.872
nested_lam_vs_hrrr_conus_6km,Nested-EAGLE-LAM (AI-HR),HRRR,conus,CONUS 6 km,zonal_wind,zonal_wind,zonal_wind 850,850,18,18h,5.322
nested_lam_vs_hrrr_conus_6km,Nested-EAGLE-LAM (AI-HR),HRRR,conus,CONUS 6 km,zonal_wind,zonal_wind,zonal_wind 850,850,24,24h,12.374
nested_lam_vs_hrrr_conus_6km,Nested-EAGLE-LAM (AI-HR),HRRR,conus,CONUS 6 km,zonal_wind,zonal_wind,zonal_wind 850,850,30,30h,9.477
nested_lam_vs_hrrr_conus_6km,Nested-EAGLE-LAM (AI-HR),HRRR,conus,CONUS 6 km,zonal_wind,zonal_wind,zonal_wind 850,850,36,36h,13.331
nested_lam_vs_hrrr_conus_6km,Nested-EAGLE-LAM (AI-HR),HRRR,conus,CONUS 6 km,zonal_wind,zonal_wind,zonal_wind 850,850,42,42h,16.571
nested_lam_vs_hrrr_conus_6km,Nested-EAGLE-LAM (AI-HR),HRRR,conus,CONUS 6 km,zonal_wind,zonal_wind,zonal_wind 850,850,48,48h,18.445
nested_lam_vs_hrrr_conus_6km,Nested-EAGLE-LAM (AI-HR),HRRR,conus,CONUS 6 km,meridional_wind,meridional_wind,meridional_wind 250,250,0,0h,0.0
nested_lam_vs_hrrr_conus_6km,Nested-EAGLE-LAM (AI-HR),HRRR,conus,CONUS 6 km,meridional_wind,meridional_wind,meridional_wind 250,250,6,6h,-3.554
nested_lam_vs_hrrr_conus_6km,Nested-EAGLE-LAM (AI-HR),HRRR,conus,CONUS 6 km,meridional_wind,meridional_wind,meridional_wind 250,250,12,12h,8.981
nested_lam_vs_hrrr_conus_6km,Nested-EAGLE-LAM (AI-HR),HRRR,conus,CONUS 6 km,meridional_wind,meridional_wind,meridional_wind 250,250,18,18h,7.006
nested_lam_vs_hrrr_conus_6km,Nested-EAGLE-LAM (AI-HR),HRRR,conus,CONUS 6 km,meridional_wind,meridional_wind,meridional_wind 250,250,24,24h,15.104
nested_lam_vs_hrrr_conus_6km,Nested-EAGLE-LAM (AI-HR),HRRR,conus,CONUS 6 km,meridional_wind,meridional_wind,meridional_wind 250,250,30,30h,21.553
nested_lam_vs_hrrr_conus_6km,Nested-EAGLE-LAM (AI-HR),HRRR,conus,CONUS 6 km,meridional_wind,meridional_wind,meridional_wind 250,250,36,36h,18.421
nested_lam_vs_hrrr_conus_6km,Nested-EAGLE-LAM (AI-HR),HRRR,conus,CONUS 6 km,meridional_wind,meridional_wind,meridional_wind 250,250,42,42h,17.087
nested_lam_vs_hrrr_conus_6km,Nested-EAGLE-LAM (AI-HR),HRRR,conus,CONUS 6 km,meridional_wind,meridional_wind,meridional_wind 250,250,48,48h,21.078
nested_lam_vs_hrrr_conus_6km,Nested-EAGLE-LAM (AI-HR),HRRR,conus,CONUS 6 km,meridional_wind,meridional_wind,meridional_wind 500,500,0,0h,-0.0
nested_lam_vs_hrrr_conus_6km,Nested-EAGLE-LAM (AI-HR),HRRR,conus,CONUS 6 km,meridional_wind,meridional_wind,meridional_wind 500,500,6,6h,-1.838
nested_lam_vs_hrrr_conus_6km,Nested-EAGLE-LAM (AI-HR),HRRR,conus,CONUS 6 km,meridional_wind,meridional_wind,meridional_wind 500,500,12,12h,4.547
nested_lam_vs_hrrr_conus_6km,Nested-EAGLE-LAM (AI-HR),HRRR,conus,CONUS 6 km,meridional_wind,meridional_wind,meridional_wind 500,500,18,18h,2.649
nested_lam_vs_hrrr_conus_6km,Nested-EAGLE-LAM (AI-HR),HRRR,conus,CONUS 6 km,meridional_wind,meridional_wind,meridional_wind 500,500,24,24h,11.085
nested_lam_vs_hrrr_conus_6km,Nested-EAGLE-LAM (AI-HR),HRRR,conus,CONUS 6 km,meridional_wind,meridional_wind,meridional_wind 500,500,30,30h,9.553
nested_lam_vs_hrrr_conus_6km,Nested-EAGLE-LAM (AI-HR),HRRR,conus,CONUS 6 km,meridional_wind,meridional_wind,meridional_wind 500,500,36,36h,14.273
nested_lam_vs_hrrr_conus_6km,Nested-EAGLE-LAM (AI-HR),HRRR,conus,CONUS 6 km,meridional_wind,meridional_wind,meridional_wind 500,500,42,42h,9.04
nested_lam_vs_hrrr_conus_6km,Nested-EAGLE-LAM (AI-HR),HRRR,conus,CONUS 6 km,meridional_wind,meridional_wind,meridional_wind 500,500,48,48h,17.786
nested_lam_vs_hrrr_conus_6km,Nested-EAGLE-LAM (AI-HR),HRRR,conus,CONUS 6 km,meridional_wind,meridional_wind,meridional_wind 850,850,0,0h,-0.0
nested_lam_vs_hrrr_conus_6km,Nested-EAGLE-LAM (AI-HR),HRRR,conus,CONUS 6 km,meridional_wind,meridional_wind,meridional_wind 850,850,6,6h,6.582
nested_lam_vs_hrrr_conus_6km,Nested-EAGLE-LAM (AI-HR),HRRR,conus,CONUS 6 km,meridional_wind,meridional_wind,meridional_wind 850,850,12,12h,4.924
nested_lam_vs_hrrr_conus_6km,Nested-EAGLE-LAM (AI-HR),HRRR,conus,CONUS 6 km,meridional_wind,meridional_wind,meridional_wind 850,850,18,18h,8.483
nested_lam_vs_hrrr_conus_6km,Nested-EAGLE-LAM (AI-HR),HRRR,conus,CONUS 6 km,meridional_wind,meridional_wind,meridional_wind 850,850,24,24h,13.099
nested_lam_vs_hrrr_conus_6km,Nested-EAGLE-LAM (AI-HR),HRRR,conus,CONUS 6 km,meridional_wind,meridional_wind,meridional_wind 850,850,30,30h,11.299
nested_lam_vs_hrrr_conus_6km,Nested-EAGLE-LAM (AI-HR),HRRR,conus,CONUS 6 km,meridional_wind,meridional_wind,meridional_wind 850,850,36,36h,14.124
nested_lam_vs_hrrr_conus_6km,Nested-EAGLE-LAM (AI-HR),HRRR,conus,CONUS 6 km,meridional_wind,meridional_wind,meridional_wind 850,850,42,42h,8.46
nested_lam_vs_hrrr_conus_6km,Nested-EAGLE-LAM (AI-HR),HRRR,conus,CONUS 6 km,meridional_wind,meridional_wind,meridional_wind 850,850,48,48h,18.906
nested_lam_vs_hrrr_conus_6km,Nested-EAGLE-LAM (AI-HR),HRRR,conus,CONUS 6 km,temperature,temperature,temperature 250,250,0,0h,-0.0
nested_lam_vs_hrrr_conus_6km,Nested-EAGLE-LAM (AI-HR),HRRR,conus,CONUS 6 km,temperature,temperature,temperature 250,250,6,6h,16.359
nested_lam_vs_hrrr_conus_6km,Nested-EAGLE-LAM (AI-HR),HRRR,conus,CONUS 6 km,temperature,temperature,temperature 250,250,12,12h,10.849
nested_lam_vs_hrrr_conus_6km,Nested-EAGLE-LAM (AI-HR),HRRR,conus,CONUS 6 km,temperature,temperature,temperature 250,250,18,18h,20.004
nested_lam_vs_hrrr_conus_6km,Nested-EAGLE-LAM (AI-HR),HRRR,conus,CONUS 6 km,temperature,temperature,temperature 250,250,24,24h,19.39
nested_lam_vs_hrrr_conus_6km,Nested-EAGLE-LAM (AI-HR),HRRR,conus,CONUS 6 km,temperature,temperature,temperature 250,250,30,30h,25.642
nested_lam_vs_hrrr_conus_6km,Nested-EAGLE-LAM (AI-HR),HRRR,conus,CONUS 6 km,temperature,temperature,temperature 250,250,36,36h,24.992
nested_lam_vs_hrrr_conus_6km,Nested-EAGLE-LAM (AI-HR),HRRR,conus,CONUS 6 km,temperature,temperature,temperature 250,250,42,42h,31.792
nested_lam_vs_hrrr_conus_6km,Nested-EAGLE-LAM (AI-HR),HRRR,conus,CONUS 6 km,temperature,temperature,temperature 250,250,48,48h,29.351
nested_lam_vs_hrrr_conus_6km,Nested-EAGLE-LAM (AI-HR),HRRR,conus,CONUS 6 km,temperature,temperature,temperature 500,500,0,0h,-0.0
nested_lam_vs_hrrr_conus_6km,Nested-EAGLE-LAM (AI-HR),HRRR,conus,CONUS 6 km,temperature,temperature,temperature 500,500,6,6h,10.428
nested_lam_vs_hrrr_conus_6km,Nested-EAGLE-LAM (AI-HR),HRRR,conus,CONUS 6 km,temperature,temperature,temperature 500,500,12,12h,15.413
nested_lam_vs_hrrr_conus_6km,Nested-EAGLE-LAM (AI-HR),HRRR,conus,CONUS 6 km,temperature,temperature,temperature 500,500,18,18h,9.563
nested_lam_vs_hrrr_conus_6km,Nested-EAGLE-LAM (AI-HR),HRRR,conus,CONUS 6 km,temperature,temperature,temperature 500,500,24,24h,17.61
nested_lam_vs_hrrr_conus_6km,Nested-EAGLE-LAM (AI-HR),HRRR,conus,CONUS 6 km,temperature,temperature,temperature 500,500,30,30h,22.393
nested_lam_vs_hrrr_conus_6km,Nested-EAGLE-LAM (AI-HR),HRRR,conus,CONUS 6 km,temperature,temperature,temperature 500,500,36,36h,21.628
nested_lam_vs_hrrr_conus_6km,Nested-EAGLE-LAM (AI-HR),HRRR,conus,CONUS 6 km,temperature,temperature,temperature 500,500,42,42h,13.569
nested_lam_vs_hrrr_conus_6km,Nested-EAGLE-LAM (AI-HR),HRRR,conus,CONUS 6 km,temperature,temperature,temperature 500,500,48,48h,23.065
nested_lam_vs_hrrr_conus_6km,Nested-EAGLE-LAM (AI-HR),HRRR,conus,CONUS 6 km,temperature,temperature,temperature 850,850,0,0h,-0.0
nested_lam_vs_hrrr_conus_6km,Nested-EAGLE-LAM (AI-HR),HRRR,conus,CONUS 6 km,temperature,temperature,temperature 850,850,6,6h,8.93
nested_lam_vs_hrrr_conus_6km,Nested-EAGLE-LAM (AI-HR),HRRR,conus,CONUS 6 km,temperature,temperature,temperature 850,850,12,12h,2.06
nested_lam_vs_hrrr_conus_6km,Nested-EAGLE-LAM (AI-HR),HRRR,conus,CONUS 6 km,temperature,temperature,temperature 850,850,18,18h,14.964
nested_lam_vs_hrrr_conus_6km,Nested-EAGLE-LAM (AI-HR),HRRR,conus,CONUS 6 km,temperature,temperature,temperature 850,850,24,24h,16.614
nested_lam_vs_hrrr_conus_6km,Nested-EAGLE-LAM (AI-HR),HRRR,conus,CONUS 6 km,temperature,temperature,temperature 850,850,30,30h,23.663
nested_lam_vs_hrrr_conus_6km,Nested-EAGLE-LAM (AI-HR),HRRR,conus,CONUS 6 km,temperature,temperature,temperature 850,850,36,36h,17.777
nested_lam_vs_hrrr_conus_6km,Nested-EAGLE-LAM (AI-HR),HRRR,conus,CONUS 6 km,temperature,temperature,temperature 850,850,42,42h,15.393
nested_lam_vs_hrrr_conus_6km,Nested-EAGLE-LAM (AI-HR),HRRR,conus,CONUS 6 km,temperature,temperature,temperature 850,850,48,48h,25.75
nested_lam_vs_hrrr_conus_6km,Nested-EAGLE-LAM (AI-HR),HRRR,conus,CONUS 6 km,specific_humidity,specific_humidity,specific_humidity 250,250,0,0h,-0.0
nested_lam_vs_hrrr_conus_6km,Nested-EAGLE-LAM (AI-HR),HRRR,conus,CONUS 6 km,specific_humidity,specific_humidity,specific_humidity 250,250,6,6h,13.248
nested_lam_vs_hrrr_conus_6km,Nested-EAGLE-LAM (AI-HR),HRRR,conus,CONUS 6 km,specific_humidity,specific_humidity,specific_humidity 250,250,12,12h,13.18
nested_lam_vs_hrrr_conus_6km,Nested-EAGLE-LAM (AI-HR),HRRR,conus,CONUS 6 km,specific_humidity,specific_humidity,specific_humidity 250,250,18,18h,13.165
nested_lam_vs_hrrr_conus_6km,Nested-EAGLE-LAM (AI-HR),HRRR,conus,CONUS 6 km,specific_humidity,specific_humidity,specific_humidity 250,250,24,24h,17.791
nested_lam_vs_hrrr_conus_6km,Nested-EAGLE-LAM (AI-HR),HRRR,conus,CONUS 6 km,specific_humidity,specific_humidity,specific_humidity 250,250,30,30h,16.143
nested_lam_vs_hrrr_conus_6km,Nested-EAGLE-LAM (AI-HR),HRRR,conus,CONUS 6 km,specific_humidity,specific_humidity,specific_humidity 250,250,36,36h,19.711
nested_lam_vs_hrrr_conus_6km,Nested-EAGLE-LAM (AI-HR),HRRR,conus,CONUS 6 km,specific_humidity,specific_humidity,specific_humidity 250,250,42,42h,11.324
nested_lam_vs_hrrr_conus_6km,Nested-EAGLE-LAM (AI-HR),HRRR,conus,CONUS 6 km,specific_humidity,specific_humidity,specific_humidity 250,250,48,48h,20.518
nested_lam_vs_hrrr_conus_6km,Nested-EAGLE-LAM (AI-HR),HRRR,conus,CONUS 6 km,specific_humidity,specific_humidity,specific_humidity 500,500,0,0h,0.0
nested_lam_vs_hrrr_conus_6km,Nested-EAGLE-LAM (AI-HR),HRRR,conus,CONUS 6 km,specific_humidity,specific_humidity,specific_humidity 500,500,6,6h,-2.995
nested_lam_vs_hrrr_conus_6km,Nested-EAGLE-LAM (AI-HR),HRRR,conus,CONUS 6 km,specific_humidity,specific_humidity,specific_humidity 500,500,12,12h,4.376
nested_lam_vs_hrrr_conus_6km,Nested-EAGLE-LAM (AI-HR),HRRR,conus,CONUS 6 km,specific_humidity,specific_humidity,specific_humidity 500,500,18,18h,3.355
nested_lam_vs_hrrr_conus_6km,Nested-EAGLE-LAM (AI-HR),HRRR,conus,CONUS 6 km,specific_humidity,specific_humidity,specific_humidity 500,500,24,24h,10.667
nested_lam_vs_hrrr_conus_6km,Nested-EAGLE-LAM (AI-HR),HRRR,conus,CONUS 6 km,specific_humidity,specific_humidity,specific_humidity 500,500,30,30h,1.618
nested_lam_vs_hrrr_conus_6km,Nested-EAGLE-LAM (AI-HR),HRRR,conus,CONUS 6 km,specific_humidity,specific_humidity,specific_humidity 500,500,36,36h,12.989
nested_lam_vs_hrrr_conus_6km,Nested-EAGLE-LAM (AI-HR),HRRR,conus,CONUS 6 km,specific_humidity,specific_humidity,specific_humidity 500,500,42,42h,8.376
nested_lam_vs_hrrr_conus_6km,Nested-EAGLE-LAM (AI-HR),HRRR,conus,CONUS 6 km,specific_humidity,specific_humidity,specific_humidity 500,500,48,48h,14.972
nested_lam_vs_hrrr_conus_6km,Nested-EAGLE-LAM (AI-HR),HRRR,conus,CONUS 6 km,specific_humidity,specific_humidity,specific_humidity 850,850,0,0h,-0.0
nested_lam_vs_hrrr_conus_6km,Nested-EAGLE-LAM (AI-HR),HRRR,conus,CONUS 6 km,specific_humidity,specific_humidity,specific_humidity 850,850,6,6h,-9.271
nested_lam_vs_hrrr_conus_6km,Nested-EAGLE-LAM (AI-HR),HRRR,conus,CONUS 6 km,specific_humidity,specific_humidity,specific_humidity 850,850,12,12h,1.919
nested_lam_vs_hrrr_conus_6km,Nested-EAGLE-LAM (AI-HR),HRRR,conus,CONUS 6 km,specific_humidity,specific_humidity,specific_humidity 850,850,18,18h,5.427
nested_lam_vs_hrrr_conus_6km,Nested-EAGLE-LAM (AI-HR),HRRR,conus,CONUS 6 km,specific_humidity,specific_humidity,specific_humidity 850,850,24,24h,11.204
nested_lam_vs_hrrr_conus_6km,Nested-EAGLE-LAM (AI-HR),HRRR,conus,CONUS 6 km,specific_humidity,specific_humidity,specific_humidity 850,850,30,30h,1.43
nested_lam_vs_hrrr_conus_6km,Nested-EAGLE-LAM (AI-HR),HRRR,conus,CONUS 6 km,specific_humidity,specific_humidity,specific_humidity 850,850,36,36h,9.812
nested_lam_vs_hrrr_conus_6km,Nested-EAGLE-LAM (AI-HR),HRRR,conus,CONUS 6 km,specific_humidity,specific_humidity,specific_humidity 850,850,42,42h,9.897
nested_lam_vs_hrrr_conus_6km,Nested-EAGLE-LAM (AI-HR),HRRR,conus,CONUS 6 km,specific_humidity,specific_humidity,specific_humidity 850,850,48,48h,15.148
nested_lam_vs_hrrr_conus_6km,Nested-EAGLE-LAM (AI-HR),HRRR,conus,CONUS 6 km,wind_speed,wind_speed,wind_speed 250,250,0,0h,0.0
nested_lam_vs_hrrr_conus_6km,Nested-EAGLE-LAM (AI-HR),HRRR,conus,CONUS 6 km,wind_speed,wind_speed,wind_speed 250,250,6,6h,-12.145
nested_lam_vs_hrrr_conus_6km,Nested-EAGLE-LAM (AI-HR),HRRR,conus,CONUS 6 km,wind_speed,wind_speed,wind_speed 250,250,12,12h,9.473
nested_lam_vs_hrrr_conus_6km,Nested-EAGLE-LAM (AI-HR),HRRR,conus,CONUS 6 km,wind_speed,wind_speed,wind_speed 250,250,18,18h,5.452
nested_lam_vs_hrrr_conus_6km,Nested-EAGLE-LAM (AI-HR),HRRR,conus,CONUS 6 km,wind_speed,wind_speed,wind_speed 250,250,24,24h,14.589
nested_lam_vs_hrrr_conus_6km,Nested-EAGLE-LAM (AI-HR),HRRR,conus,CONUS 6 km,wind_speed,wind_speed,wind_speed 250,250,30,30h,19.744
nested_lam_vs_hrrr_conus_6km,Nested-EAGLE-LAM (AI-HR),HRRR,conus,CONUS 6 km,wind_speed,wind_speed,wind_speed 250,250,36,36h,17.389
nested_lam_vs_hrrr_conus_6km,Nested-EAGLE-LAM (AI-HR),HRRR,conus,CONUS 6 km,wind_speed,wind_speed,wind_speed 250,250,42,42h,22.03
nested_lam_vs_hrrr_conus_6km,Nested-EAGLE-LAM (AI-HR),HRRR,conus,CONUS 6 km,wind_speed,wind_speed,wind_speed 250,250,48,48h,21.772
nested_lam_vs_hrrr_conus_6km,Nested-EAGLE-LAM (AI-HR),HRRR,conus,CONUS 6 km,wind_speed,wind_speed,wind_speed 500,500,0,0h,0.0
nested_lam_vs_hrrr_conus_6km,Nested-EAGLE-LAM (AI-HR),HRRR,conus,CONUS 6 km,wind_speed,wind_speed,wind_speed 500,500,6,6h,-1.294
nested_lam_vs_hrrr_conus_6km,Nested-EAGLE-LAM (AI-HR),HRRR,conus,CONUS 6 km,wind_speed,wind_speed,wind_speed 500,500,12,12h,2.472
nested_lam_vs_hrrr_conus_6km,Nested-EAGLE-LAM (AI-HR),HRRR,conus,CONUS 6 km,wind_speed,wind_speed,wind_speed 500,500,18,18h,-2.219
nested_lam_vs_hrrr_conus_6km,Nested-EAGLE-LAM (AI-HR),HRRR,conus,CONUS 6 km,wind_speed,wind_speed,wind_speed 500,500,24,24h,8.948
nested_lam_vs_hrrr_conus_6km,Nested-EAGLE-LAM (AI-HR),HRRR,conus,CONUS 6 km,wind_speed,wind_speed,wind_speed 500,500,30,30h,18.513
nested_lam_vs_hrrr_conus_6km,Nested-EAGLE-LAM (AI-HR),HRRR,conus,CONUS 6 km,wind_speed,wind_speed,wind_speed 500,500,36,36h,12.328
nested_lam_vs_hrrr_conus_6km,Nested-EAGLE-LAM (AI-HR),HRRR,conus,CONUS 6 km,wind_speed,wind_speed,wind_speed 500,500,42,42h,2.271
nested_lam_vs_hrrr_conus_6km,Nested-EAGLE-LAM (AI-HR),HRRR,conus,CONUS 6 km,wind_speed,wind_speed,wind_speed 500,500,48,48h,15.66
nested_lam_vs_hrrr_conus_6km,Nested-EAGLE-LAM (AI-HR),HRRR,conus,CONUS 6 km,wind_speed,wind_speed,wind_speed 850,850,0,0h,-0.0
nested_lam_vs_hrrr_conus_6km,Nested-EAGLE-LAM (AI-HR),HRRR,conus,CONUS 6 km,wind_speed,wind_speed,wind_speed 850,850,6,6h,9.091
nested_lam_vs_hrrr_conus_6km,Nested-EAGLE-LAM (AI-HR),HRRR,conus,CONUS 6 km,wind_speed,wind_speed,wind_speed 850,850,12,12h,-0.232
nested_lam_vs_hrrr_conus_6km,Nested-EAGLE-LAM (AI-HR),HRRR,conus,CONUS 6 km,wind_speed,wind_speed,wind_speed 850,850,18,18h,2.068
nested_lam_vs_hrrr_conus_6km,Nested-EAGLE-LAM (AI-HR),HRRR,conus,CONUS 6 km,wind_speed,wind_speed,wind_speed 850,850,24,24h,6.574
nested_lam_vs_hrrr_conus_6km,Nested-EAGLE-LAM (AI-HR),HRRR,conus,CONUS 6 km,wind_speed,wind_speed,wind_speed 850,850,30,30h,14.837
nested_lam_vs_hrrr_conus_6km,Nested-EAGLE-LAM (AI-HR),HRRR,conus,CONUS 6 km,wind_speed,wind_speed,wind_speed 850,850,36,36h,8.534
nested_lam_vs_hrrr_conus_6km,Nested-EAGLE-LAM (AI-HR),HRRR,conus,CONUS 6 km,wind_speed,wind_speed,wind_speed 850,850,42,42h,8.013
nested_lam_vs_hrrr_conus_6km,Nested-EAGLE-LAM (AI-HR),HRRR,conus,CONUS 6 km,wind_speed,wind_speed,wind_speed 850,850,48,48h,13.582
nested_lam_vs_hrrr_conus_6km,Nested-EAGLE-LAM (AI-HR),HRRR,conus,CONUS 6 km,surface,surface_pressure,surface_pressure,,0,0h,0.0
nested_lam_vs_hrrr_conus_6km,Nested-EAGLE-LAM (AI-HR),HRRR,conus,CONUS 6 km,surface,surface_pressure,surface_pressure,,6,6h,0.226
nested_lam_vs_hrrr_conus_6km,Nested-EAGLE-LAM (AI-HR),HRRR,conus,CONUS 6 km,surface,surface_pressure,surface_pressure,,12,12h,1.003
nested_lam_vs_hrrr_conus_6km,Nested-EAGLE-LAM (AI-HR),HRRR,conus,CONUS 6 km,surface,surface_pressure,surface_pressure,,18,18h,0.959
nested_lam_vs_hrrr_conus_6km,Nested-EAGLE-LAM (AI-HR),HRRR,conus,CONUS 6 km,surface,surface_pressure,surface_pressure,,24,24h,1.825
nested_lam_vs_hrrr_conus_6km,Nested-EAGLE-LAM (AI-HR),HRRR,conus,CONUS 6 km,surface,surface_pressure,surface_pressure,,30,30h,0.849
nested_lam_vs_hrrr_conus_6km,Nested-EAGLE-LAM (AI-HR),HRRR,conus,CONUS 6 km,surface,surface_pressure,surface_pressure,,36,36h,1.825
nested_lam_vs_hrrr_conus_6km,Nested-EAGLE-LAM (AI-HR),HRRR,conus,CONUS 6 km,surface,surface_pressure,surface_pressure,,42,42h,1.762
nested_lam_vs_hrrr_conus_6km,Nested-EAGLE-LAM (AI-HR),HRRR,conus,CONUS 6 km,surface,surface_pressure,surface_pressure,,48,48h,2.816
nested_lam_vs_hrrr_conus_6km,Nested-EAGLE-LAM (AI-HR),HRRR,conus,CONUS 6 km,surface,10m_zonal_wind,10m_zonal_wind,,0,0h,-0.0
nested_lam_vs_hrrr_conus_6km,Nested-EAGLE-LAM (AI-HR),HRRR,conus,CONUS 6 km,surface,10m_zonal_wind,10m_zonal_wind,,6,6h,15.225
nested_lam_vs_hrrr_conus_6km,Nested-EAGLE-LAM (AI-HR),HRRR,conus,CONUS 6 km,surface,10m_zonal_wind,10m_zonal_wind,,12,12h,16.405
nested_lam_vs_hrrr_conus_6km,Nested-EAGLE-LAM (AI-HR),HRRR,conus,CONUS 6 km,surface,10m_zonal_wind,10m_zonal_wind,,18,18h,13.639
nested_lam_vs_hrrr_conus_6km,Nested-EAGLE-LAM (AI-HR),HRRR,conus,CONUS 6 km,surface,10m_zonal_wind,10m_zonal_wind,,24,24h,20.379
nested_lam_vs_hrrr_conus_6km,Nested-EAGLE-LAM (AI-HR),HRRR,conus,CONUS 6 km,surface,10m_zonal_wind,10m_zonal_wind,,30,30h,21.007
nested_lam_vs_hrrr_conus_6km,Nested-EAGLE-LAM (AI-HR),HRRR,conus,CONUS 6 km,surface,10m_zonal_wind,10m_zonal_wind,,36,36h,21.352
nested_lam_vs_hrrr_conus_6km,Nested-EAGLE-LAM (AI-HR),HRRR,conus,CONUS 6 km,surface,10m_zonal_wind,10m_zonal_wind,,42,42h,18.342
nested_lam_vs_hrrr_conus_6km,Nested-EAGLE-LAM (AI-HR),HRRR,conus,CONUS 6 km,surface,10m_zonal_wind,10m_zonal_wind,,48,48h,22.496
nested_lam_vs_hrrr_conus_6km,Nested-EAGLE-LAM (AI-HR),HRRR,conus,CONUS 6 km,surface,10m_meridional_wind,10m_meridional_wind,,0,0h,0.0
nested_lam_vs_hrrr_conus_6km,Nested-EAGLE-LAM (AI-HR),HRRR,conus,CONUS 6 km,surface,10m_meridional_wind,10m_meridional_wind,,6,6h,15.753
nested_lam_vs_hrrr_conus_6km,Nested-EAGLE-LAM (AI-HR),HRRR,conus,CONUS 6 km,surface,10m_meridional_wind,10m_meridional_wind,,12,12h,16.679
nested_lam_vs_hrrr_conus_6km,Nested-EAGLE-LAM (AI-HR),HRRR,conus,CONUS 6 km,surface,10m_meridional_wind,10m_meridional_wind,,18,18h,13.811
nested_lam_vs_hrrr_conus_6km,Nested-EAGLE-LAM (AI-HR),HRRR,conus,CONUS 6 km,surface,10m_meridional_wind,10m_meridional_wind,,24,24h,20.117
nested_lam_vs_hrrr_conus_6km,Nested-EAGLE-LAM (AI-HR),HRRR,conus,CONUS 6 km,surface,10m_meridional_wind,10m_meridional_wind,,30,30h,21.194
nested_lam_vs_hrrr_conus_6km,Nested-EAGLE-LAM (AI-HR),HRRR,conus,CONUS 6 km,surface,10m_meridional_wind,10m_meridional_wind,,36,36h,21.049
nested_lam_vs_hrrr_conus_6km,Nested-EAGLE-LAM (AI-HR),HRRR,conus,CONUS 6 km,surface,10m_meridional_wind,10m_meridional_wind,,42,42h,17.901
nested_lam_vs_hrrr_conus_6km,Nested-EAGLE-LAM (AI-HR),HRRR,conus,CONUS 6 km,surface,10m_meridional_wind,10m_meridional_wind,,48,48h,22.018
nested_lam_vs_hrrr_conus_6km,Nested-EAGLE-LAM (AI-HR),HRRR,conus,CONUS 6 km,surface,2m_temperature,2m_temperature,,0,0h,0.0
nested_lam_vs_hrrr_conus_6km,Nested-EAGLE-LAM (AI-HR),HRRR,conus,CONUS 6 km,surface,2m_temperature,2m_temperature,,6,6h,17.398
nested_lam_vs_hrrr_conus_6km,Nested-EAGLE-LAM (AI-HR),HRRR,conus,CONUS 6 km,surface,2m_temperature,2m_temperature,,12,12h,17.668
nested_lam_vs_hrrr_conus_6km,Nested-EAGLE-LAM (AI-HR),HRRR,conus,CONUS 6 km,surface,2m_temperature,2m_temperature,,18,18h,14.221
nested_lam_vs_hrrr_conus_6km,Nested-EAGLE-LAM (AI-HR),HRRR,conus,CONUS 6 km,surface,2m_temperature,2m_temperature,,24,24h,18.436
nested_lam_vs_hrrr_conus_6km,Nested-EAGLE-LAM (AI-HR),HRRR,conus,CONUS 6 km,surface,2m_temperature,2m_temperature,,30,30h,18.024
nested_lam_vs_hrrr_conus_6km,Nested-EAGLE-LAM (AI-HR),HRRR,conus,CONUS 6 km,surface,2m_temperature,2m_temperature,,36,36h,18.341
nested_lam_vs_hrrr_conus_6km,Nested-EAGLE-LAM (AI-HR),HRRR,conus,CONUS 6 km,surface,2m_temperature,2m_temperature,,42,42h,19.231
nested_lam_vs_hrrr_conus_6km,Nested-EAGLE-LAM (AI-HR),HRRR,conus,CONUS 6 km,surface,2m_temperature,2m_temperature,,48,48h,21.204
nested_lam_vs_hrrr_conus_6km,Nested-EAGLE-LAM (AI-HR),HRRR,conus,CONUS 6 km,surface,2m_specific_humidity,2m_specific_humidity,,0,0h,0.0
nested_lam_vs_hrrr_conus_6km,Nested-EAGLE-LAM (AI-HR),HRRR,conus,CONUS 6 km,surface,2m_specific_humidity,2m_specific_humidity,,6,6h,10.635
nested_lam_vs_hrrr_conus_6km,Nested-EAGLE-LAM (AI-HR),HRRR,conus,CONUS 6 km,surface,2m_specific_humidity,2m_specific_humidity,,12,12h,12.352
nested_lam_vs_hrrr_conus_6km,Nested-EAGLE-LAM (AI-HR),HRRR,conus,CONUS 6 km,surface,2m_specific_humidity,2m_specific_humidity,,18,18h,15.561
nested_lam_vs_hrrr_conus_6km,Nested-EAGLE-LAM (AI-HR),HRRR,conus,CONUS 6 km,surface,2m_specific_humidity,2m_specific_humidity,,24,24h,16.338
nested_lam_vs_hrrr_conus_6km,Nested-EAGLE-LAM (AI-HR),HRRR,conus,CONUS 6 km,surface,2m_specific_humidity,2m_specific_humidity,,30,30h,18.217
nested_lam_vs_hrrr_conus_6km,Nested-EAGLE-LAM (AI-HR),HRRR,conus,CONUS 6 km,surface,2m_specific_humidity,2m_specific_humidity,,36,36h,20.202
nested_lam_vs_hrrr_conus_6km,Nested-EAGLE-LAM (AI-HR),HRRR,conus,CONUS 6 km,surface,2m_specific_humidity,2m_specific_humidity,,42,42h,21.184
nested_lam_vs_hrrr_conus_6km,Nested-EAGLE-LAM (AI-HR),HRRR,conus,CONUS 6 km,surface,2m_specific_humidity,2m_specific_humidity,,48,48h,19.07
nested_lam_vs_hrrr_conus_6km,Nested-EAGLE-LAM (AI-HR),HRRR,conus,CONUS 6 km,surface,10m_wind_speed,10m_wind_speed,,0,0h,-0.0
nested_lam_vs_hrrr_conus_6km,Nested-EAGLE-LAM (AI-HR),HRRR,conus,CONUS 6 km,surface,10m_wind_speed,10m_wind_speed,,6,6h,12.546
nested_lam_vs_hrrr_conus_6km,Nested-EAGLE-LAM (AI-HR),HRRR,conus,CONUS 6 km,surface,10m_wind_speed,10m_wind_speed,,12,12h,13.169
nested_lam_vs_hrrr_conus_6km,Nested-EAGLE-LAM (AI-HR),HRRR,conus,CONUS 6 km,surface,10m_wind_speed,10m_wind_speed,,18,18h,8.24
nested_lam_vs_hrrr_conus_6km,Nested-EAGLE-LAM (AI-HR),HRRR,conus,CONUS 6 km,surface,10m_wind_speed,10m_wind_speed,,24,24h,12.252
nested_lam_vs_hrrr_conus_6km,Nested-EAGLE-LAM (AI-HR),HRRR,conus,CONUS 6 km,surface,10m_wind_speed,10m_wind_speed,,30,30h,16.094
nested_lam_vs_hrrr_conus_6km,Nested-EAGLE-LAM (AI-HR),HRRR,conus,CONUS 6 km,surface,10m_wind_speed,10m_wind_speed,,36,36h,16.638
nested_lam_vs_hrrr_conus_6km,Nested-EAGLE-LAM (AI-HR),HRRR,conus,CONUS 6 km,surface,10m_wind_speed,10m_wind_speed,,42,42h,12.179
nested_lam_vs_hrrr_conus_6km,Nested-EAGLE-LAM (AI-HR),HRRR,conus,CONUS 6 km,surface,10m_wind_speed,10m_wind_speed,,48,48h,14.009
