comparison,target_model,reference_model,domain,resolution,variable_group,variable,row_label,level_hpa,lead_hour,lead_label,rmse_improvement_pct
nested_global_vs_gfs_regions,Nested-EAGLE-Global (AI),GFS,global,global 0.25 degree,geopotential_height,geopotential_height,geopotential_height 250,250,24,D1,-0.041
nested_global_vs_gfs_regions,Nested-EAGLE-Global (AI),GFS,global,global 0.25 degree,geopotential_height,geopotential_height,geopotential_height 250,250,48,D2,-0.085
nested_global_vs_gfs_regions,Nested-EAGLE-Global (AI),GFS,global,global 0.25 degree,geopotential_height,geopotential_height,geopotential_height 250,250,72,D3,-0.255
nested_global_vs_gfs_regions,Nested-EAGLE-Global (AI),GFS,global,global 0.25 degree,geopotential_height,geopotential_height,geopotential_height 250,250,96,D4,-0.255
nested_global_vs_gfs_regions,Nested-EAGLE-Global (AI),GFS,global,global 0.25 degree,geopotential_height,geopotential_height,geopotential_height 250,250,120,D5,0.146
nested_global_vs_gfs_regions,Nested-EAGLE-Global (AI),GFS,global,global 0.25 degree,geopotential_height,geopotential_height,geopotential_height 250,250,144,D6,0.555
nested_global_vs_gfs_regions,Nested-EAGLE-Global (AI),GFS,global,global 0.25 degree,geopotential_height,geopotential_height,geopotential_height 250,250,168,D7,1.437
nested_global_vs_gfs_regions,Nested-EAGLE-Global (AI),GFS,global,global 0.25 degree,geopotential_height,geopotential_height,geopotential_height 250,250,192,D8,2.288
nested_global_vs_gfs_regions,Nested-EAGLE-Global (AI),GFS,global,global 0.25 degree,geopotential_height,geopotential_height,geopotential_height 250,250,216,D9,2.44
nested_global_vs_gfs_regions,Nested-EAGLE-Global (AI),GFS,global,global 0.25 degree,geopotential_height,geopotential_height,geopotential_height 250,250,240,D10,2.644
nested_global_vs_gfs_regions,Nested-EAGLE-Global (AI),GFS,global,global 0.25 degree,geopotential_height,geopotential_height,geopotential_height 500,500,24,D1,0.154
nested_global_vs_gfs_regions,Nested-EAGLE-Global (AI),GFS,global,global 0.25 degree,geopotential_height,geopotential_height,geopotential_height 500,500,48,D2,0.087
nested_global_vs_gfs_regions,Nested-EAGLE-Global (AI),GFS,global,global 0.25 degree,geopotential_height,geopotential_height,geopotential_height 500,500,72,D3,-0.079
nested_global_vs_gfs_regions,Nested-EAGLE-Global (AI),GFS,global,global 0.25 degree,geopotential_height,geopotential_height,geopotential_height 500,500,96,D4,-0.018
nested_global_vs_gfs_regions,Nested-EAGLE-Global (AI),GFS,global,global 0.25 degree,geopotential_height,geopotential_height,geopotential_height 500,500,120,D5,0.398
nested_global_vs_gfs_regions,Nested-EAGLE-Global (AI),GFS,global,global 0.25 degree,geopotential_height,geopotential_height,geopotential_height 500,500,144,D6,0.255
nested_global_vs_gfs_regions,Nested-EAGLE-Global (AI),GFS,global,global 0.25 degree,geopotential_height,geopotential_height,geopotential_height 500,500,168,D7,0.942
nested_global_vs_gfs_regions,Nested-EAGLE-Global (AI),GFS,global,global 0.25 degree,geopotential_height,geopotential_height,geopotential_height 500,500,192,D8,1.18
nested_global_vs_gfs_regions,Nested-EAGLE-Global (AI),GFS,global,global 0.25 degree,geopotential_height,geopotential_height,geopotential_height 500,500,216,D9,1.42
nested_global_vs_gfs_regions,Nested-EAGLE-Global (AI),GFS,global,global 0.25 degree,geopotential_height,geopotential_height,geopotential_height 500,500,240,D10,1.557
nested_global_vs_gfs_regions,Nested-EAGLE-Global (AI),GFS,global,global 0.25 degree,geopotential_height,geopotential_height,geopotential_height 850,850,24,D1,0.83
nested_global_vs_gfs_regions,Nested-EAGLE-Global (AI),GFS,global,global 0.25 degree,geopotential_height,geopotential_height,geopotential_height 850,850,48,D2,0.778
nested_global_vs_gfs_regions,Nested-EAGLE-Global (AI),GFS,global,global 0.25 degree,geopotential_height,geopotential_height,geopotential_height 850,850,72,D3,0.372
nested_global_vs_gfs_regions,Nested-EAGLE-Global (AI),GFS,global,global 0.25 degree,geopotential_height,geopotential_height,geopotential_height 850,850,96,D4,0.22
nested_global_vs_gfs_regions,Nested-EAGLE-Global (AI),GFS,global,global 0.25 degree,geopotential_height,geopotential_height,geopotential_height 850,850,120,D5,1.092
nested_global_vs_gfs_regions,Nested-EAGLE-Global (AI),GFS,global,global 0.25 degree,geopotential_height,geopotential_height,geopotential_height 850,850,144,D6,1.663
nested_global_vs_gfs_regions,Nested-EAGLE-Global (AI),GFS,global,global 0.25 degree,geopotential_height,geopotential_height,geopotential_height 850,850,168,D7,1.928
nested_global_vs_gfs_regions,Nested-EAGLE-Global (AI),GFS,global,global 0.25 degree,geopotential_height,geopotential_height,geopotential_height 850,850,192,D8,1.605
nested_global_vs_gfs_regions,Nested-EAGLE-Global (AI),GFS,global,global 0.25 degree,geopotential_height,geopotential_height,geopotential_height 850,850,216,D9,2.481
nested_global_vs_gfs_regions,Nested-EAGLE-Global (AI),GFS,global,global 0.25 degree,geopotential_height,geopotential_height,geopotential_height 850,850,240,D10,3.275
nested_global_vs_gfs_regions,Nested-EAGLE-Global (AI),GFS,global,global 0.25 degree,zonal_wind,zonal_wind,zonal_wind 250,250,24,D1,8.445
nested_global_vs_gfs_regions,Nested-EAGLE-Global (AI),GFS,global,global 0.25 degree,zonal_wind,zonal_wind,zonal_wind 250,250,48,D2,9.562
nested_global_vs_gfs_regions,Nested-EAGLE-Global (AI),GFS,global,global 0.25 degree,zonal_wind,zonal_wind,zonal_wind 250,250,72,D3,8.952
nested_global_vs_gfs_regions,Nested-EAGLE-Global (AI),GFS,global,global 0.25 degree,zonal_wind,zonal_wind,zonal_wind 250,250,96,D4,8.148
nested_global_vs_gfs_regions,Nested-EAGLE-Global (AI),GFS,global,global 0.25 degree,zonal_wind,zonal_wind,zonal_wind 250,250,120,D5,6.541
nested_global_vs_gfs_regions,Nested-EAGLE-Global (AI),GFS,global,global 0.25 degree,zonal_wind,zonal_wind,zonal_wind 250,250,144,D6,5.737
nested_global_vs_gfs_regions,Nested-EAGLE-Global (AI),GFS,global,global 0.25 degree,zonal_wind,zonal_wind,zonal_wind 250,250,168,D7,5.266
nested_global_vs_gfs_regions,Nested-EAGLE-Global (AI),GFS,global,global 0.25 degree,zonal_wind,zonal_wind,zonal_wind 250,250,192,D8,5.432
nested_global_vs_gfs_regions,Nested-EAGLE-Global (AI),GFS,global,global 0.25 degree,zonal_wind,zonal_wind,zonal_wind 250,250,216,D9,5.662
nested_global_vs_gfs_regions,Nested-EAGLE-Global (AI),GFS,global,global 0.25 degree,zonal_wind,zonal_wind,zonal_wind 250,250,240,D10,4.378
nested_global_vs_gfs_regions,Nested-EAGLE-Global (AI),GFS,global,global 0.25 degree,zonal_wind,zonal_wind,zonal_wind 500,500,24,D1,6.701
nested_global_vs_gfs_regions,Nested-EAGLE-Global (AI),GFS,global,global 0.25 degree,zonal_wind,zonal_wind,zonal_wind 500,500,48,D2,8.73
nested_global_vs_gfs_regions,Nested-EAGLE-Global (AI),GFS,global,global 0.25 degree,zonal_wind,zonal_wind,zonal_wind 500,500,72,D3,9.593
nested_global_vs_gfs_regions,Nested-EAGLE-Global (AI),GFS,global,global 0.25 degree,zonal_wind,zonal_wind,zonal_wind 500,500,96,D4,8.675
nested_global_vs_gfs_regions,Nested-EAGLE-Global (AI),GFS,global,global 0.25 degree,zonal_wind,zonal_wind,zonal_wind 500,500,120,D5,7.7
nested_global_vs_gfs_regions,Nested-EAGLE-Global (AI),GFS,global,global 0.25 degree,zonal_wind,zonal_wind,zonal_wind 500,500,144,D6,5.966
nested_global_vs_gfs_regions,Nested-EAGLE-Global (AI),GFS,global,global 0.25 degree,zonal_wind,zonal_wind,zonal_wind 500,500,168,D7,5.703
nested_global_vs_gfs_regions,Nested-EAGLE-Global (AI),GFS,global,global 0.25 degree,zonal_wind,zonal_wind,zonal_wind 500,500,192,D8,4.784
nested_global_vs_gfs_regions,Nested-EAGLE-Global (AI),GFS,global,global 0.25 degree,zonal_wind,zonal_wind,zonal_wind 500,500,216,D9,4.887
nested_global_vs_gfs_regions,Nested-EAGLE-Global (AI),GFS,global,global 0.25 degree,zonal_wind,zonal_wind,zonal_wind 500,500,240,D10,4.238
nested_global_vs_gfs_regions,Nested-EAGLE-Global (AI),GFS,global,global 0.25 degree,zonal_wind,zonal_wind,zonal_wind 850,850,24,D1,7.456
nested_global_vs_gfs_regions,Nested-EAGLE-Global (AI),GFS,global,global 0.25 degree,zonal_wind,zonal_wind,zonal_wind 850,850,48,D2,9.038
nested_global_vs_gfs_regions,Nested-EAGLE-Global (AI),GFS,global,global 0.25 degree,zonal_wind,zonal_wind,zonal_wind 850,850,72,D3,9.185
nested_global_vs_gfs_regions,Nested-EAGLE-Global (AI),GFS,global,global 0.25 degree,zonal_wind,zonal_wind,zonal_wind 850,850,96,D4,8.546
nested_global_vs_gfs_regions,Nested-EAGLE-Global (AI),GFS,global,global 0.25 degree,zonal_wind,zonal_wind,zonal_wind 850,850,120,D5,8.53
nested_global_vs_gfs_regions,Nested-EAGLE-Global (AI),GFS,global,global 0.25 degree,zonal_wind,zonal_wind,zonal_wind 850,850,144,D6,7.704
nested_global_vs_gfs_regions,Nested-EAGLE-Global (AI),GFS,global,global 0.25 degree,zonal_wind,zonal_wind,zonal_wind 850,850,168,D7,6.803
nested_global_vs_gfs_regions,Nested-EAGLE-Global (AI),GFS,global,global 0.25 degree,zonal_wind,zonal_wind,zonal_wind 850,850,192,D8,6.218
nested_global_vs_gfs_regions,Nested-EAGLE-Global (AI),GFS,global,global 0.25 degree,zonal_wind,zonal_wind,zonal_wind 850,850,216,D9,6.253
nested_global_vs_gfs_regions,Nested-EAGLE-Global (AI),GFS,global,global 0.25 degree,zonal_wind,zonal_wind,zonal_wind 850,850,240,D10,5.798
nested_global_vs_gfs_regions,Nested-EAGLE-Global (AI),GFS,global,global 0.25 degree,meridional_wind,meridional_wind,meridional_wind 250,250,24,D1,7.762
nested_global_vs_gfs_regions,Nested-EAGLE-Global (AI),GFS,global,global 0.25 degree,meridional_wind,meridional_wind,meridional_wind 250,250,48,D2,9.491
nested_global_vs_gfs_regions,Nested-EAGLE-Global (AI),GFS,global,global 0.25 degree,meridional_wind,meridional_wind,meridional_wind 250,250,72,D3,7.815
nested_global_vs_gfs_regions,Nested-EAGLE-Global (AI),GFS,global,global 0.25 degree,meridional_wind,meridional_wind,meridional_wind 250,250,96,D4,7.248
nested_global_vs_gfs_regions,Nested-EAGLE-Global (AI),GFS,global,global 0.25 degree,meridional_wind,meridional_wind,meridional_wind 250,250,120,D5,7.459
nested_global_vs_gfs_regions,Nested-EAGLE-Global (AI),GFS,global,global 0.25 degree,meridional_wind,meridional_wind,meridional_wind 250,250,144,D6,6.802
nested_global_vs_gfs_regions,Nested-EAGLE-Global (AI),GFS,global,global 0.25 degree,meridional_wind,meridional_wind,meridional_wind 250,250,168,D7,6.693
nested_global_vs_gfs_regions,Nested-EAGLE-Global (AI),GFS,global,global 0.25 degree,meridional_wind,meridional_wind,meridional_wind 250,250,192,D8,6.249
nested_global_vs_gfs_regions,Nested-EAGLE-Global (AI),GFS,global,global 0.25 degree,meridional_wind,meridional_wind,meridional_wind 250,250,216,D9,6.334
nested_global_vs_gfs_regions,Nested-EAGLE-Global (AI),GFS,global,global 0.25 degree,meridional_wind,meridional_wind,meridional_wind 250,250,240,D10,4.469
nested_global_vs_gfs_regions,Nested-EAGLE-Global (AI),GFS,global,global 0.25 degree,meridional_wind,meridional_wind,meridional_wind 500,500,24,D1,6.13
nested_global_vs_gfs_regions,Nested-EAGLE-Global (AI),GFS,global,global 0.25 degree,meridional_wind,meridional_wind,meridional_wind 500,500,48,D2,7.944
nested_global_vs_gfs_regions,Nested-EAGLE-Global (AI),GFS,global,global 0.25 degree,meridional_wind,meridional_wind,meridional_wind 500,500,72,D3,8.137
nested_global_vs_gfs_regions,Nested-EAGLE-Global (AI),GFS,global,global 0.25 degree,meridional_wind,meridional_wind,meridional_wind 500,500,96,D4,7.551
nested_global_vs_gfs_regions,Nested-EAGLE-Global (AI),GFS,global,global 0.25 degree,meridional_wind,meridional_wind,meridional_wind 500,500,120,D5,7.038
nested_global_vs_gfs_regions,Nested-EAGLE-Global (AI),GFS,global,global 0.25 degree,meridional_wind,meridional_wind,meridional_wind 500,500,144,D6,6.813
nested_global_vs_gfs_regions,Nested-EAGLE-Global (AI),GFS,global,global 0.25 degree,meridional_wind,meridional_wind,meridional_wind 500,500,168,D7,6.987
nested_global_vs_gfs_regions,Nested-EAGLE-Global (AI),GFS,global,global 0.25 degree,meridional_wind,meridional_wind,meridional_wind 500,500,192,D8,6.004
nested_global_vs_gfs_regions,Nested-EAGLE-Global (AI),GFS,global,global 0.25 degree,meridional_wind,meridional_wind,meridional_wind 500,500,216,D9,5.532
nested_global_vs_gfs_regions,Nested-EAGLE-Global (AI),GFS,global,global 0.25 degree,meridional_wind,meridional_wind,meridional_wind 500,500,240,D10,3.279
nested_global_vs_gfs_regions,Nested-EAGLE-Global (AI),GFS,global,global 0.25 degree,meridional_wind,meridional_wind,meridional_wind 850,850,24,D1,6.594
nested_global_vs_gfs_regions,Nested-EAGLE-Global (AI),GFS,global,global 0.25 degree,meridional_wind,meridional_wind,meridional_wind 850,850,48,D2,8.248
nested_global_vs_gfs_regions,Nested-EAGLE-Global (AI),GFS,global,global 0.25 degree,meridional_wind,meridional_wind,meridional_wind 850,850,72,D3,8.363
nested_global_vs_gfs_regions,Nested-EAGLE-Global (AI),GFS,global,global 0.25 degree,meridional_wind,meridional_wind,meridional_wind 850,850,96,D4,7.591
nested_global_vs_gfs_regions,Nested-EAGLE-Global (AI),GFS,global,global 0.25 degree,meridional_wind,meridional_wind,meridional_wind 850,850,120,D5,7.595
nested_global_vs_gfs_regions,Nested-EAGLE-Global (AI),GFS,global,global 0.25 degree,meridional_wind,meridional_wind,meridional_wind 850,850,144,D6,8.412
nested_global_vs_gfs_regions,Nested-EAGLE-Global (AI),GFS,global,global 0.25 degree,meridional_wind,meridional_wind,meridional_wind 850,850,168,D7,7.778
nested_global_vs_gfs_regions,Nested-EAGLE-Global (AI),GFS,global,global 0.25 degree,meridional_wind,meridional_wind,meridional_wind 850,850,192,D8,6.442
nested_global_vs_gfs_regions,Nested-EAGLE-Global (AI),GFS,global,global 0.25 degree,meridional_wind,meridional_wind,meridional_wind 850,850,216,D9,5.841
nested_global_vs_gfs_regions,Nested-EAGLE-Global (AI),GFS,global,global 0.25 degree,meridional_wind,meridional_wind,meridional_wind 850,850,240,D10,4.942
nested_global_vs_gfs_regions,Nested-EAGLE-Global (AI),GFS,global,global 0.25 degree,temperature,temperature,temperature 250,250,24,D1,2.109
nested_global_vs_gfs_regions,Nested-EAGLE-Global (AI),GFS,global,global 0.25 degree,temperature,temperature,temperature 250,250,48,D2,3.543
nested_global_vs_gfs_regions,Nested-EAGLE-Global (AI),GFS,global,global 0.25 degree,temperature,temperature,temperature 250,250,72,D3,3.587
nested_global_vs_gfs_regions,Nested-EAGLE-Global (AI),GFS,global,global 0.25 degree,temperature,temperature,temperature 250,250,96,D4,3.906
nested_global_vs_gfs_regions,Nested-EAGLE-Global (AI),GFS,global,global 0.25 degree,temperature,temperature,temperature 250,250,120,D5,3.978
nested_global_vs_gfs_regions,Nested-EAGLE-Global (AI),GFS,global,global 0.25 degree,temperature,temperature,temperature 250,250,144,D6,2.677
nested_global_vs_gfs_regions,Nested-EAGLE-Global (AI),GFS,global,global 0.25 degree,temperature,temperature,temperature 250,250,168,D7,2.035
nested_global_vs_gfs_regions,Nested-EAGLE-Global (AI),GFS,global,global 0.25 degree,temperature,temperature,temperature 250,250,192,D8,1.551
nested_global_vs_gfs_regions,Nested-EAGLE-Global (AI),GFS,global,global 0.25 degree,temperature,temperature,temperature 250,250,216,D9,1.478
nested_global_vs_gfs_regions,Nested-EAGLE-Global (AI),GFS,global,global 0.25 degree,temperature,temperature,temperature 250,250,240,D10,0.806
nested_global_vs_gfs_regions,Nested-EAGLE-Global (AI),GFS,global,global 0.25 degree,temperature,temperature,temperature 500,500,24,D1,1.346
nested_global_vs_gfs_regions,Nested-EAGLE-Global (AI),GFS,global,global 0.25 degree,temperature,temperature,temperature 500,500,48,D2,2.661
nested_global_vs_gfs_regions,Nested-EAGLE-Global (AI),GFS,global,global 0.25 degree,temperature,temperature,temperature 500,500,72,D3,3.234
nested_global_vs_gfs_regions,Nested-EAGLE-Global (AI),GFS,global,global 0.25 degree,temperature,temperature,temperature 500,500,96,D4,3.085
nested_global_vs_gfs_regions,Nested-EAGLE-Global (AI),GFS,global,global 0.25 degree,temperature,temperature,temperature 500,500,120,D5,3.351
nested_global_vs_gfs_regions,Nested-EAGLE-Global (AI),GFS,global,global 0.25 degree,temperature,temperature,temperature 500,500,144,D6,3.282
nested_global_vs_gfs_regions,Nested-EAGLE-Global (AI),GFS,global,global 0.25 degree,temperature,temperature,temperature 500,500,168,D7,3.699
nested_global_vs_gfs_regions,Nested-EAGLE-Global (AI),GFS,global,global 0.25 degree,temperature,temperature,temperature 500,500,192,D8,3.838
nested_global_vs_gfs_regions,Nested-EAGLE-Global (AI),GFS,global,global 0.25 degree,temperature,temperature,temperature 500,500,216,D9,4.118
nested_global_vs_gfs_regions,Nested-EAGLE-Global (AI),GFS,global,global 0.25 degree,temperature,temperature,temperature 500,500,240,D10,3.629
nested_global_vs_gfs_regions,Nested-EAGLE-Global (AI),GFS,global,global 0.25 degree,temperature,temperature,temperature 850,850,24,D1,7.161
nested_global_vs_gfs_regions,Nested-EAGLE-Global (AI),GFS,global,global 0.25 degree,temperature,temperature,temperature 850,850,48,D2,8.992
nested_global_vs_gfs_regions,Nested-EAGLE-Global (AI),GFS,global,global 0.25 degree,temperature,temperature,temperature 850,850,72,D3,8.395
nested_global_vs_gfs_regions,Nested-EAGLE-Global (AI),GFS,global,global 0.25 degree,temperature,temperature,temperature 850,850,96,D4,6.546
nested_global_vs_gfs_regions,Nested-EAGLE-Global (AI),GFS,global,global 0.25 degree,temperature,temperature,temperature 850,850,120,D5,4.993
nested_global_vs_gfs_regions,Nested-EAGLE-Global (AI),GFS,global,global 0.25 degree,temperature,temperature,temperature 850,850,144,D6,4.222
nested_global_vs_gfs_regions,Nested-EAGLE-Global (AI),GFS,global,global 0.25 degree,temperature,temperature,temperature 850,850,168,D7,3.893
nested_global_vs_gfs_regions,Nested-EAGLE-Global (AI),GFS,global,global 0.25 degree,temperature,temperature,temperature 850,850,192,D8,3.174
nested_global_vs_gfs_regions,Nested-EAGLE-Global (AI),GFS,global,global 0.25 degree,temperature,temperature,temperature 850,850,216,D9,2.432
nested_global_vs_gfs_regions,Nested-EAGLE-Global (AI),GFS,global,global 0.25 degree,temperature,temperature,temperature 850,850,240,D10,2.42
nested_global_vs_gfs_regions,Nested-EAGLE-Global (AI),GFS,global,global 0.25 degree,specific_humidity,specific_humidity,specific_humidity 250,250,24,D1,3.322
nested_global_vs_gfs_regions,Nested-EAGLE-Global (AI),GFS,global,global 0.25 degree,specific_humidity,specific_humidity,specific_humidity 250,250,48,D2,4.191
nested_global_vs_gfs_regions,Nested-EAGLE-Global (AI),GFS,global,global 0.25 degree,specific_humidity,specific_humidity,specific_humidity 250,250,72,D3,4.498
nested_global_vs_gfs_regions,Nested-EAGLE-Global (AI),GFS,global,global 0.25 degree,specific_humidity,specific_humidity,specific_humidity 250,250,96,D4,4.252
nested_global_vs_gfs_regions,Nested-EAGLE-Global (AI),GFS,global,global 0.25 degree,specific_humidity,specific_humidity,specific_humidity 250,250,120,D5,4.506
nested_global_vs_gfs_regions,Nested-EAGLE-Global (AI),GFS,global,global 0.25 degree,specific_humidity,specific_humidity,specific_humidity 250,250,144,D6,4.454
nested_global_vs_gfs_regions,Nested-EAGLE-Global (AI),GFS,global,global 0.25 degree,specific_humidity,specific_humidity,specific_humidity 250,250,168,D7,4.56
nested_global_vs_gfs_regions,Nested-EAGLE-Global (AI),GFS,global,global 0.25 degree,specific_humidity,specific_humidity,specific_humidity 250,250,192,D8,4.327
nested_global_vs_gfs_regions,Nested-EAGLE-Global (AI),GFS,global,global 0.25 degree,specific_humidity,specific_humidity,specific_humidity 250,250,216,D9,4.233
nested_global_vs_gfs_regions,Nested-EAGLE-Global (AI),GFS,global,global 0.25 degree,specific_humidity,specific_humidity,specific_humidity 250,250,240,D10,4.187
nested_global_vs_gfs_regions,Nested-EAGLE-Global (AI),GFS,global,global 0.25 degree,specific_humidity,specific_humidity,specific_humidity 500,500,24,D1,9.305
nested_global_vs_gfs_regions,Nested-EAGLE-Global (AI),GFS,global,global 0.25 degree,specific_humidity,specific_humidity,specific_humidity 500,500,48,D2,12.222
nested_global_vs_gfs_regions,Nested-EAGLE-Global (AI),GFS,global,global 0.25 degree,specific_humidity,specific_humidity,specific_humidity 500,500,72,D3,13.256
nested_global_vs_gfs_regions,Nested-EAGLE-Global (AI),GFS,global,global 0.25 degree,specific_humidity,specific_humidity,specific_humidity 500,500,96,D4,13.033
nested_global_vs_gfs_regions,Nested-EAGLE-Global (AI),GFS,global,global 0.25 degree,specific_humidity,specific_humidity,specific_humidity 500,500,120,D5,13.052
nested_global_vs_gfs_regions,Nested-EAGLE-Global (AI),GFS,global,global 0.25 degree,specific_humidity,specific_humidity,specific_humidity 500,500,144,D6,12.911
nested_global_vs_gfs_regions,Nested-EAGLE-Global (AI),GFS,global,global 0.25 degree,specific_humidity,specific_humidity,specific_humidity 500,500,168,D7,12.121
nested_global_vs_gfs_regions,Nested-EAGLE-Global (AI),GFS,global,global 0.25 degree,specific_humidity,specific_humidity,specific_humidity 500,500,192,D8,11.633
nested_global_vs_gfs_regions,Nested-EAGLE-Global (AI),GFS,global,global 0.25 degree,specific_humidity,specific_humidity,specific_humidity 500,500,216,D9,10.831
nested_global_vs_gfs_regions,Nested-EAGLE-Global (AI),GFS,global,global 0.25 degree,specific_humidity,specific_humidity,specific_humidity 500,500,240,D10,10.17
nested_global_vs_gfs_regions,Nested-EAGLE-Global (AI),GFS,global,global 0.25 degree,specific_humidity,specific_humidity,specific_humidity 850,850,24,D1,6.632
nested_global_vs_gfs_regions,Nested-EAGLE-Global (AI),GFS,global,global 0.25 degree,specific_humidity,specific_humidity,specific_humidity 850,850,48,D2,9.605
nested_global_vs_gfs_regions,Nested-EAGLE-Global (AI),GFS,global,global 0.25 degree,specific_humidity,specific_humidity,specific_humidity 850,850,72,D3,10.043
nested_global_vs_gfs_regions,Nested-EAGLE-Global (AI),GFS,global,global 0.25 degree,specific_humidity,specific_humidity,specific_humidity 850,850,96,D4,9.52
nested_global_vs_gfs_regions,Nested-EAGLE-Global (AI),GFS,global,global 0.25 degree,specific_humidity,specific_humidity,specific_humidity 850,850,120,D5,9.097
nested_global_vs_gfs_regions,Nested-EAGLE-Global (AI),GFS,global,global 0.25 degree,specific_humidity,specific_humidity,specific_humidity 850,850,144,D6,9.133
nested_global_vs_gfs_regions,Nested-EAGLE-Global (AI),GFS,global,global 0.25 degree,specific_humidity,specific_humidity,specific_humidity 850,850,168,D7,8.475
nested_global_vs_gfs_regions,Nested-EAGLE-Global (AI),GFS,global,global 0.25 degree,specific_humidity,specific_humidity,specific_humidity 850,850,192,D8,7.736
nested_global_vs_gfs_regions,Nested-EAGLE-Global (AI),GFS,global,global 0.25 degree,specific_humidity,specific_humidity,specific_humidity 850,850,216,D9,6.661
nested_global_vs_gfs_regions,Nested-EAGLE-Global (AI),GFS,global,global 0.25 degree,specific_humidity,specific_humidity,specific_humidity 850,850,240,D10,7.114
nested_global_vs_gfs_regions,Nested-EAGLE-Global (AI),GFS,global,global 0.25 degree,wind_speed,wind_speed,wind_speed 250,250,24,D1,7.034
nested_global_vs_gfs_regions,Nested-EAGLE-Global (AI),GFS,global,global 0.25 degree,wind_speed,wind_speed,wind_speed 250,250,48,D2,8.518
nested_global_vs_gfs_regions,Nested-EAGLE-Global (AI),GFS,global,global 0.25 degree,wind_speed,wind_speed,wind_speed 250,250,72,D3,7.617
nested_global_vs_gfs_regions,Nested-EAGLE-Global (AI),GFS,global,global 0.25 degree,wind_speed,wind_speed,wind_speed 250,250,96,D4,6.988
nested_global_vs_gfs_regions,Nested-EAGLE-Global (AI),GFS,global,global 0.25 degree,wind_speed,wind_speed,wind_speed 250,250,120,D5,6.21
nested_global_vs_gfs_regions,Nested-EAGLE-Global (AI),GFS,global,global 0.25 degree,wind_speed,wind_speed,wind_speed 250,250,144,D6,4.735
nested_global_vs_gfs_regions,Nested-EAGLE-Global (AI),GFS,global,global 0.25 degree,wind_speed,wind_speed,wind_speed 250,250,168,D7,4.28
nested_global_vs_gfs_regions,Nested-EAGLE-Global (AI),GFS,global,global 0.25 degree,wind_speed,wind_speed,wind_speed 250,250,192,D8,4.487
nested_global_vs_gfs_regions,Nested-EAGLE-Global (AI),GFS,global,global 0.25 degree,wind_speed,wind_speed,wind_speed 250,250,216,D9,4.566
nested_global_vs_gfs_regions,Nested-EAGLE-Global (AI),GFS,global,global 0.25 degree,wind_speed,wind_speed,wind_speed 250,250,240,D10,3.3
nested_global_vs_gfs_regions,Nested-EAGLE-Global (AI),GFS,global,global 0.25 degree,wind_speed,wind_speed,wind_speed 500,500,24,D1,4.944
nested_global_vs_gfs_regions,Nested-EAGLE-Global (AI),GFS,global,global 0.25 degree,wind_speed,wind_speed,wind_speed 500,500,48,D2,6.758
nested_global_vs_gfs_regions,Nested-EAGLE-Global (AI),GFS,global,global 0.25 degree,wind_speed,wind_speed,wind_speed 500,500,72,D3,7.123
nested_global_vs_gfs_regions,Nested-EAGLE-Global (AI),GFS,global,global 0.25 degree,wind_speed,wind_speed,wind_speed 500,500,96,D4,6.369
nested_global_vs_gfs_regions,Nested-EAGLE-Global (AI),GFS,global,global 0.25 degree,wind_speed,wind_speed,wind_speed 500,500,120,D5,5.805
nested_global_vs_gfs_regions,Nested-EAGLE-Global (AI),GFS,global,global 0.25 degree,wind_speed,wind_speed,wind_speed 500,500,144,D6,4.223
nested_global_vs_gfs_regions,Nested-EAGLE-Global (AI),GFS,global,global 0.25 degree,wind_speed,wind_speed,wind_speed 500,500,168,D7,4.3
nested_global_vs_gfs_regions,Nested-EAGLE-Global (AI),GFS,global,global 0.25 degree,wind_speed,wind_speed,wind_speed 500,500,192,D8,3.186
nested_global_vs_gfs_regions,Nested-EAGLE-Global (AI),GFS,global,global 0.25 degree,wind_speed,wind_speed,wind_speed 500,500,216,D9,2.782
nested_global_vs_gfs_regions,Nested-EAGLE-Global (AI),GFS,global,global 0.25 degree,wind_speed,wind_speed,wind_speed 500,500,240,D10,2.536
nested_global_vs_gfs_regions,Nested-EAGLE-Global (AI),GFS,global,global 0.25 degree,wind_speed,wind_speed,wind_speed 850,850,24,D1,4.378
nested_global_vs_gfs_regions,Nested-EAGLE-Global (AI),GFS,global,global 0.25 degree,wind_speed,wind_speed,wind_speed 850,850,48,D2,6.107
nested_global_vs_gfs_regions,Nested-EAGLE-Global (AI),GFS,global,global 0.25 degree,wind_speed,wind_speed,wind_speed 850,850,72,D3,6.502
nested_global_vs_gfs_regions,Nested-EAGLE-Global (AI),GFS,global,global 0.25 degree,wind_speed,wind_speed,wind_speed 850,850,96,D4,6.311
nested_global_vs_gfs_regions,Nested-EAGLE-Global (AI),GFS,global,global 0.25 degree,wind_speed,wind_speed,wind_speed 850,850,120,D5,6.161
nested_global_vs_gfs_regions,Nested-EAGLE-Global (AI),GFS,global,global 0.25 degree,wind_speed,wind_speed,wind_speed 850,850,144,D6,5.901
nested_global_vs_gfs_regions,Nested-EAGLE-Global (AI),GFS,global,global 0.25 degree,wind_speed,wind_speed,wind_speed 850,850,168,D7,5.338
nested_global_vs_gfs_regions,Nested-EAGLE-Global (AI),GFS,global,global 0.25 degree,wind_speed,wind_speed,wind_speed 850,850,192,D8,4.448
nested_global_vs_gfs_regions,Nested-EAGLE-Global (AI),GFS,global,global 0.25 degree,wind_speed,wind_speed,wind_speed 850,850,216,D9,4.521
nested_global_vs_gfs_regions,Nested-EAGLE-Global (AI),GFS,global,global 0.25 degree,wind_speed,wind_speed,wind_speed 850,850,240,D10,4.286
nested_global_vs_gfs_regions,Nested-EAGLE-Global (AI),GFS,global,global 0.25 degree,surface,surface_pressure,surface_pressure,,24,D1,0.032
nested_global_vs_gfs_regions,Nested-EAGLE-Global (AI),GFS,global,global 0.25 degree,surface,surface_pressure,surface_pressure,,48,D2,0.003
nested_global_vs_gfs_regions,Nested-EAGLE-Global (AI),GFS,global,global 0.25 degree,surface,surface_pressure,surface_pressure,,72,D3,-0.031
nested_global_vs_gfs_regions,Nested-EAGLE-Global (AI),GFS,global,global 0.25 degree,surface,surface_pressure,surface_pressure,,96,D4,-0.037
nested_global_vs_gfs_regions,Nested-EAGLE-Global (AI),GFS,global,global 0.25 degree,surface,surface_pressure,surface_pressure,,120,D5,-0.017
nested_global_vs_gfs_regions,Nested-EAGLE-Global (AI),GFS,global,global 0.25 degree,surface,surface_pressure,surface_pressure,,144,D6,-0.02
nested_global_vs_gfs_regions,Nested-EAGLE-Global (AI),GFS,global,global 0.25 degree,surface,surface_pressure,surface_pressure,,168,D7,-0.052
nested_global_vs_gfs_regions,Nested-EAGLE-Global (AI),GFS,global,global 0.25 degree,surface,surface_pressure,surface_pressure,,192,D8,-0.089
nested_global_vs_gfs_regions,Nested-EAGLE-Global (AI),GFS,global,global 0.25 degree,surface,surface_pressure,surface_pressure,,216,D9,-0.078
nested_global_vs_gfs_regions,Nested-EAGLE-Global (AI),GFS,global,global 0.25 degree,surface,surface_pressure,surface_pressure,,240,D10,-0.049
nested_global_vs_gfs_regions,Nested-EAGLE-Global (AI),GFS,global,global 0.25 degree,surface,10m_zonal_wind,10m_zonal_wind,,24,D1,7.078
nested_global_vs_gfs_regions,Nested-EAGLE-Global (AI),GFS,global,global 0.25 degree,surface,10m_zonal_wind,10m_zonal_wind,,48,D2,7.758
nested_global_vs_gfs_regions,Nested-EAGLE-Global (AI),GFS,global,global 0.25 degree,surface,10m_zonal_wind,10m_zonal_wind,,72,D3,7.64
nested_global_vs_gfs_regions,Nested-EAGLE-Global (AI),GFS,global,global 0.25 degree,surface,10m_zonal_wind,10m_zonal_wind,,96,D4,7.336
nested_global_vs_gfs_regions,Nested-EAGLE-Global (AI),GFS,global,global 0.25 degree,surface,10m_zonal_wind,10m_zonal_wind,,120,D5,7.003
nested_global_vs_gfs_regions,Nested-EAGLE-Global (AI),GFS,global,global 0.25 degree,surface,10m_zonal_wind,10m_zonal_wind,,144,D6,6.935
nested_global_vs_gfs_regions,Nested-EAGLE-Global (AI),GFS,global,global 0.25 degree,surface,10m_zonal_wind,10m_zonal_wind,,168,D7,7.412
nested_global_vs_gfs_regions,Nested-EAGLE-Global (AI),GFS,global,global 0.25 degree,surface,10m_zonal_wind,10m_zonal_wind,,192,D8,6.632
nested_global_vs_gfs_regions,Nested-EAGLE-Global (AI),GFS,global,global 0.25 degree,surface,10m_zonal_wind,10m_zonal_wind,,216,D9,6.345
nested_global_vs_gfs_regions,Nested-EAGLE-Global (AI),GFS,global,global 0.25 degree,surface,10m_zonal_wind,10m_zonal_wind,,240,D10,6.541
nested_global_vs_gfs_regions,Nested-EAGLE-Global (AI),GFS,global,global 0.25 degree,surface,10m_meridional_wind,10m_meridional_wind,,24,D1,7.78
nested_global_vs_gfs_regions,Nested-EAGLE-Global (AI),GFS,global,global 0.25 degree,surface,10m_meridional_wind,10m_meridional_wind,,48,D2,8.434
nested_global_vs_gfs_regions,Nested-EAGLE-Global (AI),GFS,global,global 0.25 degree,surface,10m_meridional_wind,10m_meridional_wind,,72,D3,8.467
nested_global_vs_gfs_regions,Nested-EAGLE-Global (AI),GFS,global,global 0.25 degree,surface,10m_meridional_wind,10m_meridional_wind,,96,D4,8.389
nested_global_vs_gfs_regions,Nested-EAGLE-Global (AI),GFS,global,global 0.25 degree,surface,10m_meridional_wind,10m_meridional_wind,,120,D5,7.767
nested_global_vs_gfs_regions,Nested-EAGLE-Global (AI),GFS,global,global 0.25 degree,surface,10m_meridional_wind,10m_meridional_wind,,144,D6,8.186
nested_global_vs_gfs_regions,Nested-EAGLE-Global (AI),GFS,global,global 0.25 degree,surface,10m_meridional_wind,10m_meridional_wind,,168,D7,8.395
nested_global_vs_gfs_regions,Nested-EAGLE-Global (AI),GFS,global,global 0.25 degree,surface,10m_meridional_wind,10m_meridional_wind,,192,D8,7.764
nested_global_vs_gfs_regions,Nested-EAGLE-Global (AI),GFS,global,global 0.25 degree,surface,10m_meridional_wind,10m_meridional_wind,,216,D9,7.583
nested_global_vs_gfs_regions,Nested-EAGLE-Global (AI),GFS,global,global 0.25 degree,surface,10m_meridional_wind,10m_meridional_wind,,240,D10,7.522
nested_global_vs_gfs_regions,Nested-EAGLE-Global (AI),GFS,global,global 0.25 degree,surface,2m_temperature,2m_temperature,,24,D1,4.989
nested_global_vs_gfs_regions,Nested-EAGLE-Global (AI),GFS,global,global 0.25 degree,surface,2m_temperature,2m_temperature,,48,D2,5.095
nested_global_vs_gfs_regions,Nested-EAGLE-Global (AI),GFS,global,global 0.25 degree,surface,2m_temperature,2m_temperature,,72,D3,4.903
nested_global_vs_gfs_regions,Nested-EAGLE-Global (AI),GFS,global,global 0.25 degree,surface,2m_temperature,2m_temperature,,96,D4,4.791
nested_global_vs_gfs_regions,Nested-EAGLE-Global (AI),GFS,global,global 0.25 degree,surface,2m_temperature,2m_temperature,,120,D5,4.251
nested_global_vs_gfs_regions,Nested-EAGLE-Global (AI),GFS,global,global 0.25 degree,surface,2m_temperature,2m_temperature,,144,D6,3.844
nested_global_vs_gfs_regions,Nested-EAGLE-Global (AI),GFS,global,global 0.25 degree,surface,2m_temperature,2m_temperature,,168,D7,3.726
nested_global_vs_gfs_regions,Nested-EAGLE-Global (AI),GFS,global,global 0.25 degree,surface,2m_temperature,2m_temperature,,192,D8,2.788
nested_global_vs_gfs_regions,Nested-EAGLE-Global (AI),GFS,global,global 0.25 degree,surface,2m_temperature,2m_temperature,,216,D9,2.623
nested_global_vs_gfs_regions,Nested-EAGLE-Global (AI),GFS,global,global 0.25 degree,surface,2m_temperature,2m_temperature,,240,D10,2.406
nested_global_vs_gfs_regions,Nested-EAGLE-Global (AI),GFS,global,global 0.25 degree,surface,2m_specific_humidity,2m_specific_humidity,,24,D1,0.123
nested_global_vs_gfs_regions,Nested-EAGLE-Global (AI),GFS,global,global 0.25 degree,surface,2m_specific_humidity,2m_specific_humidity,,48,D2,0.144
nested_global_vs_gfs_regions,Nested-EAGLE-Global (AI),GFS,global,global 0.25 degree,surface,2m_specific_humidity,2m_specific_humidity,,72,D3,0.167
nested_global_vs_gfs_regions,Nested-EAGLE-Global (AI),GFS,global,global 0.25 degree,surface,2m_specific_humidity,2m_specific_humidity,,96,D4,0.172
nested_global_vs_gfs_regions,Nested-EAGLE-Global (AI),GFS,global,global 0.25 degree,surface,2m_specific_humidity,2m_specific_humidity,,120,D5,0.197
nested_global_vs_gfs_regions,Nested-EAGLE-Global (AI),GFS,global,global 0.25 degree,surface,2m_specific_humidity,2m_specific_humidity,,144,D6,0.216
nested_global_vs_gfs_regions,Nested-EAGLE-Global (AI),GFS,global,global 0.25 degree,surface,2m_specific_humidity,2m_specific_humidity,,168,D7,0.206
nested_global_vs_gfs_regions,Nested-EAGLE-Global (AI),GFS,global,global 0.25 degree,surface,2m_specific_humidity,2m_specific_humidity,,192,D8,0.212
nested_global_vs_gfs_regions,Nested-EAGLE-Global (AI),GFS,global,global 0.25 degree,surface,2m_specific_humidity,2m_specific_humidity,,216,D9,0.216
nested_global_vs_gfs_regions,Nested-EAGLE-Global (AI),GFS,global,global 0.25 degree,surface,2m_specific_humidity,2m_specific_humidity,,240,D10,0.2
nested_global_vs_gfs_regions,Nested-EAGLE-Global (AI),GFS,global,global 0.25 degree,surface,10m_wind_speed,10m_wind_speed,,24,D1,4.921
nested_global_vs_gfs_regions,Nested-EAGLE-Global (AI),GFS,global,global 0.25 degree,surface,10m_wind_speed,10m_wind_speed,,48,D2,5.332
nested_global_vs_gfs_regions,Nested-EAGLE-Global (AI),GFS,global,global 0.25 degree,surface,10m_wind_speed,10m_wind_speed,,72,D3,5.308
nested_global_vs_gfs_regions,Nested-EAGLE-Global (AI),GFS,global,global 0.25 degree,surface,10m_wind_speed,10m_wind_speed,,96,D4,5.096
nested_global_vs_gfs_regions,Nested-EAGLE-Global (AI),GFS,global,global 0.25 degree,surface,10m_wind_speed,10m_wind_speed,,120,D5,4.903
nested_global_vs_gfs_regions,Nested-EAGLE-Global (AI),GFS,global,global 0.25 degree,surface,10m_wind_speed,10m_wind_speed,,144,D6,5.129
nested_global_vs_gfs_regions,Nested-EAGLE-Global (AI),GFS,global,global 0.25 degree,surface,10m_wind_speed,10m_wind_speed,,168,D7,5.116
nested_global_vs_gfs_regions,Nested-EAGLE-Global (AI),GFS,global,global 0.25 degree,surface,10m_wind_speed,10m_wind_speed,,192,D8,4.553
nested_global_vs_gfs_regions,Nested-EAGLE-Global (AI),GFS,global,global 0.25 degree,surface,10m_wind_speed,10m_wind_speed,,216,D9,4.851
nested_global_vs_gfs_regions,Nested-EAGLE-Global (AI),GFS,global,global 0.25 degree,surface,10m_wind_speed,10m_wind_speed,,240,D10,4.946
nested_global_vs_gfs_regions,Nested-EAGLE-Global (AI),GFS,northern_hemisphere,global 0.25 degree,geopotential_height,geopotential_height,geopotential_height 250,250,24,D1,-0.187
nested_global_vs_gfs_regions,Nested-EAGLE-Global (AI),GFS,northern_hemisphere,global 0.25 degree,geopotential_height,geopotential_height,geopotential_height 250,250,48,D2,-0.207
nested_global_vs_gfs_regions,Nested-EAGLE-Global (AI),GFS,northern_hemisphere,global 0.25 degree,geopotential_height,geopotential_height,geopotential_height 250,250,72,D3,-0.479
nested_global_vs_gfs_regions,Nested-EAGLE-Global (AI),GFS,northern_hemisphere,global 0.25 degree,geopotential_height,geopotential_height,geopotential_height 250,250,96,D4,-0.361
nested_global_vs_gfs_regions,Nested-EAGLE-Global (AI),GFS,northern_hemisphere,global 0.25 degree,geopotential_height,geopotential_height,geopotential_height 250,250,120,D5,0.189
nested_global_vs_gfs_regions,Nested-EAGLE-Global (AI),GFS,northern_hemisphere,global 0.25 degree,geopotential_height,geopotential_height,geopotential_height 250,250,144,D6,0.835
nested_global_vs_gfs_regions,Nested-EAGLE-Global (AI),GFS,northern_hemisphere,global 0.25 degree,geopotential_height,geopotential_height,geopotential_height 250,250,168,D7,1.856
nested_global_vs_gfs_regions,Nested-EAGLE-Global (AI),GFS,northern_hemisphere,global 0.25 degree,geopotential_height,geopotential_height,geopotential_height 250,250,192,D8,2.835
nested_global_vs_gfs_regions,Nested-EAGLE-Global (AI),GFS,northern_hemisphere,global 0.25 degree,geopotential_height,geopotential_height,geopotential_height 250,250,216,D9,2.946
nested_global_vs_gfs_regions,Nested-EAGLE-Global (AI),GFS,northern_hemisphere,global 0.25 degree,geopotential_height,geopotential_height,geopotential_height 250,250,240,D10,3.233
nested_global_vs_gfs_regions,Nested-EAGLE-Global (AI),GFS,northern_hemisphere,global 0.25 degree,geopotential_height,geopotential_height,geopotential_height 500,500,24,D1,0.025
nested_global_vs_gfs_regions,Nested-EAGLE-Global (AI),GFS,northern_hemisphere,global 0.25 degree,geopotential_height,geopotential_height,geopotential_height 500,500,48,D2,-0.328
nested_global_vs_gfs_regions,Nested-EAGLE-Global (AI),GFS,northern_hemisphere,global 0.25 degree,geopotential_height,geopotential_height,geopotential_height 500,500,72,D3,-0.821
nested_global_vs_gfs_regions,Nested-EAGLE-Global (AI),GFS,northern_hemisphere,global 0.25 degree,geopotential_height,geopotential_height,geopotential_height 500,500,96,D4,-0.56
nested_global_vs_gfs_regions,Nested-EAGLE-Global (AI),GFS,northern_hemisphere,global 0.25 degree,geopotential_height,geopotential_height,geopotential_height 500,500,120,D5,0.259
nested_global_vs_gfs_regions,Nested-EAGLE-Global (AI),GFS,northern_hemisphere,global 0.25 degree,geopotential_height,geopotential_height,geopotential_height 500,500,144,D6,0.349
nested_global_vs_gfs_regions,Nested-EAGLE-Global (AI),GFS,northern_hemisphere,global 0.25 degree,geopotential_height,geopotential_height,geopotential_height 500,500,168,D7,1.163
nested_global_vs_gfs_regions,Nested-EAGLE-Global (AI),GFS,northern_hemisphere,global 0.25 degree,geopotential_height,geopotential_height,geopotential_height 500,500,192,D8,1.359
nested_global_vs_gfs_regions,Nested-EAGLE-Global (AI),GFS,northern_hemisphere,global 0.25 degree,geopotential_height,geopotential_height,geopotential_height 500,500,216,D9,1.484
nested_global_vs_gfs_regions,Nested-EAGLE-Global (AI),GFS,northern_hemisphere,global 0.25 degree,geopotential_height,geopotential_height,geopotential_height 500,500,240,D10,1.85
nested_global_vs_gfs_regions,Nested-EAGLE-Global (AI),GFS,northern_hemisphere,global 0.25 degree,geopotential_height,geopotential_height,geopotential_height 850,850,24,D1,2.474
nested_global_vs_gfs_regions,Nested-EAGLE-Global (AI),GFS,northern_hemisphere,global 0.25 degree,geopotential_height,geopotential_height,geopotential_height 850,850,48,D2,1.6
nested_global_vs_gfs_regions,Nested-EAGLE-Global (AI),GFS,northern_hemisphere,global 0.25 degree,geopotential_height,geopotential_height,geopotential_height 850,850,72,D3,0.049
nested_global_vs_gfs_regions,Nested-EAGLE-Global (AI),GFS,northern_hemisphere,global 0.25 degree,geopotential_height,geopotential_height,geopotential_height 850,850,96,D4,-0.373
nested_global_vs_gfs_regions,Nested-EAGLE-Global (AI),GFS,northern_hemisphere,global 0.25 degree,geopotential_height,geopotential_height,geopotential_height 850,850,120,D5,1.015
nested_global_vs_gfs_regions,Nested-EAGLE-Global (AI),GFS,northern_hemisphere,global 0.25 degree,geopotential_height,geopotential_height,geopotential_height 850,850,144,D6,1.985
nested_global_vs_gfs_regions,Nested-EAGLE-Global (AI),GFS,northern_hemisphere,global 0.25 degree,geopotential_height,geopotential_height,geopotential_height 850,850,168,D7,2.235
nested_global_vs_gfs_regions,Nested-EAGLE-Global (AI),GFS,northern_hemisphere,global 0.25 degree,geopotential_height,geopotential_height,geopotential_height 850,850,192,D8,1.607
nested_global_vs_gfs_regions,Nested-EAGLE-Global (AI),GFS,northern_hemisphere,global 0.25 degree,geopotential_height,geopotential_height,geopotential_height 850,850,216,D9,2.665
nested_global_vs_gfs_regions,Nested-EAGLE-Global (AI),GFS,northern_hemisphere,global 0.25 degree,geopotential_height,geopotential_height,geopotential_height 850,850,240,D10,3.527
nested_global_vs_gfs_regions,Nested-EAGLE-Global (AI),GFS,northern_hemisphere,global 0.25 degree,zonal_wind,zonal_wind,zonal_wind 250,250,24,D1,5.874
nested_global_vs_gfs_regions,Nested-EAGLE-Global (AI),GFS,northern_hemisphere,global 0.25 degree,zonal_wind,zonal_wind,zonal_wind 250,250,48,D2,7.131
nested_global_vs_gfs_regions,Nested-EAGLE-Global (AI),GFS,northern_hemisphere,global 0.25 degree,zonal_wind,zonal_wind,zonal_wind 250,250,72,D3,6.669
nested_global_vs_gfs_regions,Nested-EAGLE-Global (AI),GFS,northern_hemisphere,global 0.25 degree,zonal_wind,zonal_wind,zonal_wind 250,250,96,D4,6.419
nested_global_vs_gfs_regions,Nested-EAGLE-Global (AI),GFS,northern_hemisphere,global 0.25 degree,zonal_wind,zonal_wind,zonal_wind 250,250,120,D5,5.127
nested_global_vs_gfs_regions,Nested-EAGLE-Global (AI),GFS,northern_hemisphere,global 0.25 degree,zonal_wind,zonal_wind,zonal_wind 250,250,144,D6,4.533
nested_global_vs_gfs_regions,Nested-EAGLE-Global (AI),GFS,northern_hemisphere,global 0.25 degree,zonal_wind,zonal_wind,zonal_wind 250,250,168,D7,4.288
nested_global_vs_gfs_regions,Nested-EAGLE-Global (AI),GFS,northern_hemisphere,global 0.25 degree,zonal_wind,zonal_wind,zonal_wind 250,250,192,D8,4.982
nested_global_vs_gfs_regions,Nested-EAGLE-Global (AI),GFS,northern_hemisphere,global 0.25 degree,zonal_wind,zonal_wind,zonal_wind 250,250,216,D9,5.263
nested_global_vs_gfs_regions,Nested-EAGLE-Global (AI),GFS,northern_hemisphere,global 0.25 degree,zonal_wind,zonal_wind,zonal_wind 250,250,240,D10,4.053
nested_global_vs_gfs_regions,Nested-EAGLE-Global (AI),GFS,northern_hemisphere,global 0.25 degree,zonal_wind,zonal_wind,zonal_wind 500,500,24,D1,5.74
nested_global_vs_gfs_regions,Nested-EAGLE-Global (AI),GFS,northern_hemisphere,global 0.25 degree,zonal_wind,zonal_wind,zonal_wind 500,500,48,D2,7.713
nested_global_vs_gfs_regions,Nested-EAGLE-Global (AI),GFS,northern_hemisphere,global 0.25 degree,zonal_wind,zonal_wind,zonal_wind 500,500,72,D3,8.555
nested_global_vs_gfs_regions,Nested-EAGLE-Global (AI),GFS,northern_hemisphere,global 0.25 degree,zonal_wind,zonal_wind,zonal_wind 500,500,96,D4,7.633
nested_global_vs_gfs_regions,Nested-EAGLE-Global (AI),GFS,northern_hemisphere,global 0.25 degree,zonal_wind,zonal_wind,zonal_wind 500,500,120,D5,6.561
nested_global_vs_gfs_regions,Nested-EAGLE-Global (AI),GFS,northern_hemisphere,global 0.25 degree,zonal_wind,zonal_wind,zonal_wind 500,500,144,D6,4.717
nested_global_vs_gfs_regions,Nested-EAGLE-Global (AI),GFS,northern_hemisphere,global 0.25 degree,zonal_wind,zonal_wind,zonal_wind 500,500,168,D7,4.472
nested_global_vs_gfs_regions,Nested-EAGLE-Global (AI),GFS,northern_hemisphere,global 0.25 degree,zonal_wind,zonal_wind,zonal_wind 500,500,192,D8,3.693
nested_global_vs_gfs_regions,Nested-EAGLE-Global (AI),GFS,northern_hemisphere,global 0.25 degree,zonal_wind,zonal_wind,zonal_wind 500,500,216,D9,3.882
nested_global_vs_gfs_regions,Nested-EAGLE-Global (AI),GFS,northern_hemisphere,global 0.25 degree,zonal_wind,zonal_wind,zonal_wind 500,500,240,D10,3.469
nested_global_vs_gfs_regions,Nested-EAGLE-Global (AI),GFS,northern_hemisphere,global 0.25 degree,zonal_wind,zonal_wind,zonal_wind 850,850,24,D1,6.353
nested_global_vs_gfs_regions,Nested-EAGLE-Global (AI),GFS,northern_hemisphere,global 0.25 degree,zonal_wind,zonal_wind,zonal_wind 850,850,48,D2,7.793
nested_global_vs_gfs_regions,Nested-EAGLE-Global (AI),GFS,northern_hemisphere,global 0.25 degree,zonal_wind,zonal_wind,zonal_wind 850,850,72,D3,7.673
nested_global_vs_gfs_regions,Nested-EAGLE-Global (AI),GFS,northern_hemisphere,global 0.25 degree,zonal_wind,zonal_wind,zonal_wind 850,850,96,D4,6.857
nested_global_vs_gfs_regions,Nested-EAGLE-Global (AI),GFS,northern_hemisphere,global 0.25 degree,zonal_wind,zonal_wind,zonal_wind 850,850,120,D5,7.227
nested_global_vs_gfs_regions,Nested-EAGLE-Global (AI),GFS,northern_hemisphere,global 0.25 degree,zonal_wind,zonal_wind,zonal_wind 850,850,144,D6,6.296
nested_global_vs_gfs_regions,Nested-EAGLE-Global (AI),GFS,northern_hemisphere,global 0.25 degree,zonal_wind,zonal_wind,zonal_wind 850,850,168,D7,5.477
nested_global_vs_gfs_regions,Nested-EAGLE-Global (AI),GFS,northern_hemisphere,global 0.25 degree,zonal_wind,zonal_wind,zonal_wind 850,850,192,D8,5.077
nested_global_vs_gfs_regions,Nested-EAGLE-Global (AI),GFS,northern_hemisphere,global 0.25 degree,zonal_wind,zonal_wind,zonal_wind 850,850,216,D9,5.019
nested_global_vs_gfs_regions,Nested-EAGLE-Global (AI),GFS,northern_hemisphere,global 0.25 degree,zonal_wind,zonal_wind,zonal_wind 850,850,240,D10,4.711
nested_global_vs_gfs_regions,Nested-EAGLE-Global (AI),GFS,northern_hemisphere,global 0.25 degree,meridional_wind,meridional_wind,meridional_wind 250,250,24,D1,5.503
nested_global_vs_gfs_regions,Nested-EAGLE-Global (AI),GFS,northern_hemisphere,global 0.25 degree,meridional_wind,meridional_wind,meridional_wind 250,250,48,D2,6.852
nested_global_vs_gfs_regions,Nested-EAGLE-Global (AI),GFS,northern_hemisphere,global 0.25 degree,meridional_wind,meridional_wind,meridional_wind 250,250,72,D3,5.54
nested_global_vs_gfs_regions,Nested-EAGLE-Global (AI),GFS,northern_hemisphere,global 0.25 degree,meridional_wind,meridional_wind,meridional_wind 250,250,96,D4,5.421
nested_global_vs_gfs_regions,Nested-EAGLE-Global (AI),GFS,northern_hemisphere,global 0.25 degree,meridional_wind,meridional_wind,meridional_wind 250,250,120,D5,6.316
nested_global_vs_gfs_regions,Nested-EAGLE-Global (AI),GFS,northern_hemisphere,global 0.25 degree,meridional_wind,meridional_wind,meridional_wind 250,250,144,D6,5.817
nested_global_vs_gfs_regions,Nested-EAGLE-Global (AI),GFS,northern_hemisphere,global 0.25 degree,meridional_wind,meridional_wind,meridional_wind 250,250,168,D7,6.043
nested_global_vs_gfs_regions,Nested-EAGLE-Global (AI),GFS,northern_hemisphere,global 0.25 degree,meridional_wind,meridional_wind,meridional_wind 250,250,192,D8,5.962
nested_global_vs_gfs_regions,Nested-EAGLE-Global (AI),GFS,northern_hemisphere,global 0.25 degree,meridional_wind,meridional_wind,meridional_wind 250,250,216,D9,5.976
nested_global_vs_gfs_regions,Nested-EAGLE-Global (AI),GFS,northern_hemisphere,global 0.25 degree,meridional_wind,meridional_wind,meridional_wind 250,250,240,D10,4.065
nested_global_vs_gfs_regions,Nested-EAGLE-Global (AI),GFS,northern_hemisphere,global 0.25 degree,meridional_wind,meridional_wind,meridional_wind 500,500,24,D1,4.924
nested_global_vs_gfs_regions,Nested-EAGLE-Global (AI),GFS,northern_hemisphere,global 0.25 degree,meridional_wind,meridional_wind,meridional_wind 500,500,48,D2,6.912
nested_global_vs_gfs_regions,Nested-EAGLE-Global (AI),GFS,northern_hemisphere,global 0.25 degree,meridional_wind,meridional_wind,meridional_wind 500,500,72,D3,6.888
nested_global_vs_gfs_regions,Nested-EAGLE-Global (AI),GFS,northern_hemisphere,global 0.25 degree,meridional_wind,meridional_wind,meridional_wind 500,500,96,D4,6.25
nested_global_vs_gfs_regions,Nested-EAGLE-Global (AI),GFS,northern_hemisphere,global 0.25 degree,meridional_wind,meridional_wind,meridional_wind 500,500,120,D5,6.066
nested_global_vs_gfs_regions,Nested-EAGLE-Global (AI),GFS,northern_hemisphere,global 0.25 degree,meridional_wind,meridional_wind,meridional_wind 500,500,144,D6,5.931
nested_global_vs_gfs_regions,Nested-EAGLE-Global (AI),GFS,northern_hemisphere,global 0.25 degree,meridional_wind,meridional_wind,meridional_wind 500,500,168,D7,6.338
nested_global_vs_gfs_regions,Nested-EAGLE-Global (AI),GFS,northern_hemisphere,global 0.25 degree,meridional_wind,meridional_wind,meridional_wind 500,500,192,D8,5.413
nested_global_vs_gfs_regions,Nested-EAGLE-Global (AI),GFS,northern_hemisphere,global 0.25 degree,meridional_wind,meridional_wind,meridional_wind 500,500,216,D9,4.916
nested_global_vs_gfs_regions,Nested-EAGLE-Global (AI),GFS,northern_hemisphere,global 0.25 degree,meridional_wind,meridional_wind,meridional_wind 500,500,240,D10,2.546
nested_global_vs_gfs_regions,Nested-EAGLE-Global (AI),GFS,northern_hemisphere,global 0.25 degree,meridional_wind,meridional_wind,meridional_wind 850,850,24,D1,6.132
nested_global_vs_gfs_regions,Nested-EAGLE-Global (AI),GFS,northern_hemisphere,global 0.25 degree,meridional_wind,meridional_wind,meridional_wind 850,850,48,D2,7.482
nested_global_vs_gfs_regions,Nested-EAGLE-Global (AI),GFS,northern_hemisphere,global 0.25 degree,meridional_wind,meridional_wind,meridional_wind 850,850,72,D3,7.355
nested_global_vs_gfs_regions,Nested-EAGLE-Global (AI),GFS,northern_hemisphere,global 0.25 degree,meridional_wind,meridional_wind,meridional_wind 850,850,96,D4,6.457
nested_global_vs_gfs_regions,Nested-EAGLE-Global (AI),GFS,northern_hemisphere,global 0.25 degree,meridional_wind,meridional_wind,meridional_wind 850,850,120,D5,6.455
nested_global_vs_gfs_regions,Nested-EAGLE-Global (AI),GFS,northern_hemisphere,global 0.25 degree,meridional_wind,meridional_wind,meridional_wind 850,850,144,D6,7.453
nested_global_vs_gfs_regions,Nested-EAGLE-Global (AI),GFS,northern_hemisphere,global 0.25 degree,meridional_wind,meridional_wind,meridional_wind 850,850,168,D7,7.084
nested_global_vs_gfs_regions,Nested-EAGLE-Global (AI),GFS,northern_hemisphere,global 0.25 degree,meridional_wind,meridional_wind,meridional_wind 850,850,192,D8,5.821
nested_global_vs_gfs_regions,Nested-EAGLE-Global (AI),GFS,northern_hemisphere,global 0.25 degree,meridional_wind,meridional_wind,meridional_wind 850,850,216,D9,5.088
nested_global_vs_gfs_regions,Nested-EAGLE-Global (AI),GFS,northern_hemisphere,global 0.25 degree,meridional_wind,meridional_wind,meridional_wind 850,850,240,D10,4.332
nested_global_vs_gfs_regions,Nested-EAGLE-Global (AI),GFS,northern_hemisphere,global 0.25 degree,temperature,temperature,temperature 250,250,24,D1,1.56
nested_global_vs_gfs_regions,Nested-EAGLE-Global (AI),GFS,northern_hemisphere,global 0.25 degree,temperature,temperature,temperature 250,250,48,D2,2.857
nested_global_vs_gfs_regions,Nested-EAGLE-Global (AI),GFS,northern_hemisphere,global 0.25 degree,temperature,temperature,temperature 250,250,72,D3,2.822
nested_global_vs_gfs_regions,Nested-EAGLE-Global (AI),GFS,northern_hemisphere,global 0.25 degree,temperature,temperature,temperature 250,250,96,D4,3.123
nested_global_vs_gfs_regions,Nested-EAGLE-Global (AI),GFS,northern_hemisphere,global 0.25 degree,temperature,temperature,temperature 250,250,120,D5,3.383
nested_global_vs_gfs_regions,Nested-EAGLE-Global (AI),GFS,northern_hemisphere,global 0.25 degree,temperature,temperature,temperature 250,250,144,D6,2.098
nested_global_vs_gfs_regions,Nested-EAGLE-Global (AI),GFS,northern_hemisphere,global 0.25 degree,temperature,temperature,temperature 250,250,168,D7,1.548
nested_global_vs_gfs_regions,Nested-EAGLE-Global (AI),GFS,northern_hemisphere,global 0.25 degree,temperature,temperature,temperature 250,250,192,D8,1.11
nested_global_vs_gfs_regions,Nested-EAGLE-Global (AI),GFS,northern_hemisphere,global 0.25 degree,temperature,temperature,temperature 250,250,216,D9,1.008
nested_global_vs_gfs_regions,Nested-EAGLE-Global (AI),GFS,northern_hemisphere,global 0.25 degree,temperature,temperature,temperature 250,250,240,D10,0.11
nested_global_vs_gfs_regions,Nested-EAGLE-Global (AI),GFS,northern_hemisphere,global 0.25 degree,temperature,temperature,temperature 500,500,24,D1,0.806
nested_global_vs_gfs_regions,Nested-EAGLE-Global (AI),GFS,northern_hemisphere,global 0.25 degree,temperature,temperature,temperature 500,500,48,D2,2.243
nested_global_vs_gfs_regions,Nested-EAGLE-Global (AI),GFS,northern_hemisphere,global 0.25 degree,temperature,temperature,temperature 500,500,72,D3,2.883
nested_global_vs_gfs_regions,Nested-EAGLE-Global (AI),GFS,northern_hemisphere,global 0.25 degree,temperature,temperature,temperature 500,500,96,D4,2.683
nested_global_vs_gfs_regions,Nested-EAGLE-Global (AI),GFS,northern_hemisphere,global 0.25 degree,temperature,temperature,temperature 500,500,120,D5,3.076
nested_global_vs_gfs_regions,Nested-EAGLE-Global (AI),GFS,northern_hemisphere,global 0.25 degree,temperature,temperature,temperature 500,500,144,D6,2.913
nested_global_vs_gfs_regions,Nested-EAGLE-Global (AI),GFS,northern_hemisphere,global 0.25 degree,temperature,temperature,temperature 500,500,168,D7,3.64
nested_global_vs_gfs_regions,Nested-EAGLE-Global (AI),GFS,northern_hemisphere,global 0.25 degree,temperature,temperature,temperature 500,500,192,D8,3.754
nested_global_vs_gfs_regions,Nested-EAGLE-Global (AI),GFS,northern_hemisphere,global 0.25 degree,temperature,temperature,temperature 500,500,216,D9,4.045
nested_global_vs_gfs_regions,Nested-EAGLE-Global (AI),GFS,northern_hemisphere,global 0.25 degree,temperature,temperature,temperature 500,500,240,D10,3.573
nested_global_vs_gfs_regions,Nested-EAGLE-Global (AI),GFS,northern_hemisphere,global 0.25 degree,temperature,temperature,temperature 850,850,24,D1,6.94
nested_global_vs_gfs_regions,Nested-EAGLE-Global (AI),GFS,northern_hemisphere,global 0.25 degree,temperature,temperature,temperature 850,850,48,D2,8.441
nested_global_vs_gfs_regions,Nested-EAGLE-Global (AI),GFS,northern_hemisphere,global 0.25 degree,temperature,temperature,temperature 850,850,72,D3,7.41
nested_global_vs_gfs_regions,Nested-EAGLE-Global (AI),GFS,northern_hemisphere,global 0.25 degree,temperature,temperature,temperature 850,850,96,D4,5.404
nested_global_vs_gfs_regions,Nested-EAGLE-Global (AI),GFS,northern_hemisphere,global 0.25 degree,temperature,temperature,temperature 850,850,120,D5,3.984
nested_global_vs_gfs_regions,Nested-EAGLE-Global (AI),GFS,northern_hemisphere,global 0.25 degree,temperature,temperature,temperature 850,850,144,D6,3.583
nested_global_vs_gfs_regions,Nested-EAGLE-Global (AI),GFS,northern_hemisphere,global 0.25 degree,temperature,temperature,temperature 850,850,168,D7,3.368
nested_global_vs_gfs_regions,Nested-EAGLE-Global (AI),GFS,northern_hemisphere,global 0.25 degree,temperature,temperature,temperature 850,850,192,D8,2.787
nested_global_vs_gfs_regions,Nested-EAGLE-Global (AI),GFS,northern_hemisphere,global 0.25 degree,temperature,temperature,temperature 850,850,216,D9,2.011
nested_global_vs_gfs_regions,Nested-EAGLE-Global (AI),GFS,northern_hemisphere,global 0.25 degree,temperature,temperature,temperature 850,850,240,D10,1.964
nested_global_vs_gfs_regions,Nested-EAGLE-Global (AI),GFS,northern_hemisphere,global 0.25 degree,specific_humidity,specific_humidity,specific_humidity 250,250,24,D1,2.481
nested_global_vs_gfs_regions,Nested-EAGLE-Global (AI),GFS,northern_hemisphere,global 0.25 degree,specific_humidity,specific_humidity,specific_humidity 250,250,48,D2,3.329
nested_global_vs_gfs_regions,Nested-EAGLE-Global (AI),GFS,northern_hemisphere,global 0.25 degree,specific_humidity,specific_humidity,specific_humidity 250,250,72,D3,3.539
nested_global_vs_gfs_regions,Nested-EAGLE-Global (AI),GFS,northern_hemisphere,global 0.25 degree,specific_humidity,specific_humidity,specific_humidity 250,250,96,D4,3.464
nested_global_vs_gfs_regions,Nested-EAGLE-Global (AI),GFS,northern_hemisphere,global 0.25 degree,specific_humidity,specific_humidity,specific_humidity 250,250,120,D5,3.852
nested_global_vs_gfs_regions,Nested-EAGLE-Global (AI),GFS,northern_hemisphere,global 0.25 degree,specific_humidity,specific_humidity,specific_humidity 250,250,144,D6,4.074
nested_global_vs_gfs_regions,Nested-EAGLE-Global (AI),GFS,northern_hemisphere,global 0.25 degree,specific_humidity,specific_humidity,specific_humidity 250,250,168,D7,4.328
nested_global_vs_gfs_regions,Nested-EAGLE-Global (AI),GFS,northern_hemisphere,global 0.25 degree,specific_humidity,specific_humidity,specific_humidity 250,250,192,D8,4.208
nested_global_vs_gfs_regions,Nested-EAGLE-Global (AI),GFS,northern_hemisphere,global 0.25 degree,specific_humidity,specific_humidity,specific_humidity 250,250,216,D9,4.231
nested_global_vs_gfs_regions,Nested-EAGLE-Global (AI),GFS,northern_hemisphere,global 0.25 degree,specific_humidity,specific_humidity,specific_humidity 250,250,240,D10,4.05
nested_global_vs_gfs_regions,Nested-EAGLE-Global (AI),GFS,northern_hemisphere,global 0.25 degree,specific_humidity,specific_humidity,specific_humidity 500,500,24,D1,7.516
nested_global_vs_gfs_regions,Nested-EAGLE-Global (AI),GFS,northern_hemisphere,global 0.25 degree,specific_humidity,specific_humidity,specific_humidity 500,500,48,D2,10.46
nested_global_vs_gfs_regions,Nested-EAGLE-Global (AI),GFS,northern_hemisphere,global 0.25 degree,specific_humidity,specific_humidity,specific_humidity 500,500,72,D3,10.765
nested_global_vs_gfs_regions,Nested-EAGLE-Global (AI),GFS,northern_hemisphere,global 0.25 degree,specific_humidity,specific_humidity,specific_humidity 500,500,96,D4,11.073
nested_global_vs_gfs_regions,Nested-EAGLE-Global (AI),GFS,northern_hemisphere,global 0.25 degree,specific_humidity,specific_humidity,specific_humidity 500,500,120,D5,11.148
nested_global_vs_gfs_regions,Nested-EAGLE-Global (AI),GFS,northern_hemisphere,global 0.25 degree,specific_humidity,specific_humidity,specific_humidity 500,500,144,D6,11.16
nested_global_vs_gfs_regions,Nested-EAGLE-Global (AI),GFS,northern_hemisphere,global 0.25 degree,specific_humidity,specific_humidity,specific_humidity 500,500,168,D7,10.773
nested_global_vs_gfs_regions,Nested-EAGLE-Global (AI),GFS,northern_hemisphere,global 0.25 degree,specific_humidity,specific_humidity,specific_humidity 500,500,192,D8,10.836
nested_global_vs_gfs_regions,Nested-EAGLE-Global (AI),GFS,northern_hemisphere,global 0.25 degree,specific_humidity,specific_humidity,specific_humidity 500,500,216,D9,10.347
nested_global_vs_gfs_regions,Nested-EAGLE-Global (AI),GFS,northern_hemisphere,global 0.25 degree,specific_humidity,specific_humidity,specific_humidity 500,500,240,D10,9.408
nested_global_vs_gfs_regions,Nested-EAGLE-Global (AI),GFS,northern_hemisphere,global 0.25 degree,specific_humidity,specific_humidity,specific_humidity 850,850,24,D1,5.666
nested_global_vs_gfs_regions,Nested-EAGLE-Global (AI),GFS,northern_hemisphere,global 0.25 degree,specific_humidity,specific_humidity,specific_humidity 850,850,48,D2,8.219
nested_global_vs_gfs_regions,Nested-EAGLE-Global (AI),GFS,northern_hemisphere,global 0.25 degree,specific_humidity,specific_humidity,specific_humidity 850,850,72,D3,8.174
nested_global_vs_gfs_regions,Nested-EAGLE-Global (AI),GFS,northern_hemisphere,global 0.25 degree,specific_humidity,specific_humidity,specific_humidity 850,850,96,D4,7.736
nested_global_vs_gfs_regions,Nested-EAGLE-Global (AI),GFS,northern_hemisphere,global 0.25 degree,specific_humidity,specific_humidity,specific_humidity 850,850,120,D5,7.032
nested_global_vs_gfs_regions,Nested-EAGLE-Global (AI),GFS,northern_hemisphere,global 0.25 degree,specific_humidity,specific_humidity,specific_humidity 850,850,144,D6,7.486
nested_global_vs_gfs_regions,Nested-EAGLE-Global (AI),GFS,northern_hemisphere,global 0.25 degree,specific_humidity,specific_humidity,specific_humidity 850,850,168,D7,7.306
nested_global_vs_gfs_regions,Nested-EAGLE-Global (AI),GFS,northern_hemisphere,global 0.25 degree,specific_humidity,specific_humidity,specific_humidity 850,850,192,D8,6.519
nested_global_vs_gfs_regions,Nested-EAGLE-Global (AI),GFS,northern_hemisphere,global 0.25 degree,specific_humidity,specific_humidity,specific_humidity 850,850,216,D9,5.719
nested_global_vs_gfs_regions,Nested-EAGLE-Global (AI),GFS,northern_hemisphere,global 0.25 degree,specific_humidity,specific_humidity,specific_humidity 850,850,240,D10,6.026
nested_global_vs_gfs_regions,Nested-EAGLE-Global (AI),GFS,northern_hemisphere,global 0.25 degree,wind_speed,wind_speed,wind_speed 250,250,24,D1,5.3
nested_global_vs_gfs_regions,Nested-EAGLE-Global (AI),GFS,northern_hemisphere,global 0.25 degree,wind_speed,wind_speed,wind_speed 250,250,48,D2,6.553
nested_global_vs_gfs_regions,Nested-EAGLE-Global (AI),GFS,northern_hemisphere,global 0.25 degree,wind_speed,wind_speed,wind_speed 250,250,72,D3,5.841
nested_global_vs_gfs_regions,Nested-EAGLE-Global (AI),GFS,northern_hemisphere,global 0.25 degree,wind_speed,wind_speed,wind_speed 250,250,96,D4,5.578
nested_global_vs_gfs_regions,Nested-EAGLE-Global (AI),GFS,northern_hemisphere,global 0.25 degree,wind_speed,wind_speed,wind_speed 250,250,120,D5,5.124
nested_global_vs_gfs_regions,Nested-EAGLE-Global (AI),GFS,northern_hemisphere,global 0.25 degree,wind_speed,wind_speed,wind_speed 250,250,144,D6,3.639
nested_global_vs_gfs_regions,Nested-EAGLE-Global (AI),GFS,northern_hemisphere,global 0.25 degree,wind_speed,wind_speed,wind_speed 250,250,168,D7,3.556
nested_global_vs_gfs_regions,Nested-EAGLE-Global (AI),GFS,northern_hemisphere,global 0.25 degree,wind_speed,wind_speed,wind_speed 250,250,192,D8,4.166
nested_global_vs_gfs_regions,Nested-EAGLE-Global (AI),GFS,northern_hemisphere,global 0.25 degree,wind_speed,wind_speed,wind_speed 250,250,216,D9,4.309
nested_global_vs_gfs_regions,Nested-EAGLE-Global (AI),GFS,northern_hemisphere,global 0.25 degree,wind_speed,wind_speed,wind_speed 250,250,240,D10,3.054
nested_global_vs_gfs_regions,Nested-EAGLE-Global (AI),GFS,northern_hemisphere,global 0.25 degree,wind_speed,wind_speed,wind_speed 500,500,24,D1,4.651
nested_global_vs_gfs_regions,Nested-EAGLE-Global (AI),GFS,northern_hemisphere,global 0.25 degree,wind_speed,wind_speed,wind_speed 500,500,48,D2,6.547
nested_global_vs_gfs_regions,Nested-EAGLE-Global (AI),GFS,northern_hemisphere,global 0.25 degree,wind_speed,wind_speed,wind_speed 500,500,72,D3,6.764
nested_global_vs_gfs_regions,Nested-EAGLE-Global (AI),GFS,northern_hemisphere,global 0.25 degree,wind_speed,wind_speed,wind_speed 500,500,96,D4,5.851
nested_global_vs_gfs_regions,Nested-EAGLE-Global (AI),GFS,northern_hemisphere,global 0.25 degree,wind_speed,wind_speed,wind_speed 500,500,120,D5,5.181
nested_global_vs_gfs_regions,Nested-EAGLE-Global (AI),GFS,northern_hemisphere,global 0.25 degree,wind_speed,wind_speed,wind_speed 500,500,144,D6,3.608
nested_global_vs_gfs_regions,Nested-EAGLE-Global (AI),GFS,northern_hemisphere,global 0.25 degree,wind_speed,wind_speed,wind_speed 500,500,168,D7,3.825
nested_global_vs_gfs_regions,Nested-EAGLE-Global (AI),GFS,northern_hemisphere,global 0.25 degree,wind_speed,wind_speed,wind_speed 500,500,192,D8,2.672
nested_global_vs_gfs_regions,Nested-EAGLE-Global (AI),GFS,northern_hemisphere,global 0.25 degree,wind_speed,wind_speed,wind_speed 500,500,216,D9,2.271
nested_global_vs_gfs_regions,Nested-EAGLE-Global (AI),GFS,northern_hemisphere,global 0.25 degree,wind_speed,wind_speed,wind_speed 500,500,240,D10,2.079
nested_global_vs_gfs_regions,Nested-EAGLE-Global (AI),GFS,northern_hemisphere,global 0.25 degree,wind_speed,wind_speed,wind_speed 850,850,24,D1,3.77
nested_global_vs_gfs_regions,Nested-EAGLE-Global (AI),GFS,northern_hemisphere,global 0.25 degree,wind_speed,wind_speed,wind_speed 850,850,48,D2,5.331
nested_global_vs_gfs_regions,Nested-EAGLE-Global (AI),GFS,northern_hemisphere,global 0.25 degree,wind_speed,wind_speed,wind_speed 850,850,72,D3,5.508
nested_global_vs_gfs_regions,Nested-EAGLE-Global (AI),GFS,northern_hemisphere,global 0.25 degree,wind_speed,wind_speed,wind_speed 850,850,96,D4,5.202
nested_global_vs_gfs_regions,Nested-EAGLE-Global (AI),GFS,northern_hemisphere,global 0.25 degree,wind_speed,wind_speed,wind_speed 850,850,120,D5,5.103
nested_global_vs_gfs_regions,Nested-EAGLE-Global (AI),GFS,northern_hemisphere,global 0.25 degree,wind_speed,wind_speed,wind_speed 850,850,144,D6,4.928
nested_global_vs_gfs_regions,Nested-EAGLE-Global (AI),GFS,northern_hemisphere,global 0.25 degree,wind_speed,wind_speed,wind_speed 850,850,168,D7,4.383
nested_global_vs_gfs_regions,Nested-EAGLE-Global (AI),GFS,northern_hemisphere,global 0.25 degree,wind_speed,wind_speed,wind_speed 850,850,192,D8,3.621
nested_global_vs_gfs_regions,Nested-EAGLE-Global (AI),GFS,northern_hemisphere,global 0.25 degree,wind_speed,wind_speed,wind_speed 850,850,216,D9,3.507
nested_global_vs_gfs_regions,Nested-EAGLE-Global (AI),GFS,northern_hemisphere,global 0.25 degree,wind_speed,wind_speed,wind_speed 850,850,240,D10,3.421
nested_global_vs_gfs_regions,Nested-EAGLE-Global (AI),GFS,northern_hemisphere,global 0.25 degree,surface,surface_pressure,surface_pressure,,24,D1,0.068
nested_global_vs_gfs_regions,Nested-EAGLE-Global (AI),GFS,northern_hemisphere,global 0.25 degree,surface,surface_pressure,surface_pressure,,48,D2,0.034
nested_global_vs_gfs_regions,Nested-EAGLE-Global (AI),GFS,northern_hemisphere,global 0.25 degree,surface,surface_pressure,surface_pressure,,72,D3,-0.002
nested_global_vs_gfs_regions,Nested-EAGLE-Global (AI),GFS,northern_hemisphere,global 0.25 degree,surface,surface_pressure,surface_pressure,,96,D4,-0.006
nested_global_vs_gfs_regions,Nested-EAGLE-Global (AI),GFS,northern_hemisphere,global 0.25 degree,surface,surface_pressure,surface_pressure,,120,D5,0.015
nested_global_vs_gfs_regions,Nested-EAGLE-Global (AI),GFS,northern_hemisphere,global 0.25 degree,surface,surface_pressure,surface_pressure,,144,D6,0.017
nested_global_vs_gfs_regions,Nested-EAGLE-Global (AI),GFS,northern_hemisphere,global 0.25 degree,surface,surface_pressure,surface_pressure,,168,D7,0.013
nested_global_vs_gfs_regions,Nested-EAGLE-Global (AI),GFS,northern_hemisphere,global 0.25 degree,surface,surface_pressure,surface_pressure,,192,D8,-0.013
nested_global_vs_gfs_regions,Nested-EAGLE-Global (AI),GFS,northern_hemisphere,global 0.25 degree,surface,surface_pressure,surface_pressure,,216,D9,0.005
nested_global_vs_gfs_regions,Nested-EAGLE-Global (AI),GFS,northern_hemisphere,global 0.25 degree,surface,surface_pressure,surface_pressure,,240,D10,-0.028
nested_global_vs_gfs_regions,Nested-EAGLE-Global (AI),GFS,northern_hemisphere,global 0.25 degree,surface,10m_zonal_wind,10m_zonal_wind,,24,D1,9.659
nested_global_vs_gfs_regions,Nested-EAGLE-Global (AI),GFS,northern_hemisphere,global 0.25 degree,surface,10m_zonal_wind,10m_zonal_wind,,48,D2,10.304
nested_global_vs_gfs_regions,Nested-EAGLE-Global (AI),GFS,northern_hemisphere,global 0.25 degree,surface,10m_zonal_wind,10m_zonal_wind,,72,D3,9.891
nested_global_vs_gfs_regions,Nested-EAGLE-Global (AI),GFS,northern_hemisphere,global 0.25 degree,surface,10m_zonal_wind,10m_zonal_wind,,96,D4,9.192
nested_global_vs_gfs_regions,Nested-EAGLE-Global (AI),GFS,northern_hemisphere,global 0.25 degree,surface,10m_zonal_wind,10m_zonal_wind,,120,D5,8.419
nested_global_vs_gfs_regions,Nested-EAGLE-Global (AI),GFS,northern_hemisphere,global 0.25 degree,surface,10m_zonal_wind,10m_zonal_wind,,144,D6,8.209
nested_global_vs_gfs_regions,Nested-EAGLE-Global (AI),GFS,northern_hemisphere,global 0.25 degree,surface,10m_zonal_wind,10m_zonal_wind,,168,D7,8.688
nested_global_vs_gfs_regions,Nested-EAGLE-Global (AI),GFS,northern_hemisphere,global 0.25 degree,surface,10m_zonal_wind,10m_zonal_wind,,192,D8,7.683
nested_global_vs_gfs_regions,Nested-EAGLE-Global (AI),GFS,northern_hemisphere,global 0.25 degree,surface,10m_zonal_wind,10m_zonal_wind,,216,D9,7.255
nested_global_vs_gfs_regions,Nested-EAGLE-Global (AI),GFS,northern_hemisphere,global 0.25 degree,surface,10m_zonal_wind,10m_zonal_wind,,240,D10,7.482
nested_global_vs_gfs_regions,Nested-EAGLE-Global (AI),GFS,northern_hemisphere,global 0.25 degree,surface,10m_meridional_wind,10m_meridional_wind,,24,D1,9.642
nested_global_vs_gfs_regions,Nested-EAGLE-Global (AI),GFS,northern_hemisphere,global 0.25 degree,surface,10m_meridional_wind,10m_meridional_wind,,48,D2,10.23
nested_global_vs_gfs_regions,Nested-EAGLE-Global (AI),GFS,northern_hemisphere,global 0.25 degree,surface,10m_meridional_wind,10m_meridional_wind,,72,D3,9.961
nested_global_vs_gfs_regions,Nested-EAGLE-Global (AI),GFS,northern_hemisphere,global 0.25 degree,surface,10m_meridional_wind,10m_meridional_wind,,96,D4,9.647
nested_global_vs_gfs_regions,Nested-EAGLE-Global (AI),GFS,northern_hemisphere,global 0.25 degree,surface,10m_meridional_wind,10m_meridional_wind,,120,D5,8.733
nested_global_vs_gfs_regions,Nested-EAGLE-Global (AI),GFS,northern_hemisphere,global 0.25 degree,surface,10m_meridional_wind,10m_meridional_wind,,144,D6,9.28
nested_global_vs_gfs_regions,Nested-EAGLE-Global (AI),GFS,northern_hemisphere,global 0.25 degree,surface,10m_meridional_wind,10m_meridional_wind,,168,D7,9.477
nested_global_vs_gfs_regions,Nested-EAGLE-Global (AI),GFS,northern_hemisphere,global 0.25 degree,surface,10m_meridional_wind,10m_meridional_wind,,192,D8,8.761
nested_global_vs_gfs_regions,Nested-EAGLE-Global (AI),GFS,northern_hemisphere,global 0.25 degree,surface,10m_meridional_wind,10m_meridional_wind,,216,D9,8.526
nested_global_vs_gfs_regions,Nested-EAGLE-Global (AI),GFS,northern_hemisphere,global 0.25 degree,surface,10m_meridional_wind,10m_meridional_wind,,240,D10,8.485
nested_global_vs_gfs_regions,Nested-EAGLE-Global (AI),GFS,northern_hemisphere,global 0.25 degree,surface,2m_temperature,2m_temperature,,24,D1,6.245
nested_global_vs_gfs_regions,Nested-EAGLE-Global (AI),GFS,northern_hemisphere,global 0.25 degree,surface,2m_temperature,2m_temperature,,48,D2,6.175
nested_global_vs_gfs_regions,Nested-EAGLE-Global (AI),GFS,northern_hemisphere,global 0.25 degree,surface,2m_temperature,2m_temperature,,72,D3,5.767
nested_global_vs_gfs_regions,Nested-EAGLE-Global (AI),GFS,northern_hemisphere,global 0.25 degree,surface,2m_temperature,2m_temperature,,96,D4,5.513
nested_global_vs_gfs_regions,Nested-EAGLE-Global (AI),GFS,northern_hemisphere,global 0.25 degree,surface,2m_temperature,2m_temperature,,120,D5,4.719
nested_global_vs_gfs_regions,Nested-EAGLE-Global (AI),GFS,northern_hemisphere,global 0.25 degree,surface,2m_temperature,2m_temperature,,144,D6,4.215
nested_global_vs_gfs_regions,Nested-EAGLE-Global (AI),GFS,northern_hemisphere,global 0.25 degree,surface,2m_temperature,2m_temperature,,168,D7,4.018
nested_global_vs_gfs_regions,Nested-EAGLE-Global (AI),GFS,northern_hemisphere,global 0.25 degree,surface,2m_temperature,2m_temperature,,192,D8,2.895
nested_global_vs_gfs_regions,Nested-EAGLE-Global (AI),GFS,northern_hemisphere,global 0.25 degree,surface,2m_temperature,2m_temperature,,216,D9,2.698
nested_global_vs_gfs_regions,Nested-EAGLE-Global (AI),GFS,northern_hemisphere,global 0.25 degree,surface,2m_temperature,2m_temperature,,240,D10,2.344
nested_global_vs_gfs_regions,Nested-EAGLE-Global (AI),GFS,northern_hemisphere,global 0.25 degree,surface,2m_specific_humidity,2m_specific_humidity,,24,D1,0.09
nested_global_vs_gfs_regions,Nested-EAGLE-Global (AI),GFS,northern_hemisphere,global 0.25 degree,surface,2m_specific_humidity,2m_specific_humidity,,48,D2,0.127
nested_global_vs_gfs_regions,Nested-EAGLE-Global (AI),GFS,northern_hemisphere,global 0.25 degree,surface,2m_specific_humidity,2m_specific_humidity,,72,D3,0.154
nested_global_vs_gfs_regions,Nested-EAGLE-Global (AI),GFS,northern_hemisphere,global 0.25 degree,surface,2m_specific_humidity,2m_specific_humidity,,96,D4,0.158
nested_global_vs_gfs_regions,Nested-EAGLE-Global (AI),GFS,northern_hemisphere,global 0.25 degree,surface,2m_specific_humidity,2m_specific_humidity,,120,D5,0.172
nested_global_vs_gfs_regions,Nested-EAGLE-Global (AI),GFS,northern_hemisphere,global 0.25 degree,surface,2m_specific_humidity,2m_specific_humidity,,144,D6,0.191
nested_global_vs_gfs_regions,Nested-EAGLE-Global (AI),GFS,northern_hemisphere,global 0.25 degree,surface,2m_specific_humidity,2m_specific_humidity,,168,D7,0.177
nested_global_vs_gfs_regions,Nested-EAGLE-Global (AI),GFS,northern_hemisphere,global 0.25 degree,surface,2m_specific_humidity,2m_specific_humidity,,192,D8,0.151
nested_global_vs_gfs_regions,Nested-EAGLE-Global (AI),GFS,northern_hemisphere,global 0.25 degree,surface,2m_specific_humidity,2m_specific_humidity,,216,D9,0.153
nested_global_vs_gfs_regions,Nested-EAGLE-Global (AI),GFS,northern_hemisphere,global 0.25 degree,surface,2m_specific_humidity,2m_specific_humidity,,240,D10,0.156
nested_global_vs_gfs_regions,Nested-EAGLE-Global (AI),GFS,northern_hemisphere,global 0.25 degree,surface,10m_wind_speed,10m_wind_speed,,24,D1,7.128
nested_global_vs_gfs_regions,Nested-EAGLE-Global (AI),GFS,northern_hemisphere,global 0.25 degree,surface,10m_wind_speed,10m_wind_speed,,48,D2,7.492
nested_global_vs_gfs_regions,Nested-EAGLE-Global (AI),GFS,northern_hemisphere,global 0.25 degree,surface,10m_wind_speed,10m_wind_speed,,72,D3,7.306
nested_global_vs_gfs_regions,Nested-EAGLE-Global (AI),GFS,northern_hemisphere,global 0.25 degree,surface,10m_wind_speed,10m_wind_speed,,96,D4,6.821
nested_global_vs_gfs_regions,Nested-EAGLE-Global (AI),GFS,northern_hemisphere,global 0.25 degree,surface,10m_wind_speed,10m_wind_speed,,120,D5,6.347
nested_global_vs_gfs_regions,Nested-EAGLE-Global (AI),GFS,northern_hemisphere,global 0.25 degree,surface,10m_wind_speed,10m_wind_speed,,144,D6,6.522
nested_global_vs_gfs_regions,Nested-EAGLE-Global (AI),GFS,northern_hemisphere,global 0.25 degree,surface,10m_wind_speed,10m_wind_speed,,168,D7,6.447
nested_global_vs_gfs_regions,Nested-EAGLE-Global (AI),GFS,northern_hemisphere,global 0.25 degree,surface,10m_wind_speed,10m_wind_speed,,192,D8,5.717
nested_global_vs_gfs_regions,Nested-EAGLE-Global (AI),GFS,northern_hemisphere,global 0.25 degree,surface,10m_wind_speed,10m_wind_speed,,216,D9,5.985
nested_global_vs_gfs_regions,Nested-EAGLE-Global (AI),GFS,northern_hemisphere,global 0.25 degree,surface,10m_wind_speed,10m_wind_speed,,240,D10,6.178
nested_global_vs_gfs_regions,Nested-EAGLE-Global (AI),GFS,southern_hemisphere,global 0.25 degree,geopotential_height,geopotential_height,geopotential_height 250,250,24,D1,1.286
nested_global_vs_gfs_regions,Nested-EAGLE-Global (AI),GFS,southern_hemisphere,global 0.25 degree,geopotential_height,geopotential_height,geopotential_height 250,250,48,D2,-1.101
nested_global_vs_gfs_regions,Nested-EAGLE-Global (AI),GFS,southern_hemisphere,global 0.25 degree,geopotential_height,geopotential_height,geopotential_height 250,250,72,D3,-0.317
nested_global_vs_gfs_regions,Nested-EAGLE-Global (AI),GFS,southern_hemisphere,global 0.25 degree,geopotential_height,geopotential_height,geopotential_height 250,250,96,D4,0.387
nested_global_vs_gfs_regions,Nested-EAGLE-Global (AI),GFS,southern_hemisphere,global 0.25 degree,geopotential_height,geopotential_height,geopotential_height 250,250,120,D5,2.409
nested_global_vs_gfs_regions,Nested-EAGLE-Global (AI),GFS,southern_hemisphere,global 0.25 degree,geopotential_height,geopotential_height,geopotential_height 250,250,144,D6,2.843
nested_global_vs_gfs_regions,Nested-EAGLE-Global (AI),GFS,southern_hemisphere,global 0.25 degree,geopotential_height,geopotential_height,geopotential_height 250,250,168,D7,1.119
nested_global_vs_gfs_regions,Nested-EAGLE-Global (AI),GFS,southern_hemisphere,global 0.25 degree,geopotential_height,geopotential_height,geopotential_height 250,250,192,D8,1.891
nested_global_vs_gfs_regions,Nested-EAGLE-Global (AI),GFS,southern_hemisphere,global 0.25 degree,geopotential_height,geopotential_height,geopotential_height 250,250,216,D9,-0.734
nested_global_vs_gfs_regions,Nested-EAGLE-Global (AI),GFS,southern_hemisphere,global 0.25 degree,geopotential_height,geopotential_height,geopotential_height 250,250,240,D10,0.007
nested_global_vs_gfs_regions,Nested-EAGLE-Global (AI),GFS,southern_hemisphere,global 0.25 degree,geopotential_height,geopotential_height,geopotential_height 500,500,24,D1,1.3
nested_global_vs_gfs_regions,Nested-EAGLE-Global (AI),GFS,southern_hemisphere,global 0.25 degree,geopotential_height,geopotential_height,geopotential_height 500,500,48,D2,1.159
nested_global_vs_gfs_regions,Nested-EAGLE-Global (AI),GFS,southern_hemisphere,global 0.25 degree,geopotential_height,geopotential_height,geopotential_height 500,500,72,D3,3.044
nested_global_vs_gfs_regions,Nested-EAGLE-Global (AI),GFS,southern_hemisphere,global 0.25 degree,geopotential_height,geopotential_height,geopotential_height 500,500,96,D4,3.452
nested_global_vs_gfs_regions,Nested-EAGLE-Global (AI),GFS,southern_hemisphere,global 0.25 degree,geopotential_height,geopotential_height,geopotential_height 500,500,120,D5,4.288
nested_global_vs_gfs_regions,Nested-EAGLE-Global (AI),GFS,southern_hemisphere,global 0.25 degree,geopotential_height,geopotential_height,geopotential_height 500,500,144,D6,1.312
nested_global_vs_gfs_regions,Nested-EAGLE-Global (AI),GFS,southern_hemisphere,global 0.25 degree,geopotential_height,geopotential_height,geopotential_height 500,500,168,D7,0.932
nested_global_vs_gfs_regions,Nested-EAGLE-Global (AI),GFS,southern_hemisphere,global 0.25 degree,geopotential_height,geopotential_height,geopotential_height 500,500,192,D8,1.685
nested_global_vs_gfs_regions,Nested-EAGLE-Global (AI),GFS,southern_hemisphere,global 0.25 degree,geopotential_height,geopotential_height,geopotential_height 500,500,216,D9,1.371
nested_global_vs_gfs_regions,Nested-EAGLE-Global (AI),GFS,southern_hemisphere,global 0.25 degree,geopotential_height,geopotential_height,geopotential_height 500,500,240,D10,1.14
nested_global_vs_gfs_regions,Nested-EAGLE-Global (AI),GFS,southern_hemisphere,global 0.25 degree,geopotential_height,geopotential_height,geopotential_height 850,850,24,D1,4.172
nested_global_vs_gfs_regions,Nested-EAGLE-Global (AI),GFS,southern_hemisphere,global 0.25 degree,geopotential_height,geopotential_height,geopotential_height 850,850,48,D2,7.283
nested_global_vs_gfs_regions,Nested-EAGLE-Global (AI),GFS,southern_hemisphere,global 0.25 degree,geopotential_height,geopotential_height,geopotential_height 850,850,72,D3,8.777
nested_global_vs_gfs_regions,Nested-EAGLE-Global (AI),GFS,southern_hemisphere,global 0.25 degree,geopotential_height,geopotential_height,geopotential_height 850,850,96,D4,7.55
nested_global_vs_gfs_regions,Nested-EAGLE-Global (AI),GFS,southern_hemisphere,global 0.25 degree,geopotential_height,geopotential_height,geopotential_height 850,850,120,D5,6.263
nested_global_vs_gfs_regions,Nested-EAGLE-Global (AI),GFS,southern_hemisphere,global 0.25 degree,geopotential_height,geopotential_height,geopotential_height 850,850,144,D6,3.004
nested_global_vs_gfs_regions,Nested-EAGLE-Global (AI),GFS,southern_hemisphere,global 0.25 degree,geopotential_height,geopotential_height,geopotential_height 850,850,168,D7,0.216
nested_global_vs_gfs_regions,Nested-EAGLE-Global (AI),GFS,southern_hemisphere,global 0.25 degree,geopotential_height,geopotential_height,geopotential_height 850,850,192,D8,0.736
nested_global_vs_gfs_regions,Nested-EAGLE-Global (AI),GFS,southern_hemisphere,global 0.25 degree,geopotential_height,geopotential_height,geopotential_height 850,850,216,D9,2.047
nested_global_vs_gfs_regions,Nested-EAGLE-Global (AI),GFS,southern_hemisphere,global 0.25 degree,geopotential_height,geopotential_height,geopotential_height 850,850,240,D10,2.368
nested_global_vs_gfs_regions,Nested-EAGLE-Global (AI),GFS,southern_hemisphere,global 0.25 degree,zonal_wind,zonal_wind,zonal_wind 250,250,24,D1,11.335
nested_global_vs_gfs_regions,Nested-EAGLE-Global (AI),GFS,southern_hemisphere,global 0.25 degree,zonal_wind,zonal_wind,zonal_wind 250,250,48,D2,11.157
nested_global_vs_gfs_regions,Nested-EAGLE-Global (AI),GFS,southern_hemisphere,global 0.25 degree,zonal_wind,zonal_wind,zonal_wind 250,250,72,D3,10.475
nested_global_vs_gfs_regions,Nested-EAGLE-Global (AI),GFS,southern_hemisphere,global 0.25 degree,zonal_wind,zonal_wind,zonal_wind 250,250,96,D4,9.926
nested_global_vs_gfs_regions,Nested-EAGLE-Global (AI),GFS,southern_hemisphere,global 0.25 degree,zonal_wind,zonal_wind,zonal_wind 250,250,120,D5,6.554
nested_global_vs_gfs_regions,Nested-EAGLE-Global (AI),GFS,southern_hemisphere,global 0.25 degree,zonal_wind,zonal_wind,zonal_wind 250,250,144,D6,5.196
nested_global_vs_gfs_regions,Nested-EAGLE-Global (AI),GFS,southern_hemisphere,global 0.25 degree,zonal_wind,zonal_wind,zonal_wind 250,250,168,D7,6.75
nested_global_vs_gfs_regions,Nested-EAGLE-Global (AI),GFS,southern_hemisphere,global 0.25 degree,zonal_wind,zonal_wind,zonal_wind 250,250,192,D8,1.807
nested_global_vs_gfs_regions,Nested-EAGLE-Global (AI),GFS,southern_hemisphere,global 0.25 degree,zonal_wind,zonal_wind,zonal_wind 250,250,216,D9,3.074
nested_global_vs_gfs_regions,Nested-EAGLE-Global (AI),GFS,southern_hemisphere,global 0.25 degree,zonal_wind,zonal_wind,zonal_wind 250,250,240,D10,-0.01
nested_global_vs_gfs_regions,Nested-EAGLE-Global (AI),GFS,southern_hemisphere,global 0.25 degree,zonal_wind,zonal_wind,zonal_wind 500,500,24,D1,3.704
nested_global_vs_gfs_regions,Nested-EAGLE-Global (AI),GFS,southern_hemisphere,global 0.25 degree,zonal_wind,zonal_wind,zonal_wind 500,500,48,D2,7.297
nested_global_vs_gfs_regions,Nested-EAGLE-Global (AI),GFS,southern_hemisphere,global 0.25 degree,zonal_wind,zonal_wind,zonal_wind 500,500,72,D3,8.327
nested_global_vs_gfs_regions,Nested-EAGLE-Global (AI),GFS,southern_hemisphere,global 0.25 degree,zonal_wind,zonal_wind,zonal_wind 500,500,96,D4,7.318
nested_global_vs_gfs_regions,Nested-EAGLE-Global (AI),GFS,southern_hemisphere,global 0.25 degree,zonal_wind,zonal_wind,zonal_wind 500,500,120,D5,7.886
nested_global_vs_gfs_regions,Nested-EAGLE-Global (AI),GFS,southern_hemisphere,global 0.25 degree,zonal_wind,zonal_wind,zonal_wind 500,500,144,D6,4.17
nested_global_vs_gfs_regions,Nested-EAGLE-Global (AI),GFS,southern_hemisphere,global 0.25 degree,zonal_wind,zonal_wind,zonal_wind 500,500,168,D7,7.391
nested_global_vs_gfs_regions,Nested-EAGLE-Global (AI),GFS,southern_hemisphere,global 0.25 degree,zonal_wind,zonal_wind,zonal_wind 500,500,192,D8,3.659
nested_global_vs_gfs_regions,Nested-EAGLE-Global (AI),GFS,southern_hemisphere,global 0.25 degree,zonal_wind,zonal_wind,zonal_wind 500,500,216,D9,4.657
nested_global_vs_gfs_regions,Nested-EAGLE-Global (AI),GFS,southern_hemisphere,global 0.25 degree,zonal_wind,zonal_wind,zonal_wind 500,500,240,D10,0.321
nested_global_vs_gfs_regions,Nested-EAGLE-Global (AI),GFS,southern_hemisphere,global 0.25 degree,zonal_wind,zonal_wind,zonal_wind 850,850,24,D1,8.573
nested_global_vs_gfs_regions,Nested-EAGLE-Global (AI),GFS,southern_hemisphere,global 0.25 degree,zonal_wind,zonal_wind,zonal_wind 850,850,48,D2,10.1
nested_global_vs_gfs_regions,Nested-EAGLE-Global (AI),GFS,southern_hemisphere,global 0.25 degree,zonal_wind,zonal_wind,zonal_wind 850,850,72,D3,10.055
nested_global_vs_gfs_regions,Nested-EAGLE-Global (AI),GFS,southern_hemisphere,global 0.25 degree,zonal_wind,zonal_wind,zonal_wind 850,850,96,D4,11.288
nested_global_vs_gfs_regions,Nested-EAGLE-Global (AI),GFS,southern_hemisphere,global 0.25 degree,zonal_wind,zonal_wind,zonal_wind 850,850,120,D5,8.304
nested_global_vs_gfs_regions,Nested-EAGLE-Global (AI),GFS,southern_hemisphere,global 0.25 degree,zonal_wind,zonal_wind,zonal_wind 850,850,144,D6,6.553
nested_global_vs_gfs_regions,Nested-EAGLE-Global (AI),GFS,southern_hemisphere,global 0.25 degree,zonal_wind,zonal_wind,zonal_wind 850,850,168,D7,6.539
nested_global_vs_gfs_regions,Nested-EAGLE-Global (AI),GFS,southern_hemisphere,global 0.25 degree,zonal_wind,zonal_wind,zonal_wind 850,850,192,D8,4.314
nested_global_vs_gfs_regions,Nested-EAGLE-Global (AI),GFS,southern_hemisphere,global 0.25 degree,zonal_wind,zonal_wind,zonal_wind 850,850,216,D9,6.401
nested_global_vs_gfs_regions,Nested-EAGLE-Global (AI),GFS,southern_hemisphere,global 0.25 degree,zonal_wind,zonal_wind,zonal_wind 850,850,240,D10,3.995
nested_global_vs_gfs_regions,Nested-EAGLE-Global (AI),GFS,southern_hemisphere,global 0.25 degree,meridional_wind,meridional_wind,meridional_wind 250,250,24,D1,8.162
nested_global_vs_gfs_regions,Nested-EAGLE-Global (AI),GFS,southern_hemisphere,global 0.25 degree,meridional_wind,meridional_wind,meridional_wind 250,250,48,D2,10.452
nested_global_vs_gfs_regions,Nested-EAGLE-Global (AI),GFS,southern_hemisphere,global 0.25 degree,meridional_wind,meridional_wind,meridional_wind 250,250,72,D3,7.574
nested_global_vs_gfs_regions,Nested-EAGLE-Global (AI),GFS,southern_hemisphere,global 0.25 degree,meridional_wind,meridional_wind,meridional_wind 250,250,96,D4,10.191
nested_global_vs_gfs_regions,Nested-EAGLE-Global (AI),GFS,southern_hemisphere,global 0.25 degree,meridional_wind,meridional_wind,meridional_wind 250,250,120,D5,7.677
nested_global_vs_gfs_regions,Nested-EAGLE-Global (AI),GFS,southern_hemisphere,global 0.25 degree,meridional_wind,meridional_wind,meridional_wind 250,250,144,D6,5.852
nested_global_vs_gfs_regions,Nested-EAGLE-Global (AI),GFS,southern_hemisphere,global 0.25 degree,meridional_wind,meridional_wind,meridional_wind 250,250,168,D7,6.536
nested_global_vs_gfs_regions,Nested-EAGLE-Global (AI),GFS,southern_hemisphere,global 0.25 degree,meridional_wind,meridional_wind,meridional_wind 250,250,192,D8,4.024
nested_global_vs_gfs_regions,Nested-EAGLE-Global (AI),GFS,southern_hemisphere,global 0.25 degree,meridional_wind,meridional_wind,meridional_wind 250,250,216,D9,4.553
nested_global_vs_gfs_regions,Nested-EAGLE-Global (AI),GFS,southern_hemisphere,global 0.25 degree,meridional_wind,meridional_wind,meridional_wind 250,250,240,D10,4.973
nested_global_vs_gfs_regions,Nested-EAGLE-Global (AI),GFS,southern_hemisphere,global 0.25 degree,meridional_wind,meridional_wind,meridional_wind 500,500,24,D1,4.183
nested_global_vs_gfs_regions,Nested-EAGLE-Global (AI),GFS,southern_hemisphere,global 0.25 degree,meridional_wind,meridional_wind,meridional_wind 500,500,48,D2,8.711
nested_global_vs_gfs_regions,Nested-EAGLE-Global (AI),GFS,southern_hemisphere,global 0.25 degree,meridional_wind,meridional_wind,meridional_wind 500,500,72,D3,9.92
nested_global_vs_gfs_regions,Nested-EAGLE-Global (AI),GFS,southern_hemisphere,global 0.25 degree,meridional_wind,meridional_wind,meridional_wind 500,500,96,D4,11.961
nested_global_vs_gfs_regions,Nested-EAGLE-Global (AI),GFS,southern_hemisphere,global 0.25 degree,meridional_wind,meridional_wind,meridional_wind 500,500,120,D5,7.085
nested_global_vs_gfs_regions,Nested-EAGLE-Global (AI),GFS,southern_hemisphere,global 0.25 degree,meridional_wind,meridional_wind,meridional_wind 500,500,144,D6,4.641
nested_global_vs_gfs_regions,Nested-EAGLE-Global (AI),GFS,southern_hemisphere,global 0.25 degree,meridional_wind,meridional_wind,meridional_wind 500,500,168,D7,5.813
nested_global_vs_gfs_regions,Nested-EAGLE-Global (AI),GFS,southern_hemisphere,global 0.25 degree,meridional_wind,meridional_wind,meridional_wind 500,500,192,D8,4.4
nested_global_vs_gfs_regions,Nested-EAGLE-Global (AI),GFS,southern_hemisphere,global 0.25 degree,meridional_wind,meridional_wind,meridional_wind 500,500,216,D9,5.572
nested_global_vs_gfs_regions,Nested-EAGLE-Global (AI),GFS,southern_hemisphere,global 0.25 degree,meridional_wind,meridional_wind,meridional_wind 500,500,240,D10,5.812
nested_global_vs_gfs_regions,Nested-EAGLE-Global (AI),GFS,southern_hemisphere,global 0.25 degree,meridional_wind,meridional_wind,meridional_wind 850,850,24,D1,2.644
nested_global_vs_gfs_regions,Nested-EAGLE-Global (AI),GFS,southern_hemisphere,global 0.25 degree,meridional_wind,meridional_wind,meridional_wind 850,850,48,D2,6.611
nested_global_vs_gfs_regions,Nested-EAGLE-Global (AI),GFS,southern_hemisphere,global 0.25 degree,meridional_wind,meridional_wind,meridional_wind 850,850,72,D3,7.834
nested_global_vs_gfs_regions,Nested-EAGLE-Global (AI),GFS,southern_hemisphere,global 0.25 degree,meridional_wind,meridional_wind,meridional_wind 850,850,96,D4,7.57
nested_global_vs_gfs_regions,Nested-EAGLE-Global (AI),GFS,southern_hemisphere,global 0.25 degree,meridional_wind,meridional_wind,meridional_wind 850,850,120,D5,7.144
nested_global_vs_gfs_regions,Nested-EAGLE-Global (AI),GFS,southern_hemisphere,global 0.25 degree,meridional_wind,meridional_wind,meridional_wind 850,850,144,D6,6.527
nested_global_vs_gfs_regions,Nested-EAGLE-Global (AI),GFS,southern_hemisphere,global 0.25 degree,meridional_wind,meridional_wind,meridional_wind 850,850,168,D7,6.571
nested_global_vs_gfs_regions,Nested-EAGLE-Global (AI),GFS,southern_hemisphere,global 0.25 degree,meridional_wind,meridional_wind,meridional_wind 850,850,192,D8,3.177
nested_global_vs_gfs_regions,Nested-EAGLE-Global (AI),GFS,southern_hemisphere,global 0.25 degree,meridional_wind,meridional_wind,meridional_wind 850,850,216,D9,5.949
nested_global_vs_gfs_regions,Nested-EAGLE-Global (AI),GFS,southern_hemisphere,global 0.25 degree,meridional_wind,meridional_wind,meridional_wind 850,850,240,D10,3.935
nested_global_vs_gfs_regions,Nested-EAGLE-Global (AI),GFS,southern_hemisphere,global 0.25 degree,temperature,temperature,temperature 250,250,24,D1,8.902
nested_global_vs_gfs_regions,Nested-EAGLE-Global (AI),GFS,southern_hemisphere,global 0.25 degree,temperature,temperature,temperature 250,250,48,D2,8.284
nested_global_vs_gfs_regions,Nested-EAGLE-Global (AI),GFS,southern_hemisphere,global 0.25 degree,temperature,temperature,temperature 250,250,72,D3,8.264
nested_global_vs_gfs_regions,Nested-EAGLE-Global (AI),GFS,southern_hemisphere,global 0.25 degree,temperature,temperature,temperature 250,250,96,D4,11.657
nested_global_vs_gfs_regions,Nested-EAGLE-Global (AI),GFS,southern_hemisphere,global 0.25 degree,temperature,temperature,temperature 250,250,120,D5,8.31
nested_global_vs_gfs_regions,Nested-EAGLE-Global (AI),GFS,southern_hemisphere,global 0.25 degree,temperature,temperature,temperature 250,250,144,D6,5.327
nested_global_vs_gfs_regions,Nested-EAGLE-Global (AI),GFS,southern_hemisphere,global 0.25 degree,temperature,temperature,temperature 250,250,168,D7,3.786
nested_global_vs_gfs_regions,Nested-EAGLE-Global (AI),GFS,southern_hemisphere,global 0.25 degree,temperature,temperature,temperature 250,250,192,D8,2.596
nested_global_vs_gfs_regions,Nested-EAGLE-Global (AI),GFS,southern_hemisphere,global 0.25 degree,temperature,temperature,temperature 250,250,216,D9,2.344
nested_global_vs_gfs_regions,Nested-EAGLE-Global (AI),GFS,southern_hemisphere,global 0.25 degree,temperature,temperature,temperature 250,250,240,D10,3.277
nested_global_vs_gfs_regions,Nested-EAGLE-Global (AI),GFS,southern_hemisphere,global 0.25 degree,temperature,temperature,temperature 500,500,24,D1,2.746
nested_global_vs_gfs_regions,Nested-EAGLE-Global (AI),GFS,southern_hemisphere,global 0.25 degree,temperature,temperature,temperature 500,500,48,D2,5.186
nested_global_vs_gfs_regions,Nested-EAGLE-Global (AI),GFS,southern_hemisphere,global 0.25 degree,temperature,temperature,temperature 500,500,72,D3,6.453
nested_global_vs_gfs_regions,Nested-EAGLE-Global (AI),GFS,southern_hemisphere,global 0.25 degree,temperature,temperature,temperature 500,500,96,D4,7.182
nested_global_vs_gfs_regions,Nested-EAGLE-Global (AI),GFS,southern_hemisphere,global 0.25 degree,temperature,temperature,temperature 500,500,120,D5,5.063
nested_global_vs_gfs_regions,Nested-EAGLE-Global (AI),GFS,southern_hemisphere,global 0.25 degree,temperature,temperature,temperature 500,500,144,D6,5.899
nested_global_vs_gfs_regions,Nested-EAGLE-Global (AI),GFS,southern_hemisphere,global 0.25 degree,temperature,temperature,temperature 500,500,168,D7,4.095
nested_global_vs_gfs_regions,Nested-EAGLE-Global (AI),GFS,southern_hemisphere,global 0.25 degree,temperature,temperature,temperature 500,500,192,D8,4.005
nested_global_vs_gfs_regions,Nested-EAGLE-Global (AI),GFS,southern_hemisphere,global 0.25 degree,temperature,temperature,temperature 500,500,216,D9,2.044
nested_global_vs_gfs_regions,Nested-EAGLE-Global (AI),GFS,southern_hemisphere,global 0.25 degree,temperature,temperature,temperature 500,500,240,D10,1.414
nested_global_vs_gfs_regions,Nested-EAGLE-Global (AI),GFS,southern_hemisphere,global 0.25 degree,temperature,temperature,temperature 850,850,24,D1,5.504
nested_global_vs_gfs_regions,Nested-EAGLE-Global (AI),GFS,southern_hemisphere,global 0.25 degree,temperature,temperature,temperature 850,850,48,D2,6.684
nested_global_vs_gfs_regions,Nested-EAGLE-Global (AI),GFS,southern_hemisphere,global 0.25 degree,temperature,temperature,temperature 850,850,72,D3,9.042
nested_global_vs_gfs_regions,Nested-EAGLE-Global (AI),GFS,southern_hemisphere,global 0.25 degree,temperature,temperature,temperature 850,850,96,D4,8.929
nested_global_vs_gfs_regions,Nested-EAGLE-Global (AI),GFS,southern_hemisphere,global 0.25 degree,temperature,temperature,temperature 850,850,120,D5,8.624
nested_global_vs_gfs_regions,Nested-EAGLE-Global (AI),GFS,southern_hemisphere,global 0.25 degree,temperature,temperature,temperature 850,850,144,D6,6.535
nested_global_vs_gfs_regions,Nested-EAGLE-Global (AI),GFS,southern_hemisphere,global 0.25 degree,temperature,temperature,temperature 850,850,168,D7,5.952
nested_global_vs_gfs_regions,Nested-EAGLE-Global (AI),GFS,southern_hemisphere,global 0.25 degree,temperature,temperature,temperature 850,850,192,D8,4.088
nested_global_vs_gfs_regions,Nested-EAGLE-Global (AI),GFS,southern_hemisphere,global 0.25 degree,temperature,temperature,temperature 850,850,216,D9,3.669
nested_global_vs_gfs_regions,Nested-EAGLE-Global (AI),GFS,southern_hemisphere,global 0.25 degree,temperature,temperature,temperature 850,850,240,D10,3.235
nested_global_vs_gfs_regions,Nested-EAGLE-Global (AI),GFS,southern_hemisphere,global 0.25 degree,specific_humidity,specific_humidity,specific_humidity 250,250,24,D1,9.002
nested_global_vs_gfs_regions,Nested-EAGLE-Global (AI),GFS,southern_hemisphere,global 0.25 degree,specific_humidity,specific_humidity,specific_humidity 250,250,48,D2,13.038
nested_global_vs_gfs_regions,Nested-EAGLE-Global (AI),GFS,southern_hemisphere,global 0.25 degree,specific_humidity,specific_humidity,specific_humidity 250,250,72,D3,16.979
nested_global_vs_gfs_regions,Nested-EAGLE-Global (AI),GFS,southern_hemisphere,global 0.25 degree,specific_humidity,specific_humidity,specific_humidity 250,250,96,D4,16.135
nested_global_vs_gfs_regions,Nested-EAGLE-Global (AI),GFS,southern_hemisphere,global 0.25 degree,specific_humidity,specific_humidity,specific_humidity 250,250,120,D5,16.704
nested_global_vs_gfs_regions,Nested-EAGLE-Global (AI),GFS,southern_hemisphere,global 0.25 degree,specific_humidity,specific_humidity,specific_humidity 250,250,144,D6,10.765
nested_global_vs_gfs_regions,Nested-EAGLE-Global (AI),GFS,southern_hemisphere,global 0.25 degree,specific_humidity,specific_humidity,specific_humidity 250,250,168,D7,11.263
nested_global_vs_gfs_regions,Nested-EAGLE-Global (AI),GFS,southern_hemisphere,global 0.25 degree,specific_humidity,specific_humidity,specific_humidity 250,250,192,D8,9.581
nested_global_vs_gfs_regions,Nested-EAGLE-Global (AI),GFS,southern_hemisphere,global 0.25 degree,specific_humidity,specific_humidity,specific_humidity 250,250,216,D9,7.721
nested_global_vs_gfs_regions,Nested-EAGLE-Global (AI),GFS,southern_hemisphere,global 0.25 degree,specific_humidity,specific_humidity,specific_humidity 250,250,240,D10,11.326
nested_global_vs_gfs_regions,Nested-EAGLE-Global (AI),GFS,southern_hemisphere,global 0.25 degree,specific_humidity,specific_humidity,specific_humidity 500,500,24,D1,10.692
nested_global_vs_gfs_regions,Nested-EAGLE-Global (AI),GFS,southern_hemisphere,global 0.25 degree,specific_humidity,specific_humidity,specific_humidity 500,500,48,D2,15.463
nested_global_vs_gfs_regions,Nested-EAGLE-Global (AI),GFS,southern_hemisphere,global 0.25 degree,specific_humidity,specific_humidity,specific_humidity 500,500,72,D3,17.881
nested_global_vs_gfs_regions,Nested-EAGLE-Global (AI),GFS,southern_hemisphere,global 0.25 degree,specific_humidity,specific_humidity,specific_humidity 500,500,96,D4,16.554
nested_global_vs_gfs_regions,Nested-EAGLE-Global (AI),GFS,southern_hemisphere,global 0.25 degree,specific_humidity,specific_humidity,specific_humidity 500,500,120,D5,17.124
nested_global_vs_gfs_regions,Nested-EAGLE-Global (AI),GFS,southern_hemisphere,global 0.25 degree,specific_humidity,specific_humidity,specific_humidity 500,500,144,D6,16.353
nested_global_vs_gfs_regions,Nested-EAGLE-Global (AI),GFS,southern_hemisphere,global 0.25 degree,specific_humidity,specific_humidity,specific_humidity 500,500,168,D7,11.868
nested_global_vs_gfs_regions,Nested-EAGLE-Global (AI),GFS,southern_hemisphere,global 0.25 degree,specific_humidity,specific_humidity,specific_humidity 500,500,192,D8,12.328
nested_global_vs_gfs_regions,Nested-EAGLE-Global (AI),GFS,southern_hemisphere,global 0.25 degree,specific_humidity,specific_humidity,specific_humidity 500,500,216,D9,8.767
nested_global_vs_gfs_regions,Nested-EAGLE-Global (AI),GFS,southern_hemisphere,global 0.25 degree,specific_humidity,specific_humidity,specific_humidity 500,500,240,D10,12.463
nested_global_vs_gfs_regions,Nested-EAGLE-Global (AI),GFS,southern_hemisphere,global 0.25 degree,specific_humidity,specific_humidity,specific_humidity 850,850,24,D1,7.107
nested_global_vs_gfs_regions,Nested-EAGLE-Global (AI),GFS,southern_hemisphere,global 0.25 degree,specific_humidity,specific_humidity,specific_humidity 850,850,48,D2,8.865
nested_global_vs_gfs_regions,Nested-EAGLE-Global (AI),GFS,southern_hemisphere,global 0.25 degree,specific_humidity,specific_humidity,specific_humidity 850,850,72,D3,11.107
nested_global_vs_gfs_regions,Nested-EAGLE-Global (AI),GFS,southern_hemisphere,global 0.25 degree,specific_humidity,specific_humidity,specific_humidity 850,850,96,D4,9.496
nested_global_vs_gfs_regions,Nested-EAGLE-Global (AI),GFS,southern_hemisphere,global 0.25 degree,specific_humidity,specific_humidity,specific_humidity 850,850,120,D5,7.994
nested_global_vs_gfs_regions,Nested-EAGLE-Global (AI),GFS,southern_hemisphere,global 0.25 degree,specific_humidity,specific_humidity,specific_humidity 850,850,144,D6,7.505
nested_global_vs_gfs_regions,Nested-EAGLE-Global (AI),GFS,southern_hemisphere,global 0.25 degree,specific_humidity,specific_humidity,specific_humidity 850,850,168,D7,5.578
nested_global_vs_gfs_regions,Nested-EAGLE-Global (AI),GFS,southern_hemisphere,global 0.25 degree,specific_humidity,specific_humidity,specific_humidity 850,850,192,D8,5.793
nested_global_vs_gfs_regions,Nested-EAGLE-Global (AI),GFS,southern_hemisphere,global 0.25 degree,specific_humidity,specific_humidity,specific_humidity 850,850,216,D9,2.886
nested_global_vs_gfs_regions,Nested-EAGLE-Global (AI),GFS,southern_hemisphere,global 0.25 degree,specific_humidity,specific_humidity,specific_humidity 850,850,240,D10,5.277
nested_global_vs_gfs_regions,Nested-EAGLE-Global (AI),GFS,southern_hemisphere,global 0.25 degree,wind_speed,wind_speed,wind_speed 250,250,24,D1,8.412
nested_global_vs_gfs_regions,Nested-EAGLE-Global (AI),GFS,southern_hemisphere,global 0.25 degree,wind_speed,wind_speed,wind_speed 250,250,48,D2,11.972
nested_global_vs_gfs_regions,Nested-EAGLE-Global (AI),GFS,southern_hemisphere,global 0.25 degree,wind_speed,wind_speed,wind_speed 250,250,72,D3,10.341
nested_global_vs_gfs_regions,Nested-EAGLE-Global (AI),GFS,southern_hemisphere,global 0.25 degree,wind_speed,wind_speed,wind_speed 250,250,96,D4,10.139
nested_global_vs_gfs_regions,Nested-EAGLE-Global (AI),GFS,southern_hemisphere,global 0.25 degree,wind_speed,wind_speed,wind_speed 250,250,120,D5,6.778
nested_global_vs_gfs_regions,Nested-EAGLE-Global (AI),GFS,southern_hemisphere,global 0.25 degree,wind_speed,wind_speed,wind_speed 250,250,144,D6,5.982
nested_global_vs_gfs_regions,Nested-EAGLE-Global (AI),GFS,southern_hemisphere,global 0.25 degree,wind_speed,wind_speed,wind_speed 250,250,168,D7,5.138
nested_global_vs_gfs_regions,Nested-EAGLE-Global (AI),GFS,southern_hemisphere,global 0.25 degree,wind_speed,wind_speed,wind_speed 250,250,192,D8,1.549
nested_global_vs_gfs_regions,Nested-EAGLE-Global (AI),GFS,southern_hemisphere,global 0.25 degree,wind_speed,wind_speed,wind_speed 250,250,216,D9,1.306
nested_global_vs_gfs_regions,Nested-EAGLE-Global (AI),GFS,southern_hemisphere,global 0.25 degree,wind_speed,wind_speed,wind_speed 250,250,240,D10,-0.783
nested_global_vs_gfs_regions,Nested-EAGLE-Global (AI),GFS,southern_hemisphere,global 0.25 degree,wind_speed,wind_speed,wind_speed 500,500,24,D1,2.403
nested_global_vs_gfs_regions,Nested-EAGLE-Global (AI),GFS,southern_hemisphere,global 0.25 degree,wind_speed,wind_speed,wind_speed 500,500,48,D2,5.712
nested_global_vs_gfs_regions,Nested-EAGLE-Global (AI),GFS,southern_hemisphere,global 0.25 degree,wind_speed,wind_speed,wind_speed 500,500,72,D3,5.814
nested_global_vs_gfs_regions,Nested-EAGLE-Global (AI),GFS,southern_hemisphere,global 0.25 degree,wind_speed,wind_speed,wind_speed 500,500,96,D4,6.925
nested_global_vs_gfs_regions,Nested-EAGLE-Global (AI),GFS,southern_hemisphere,global 0.25 degree,wind_speed,wind_speed,wind_speed 500,500,120,D5,7.746
nested_global_vs_gfs_regions,Nested-EAGLE-Global (AI),GFS,southern_hemisphere,global 0.25 degree,wind_speed,wind_speed,wind_speed 500,500,144,D6,2.932
nested_global_vs_gfs_regions,Nested-EAGLE-Global (AI),GFS,southern_hemisphere,global 0.25 degree,wind_speed,wind_speed,wind_speed 500,500,168,D7,4.441
nested_global_vs_gfs_regions,Nested-EAGLE-Global (AI),GFS,southern_hemisphere,global 0.25 degree,wind_speed,wind_speed,wind_speed 500,500,192,D8,2.851
nested_global_vs_gfs_regions,Nested-EAGLE-Global (AI),GFS,southern_hemisphere,global 0.25 degree,wind_speed,wind_speed,wind_speed 500,500,216,D9,2.642
nested_global_vs_gfs_regions,Nested-EAGLE-Global (AI),GFS,southern_hemisphere,global 0.25 degree,wind_speed,wind_speed,wind_speed 500,500,240,D10,0.586
nested_global_vs_gfs_regions,Nested-EAGLE-Global (AI),GFS,southern_hemisphere,global 0.25 degree,wind_speed,wind_speed,wind_speed 850,850,24,D1,1.953
nested_global_vs_gfs_regions,Nested-EAGLE-Global (AI),GFS,southern_hemisphere,global 0.25 degree,wind_speed,wind_speed,wind_speed 850,850,48,D2,4.102
nested_global_vs_gfs_regions,Nested-EAGLE-Global (AI),GFS,southern_hemisphere,global 0.25 degree,wind_speed,wind_speed,wind_speed 850,850,72,D3,4.185
nested_global_vs_gfs_regions,Nested-EAGLE-Global (AI),GFS,southern_hemisphere,global 0.25 degree,wind_speed,wind_speed,wind_speed 850,850,96,D4,6.39
nested_global_vs_gfs_regions,Nested-EAGLE-Global (AI),GFS,southern_hemisphere,global 0.25 degree,wind_speed,wind_speed,wind_speed 850,850,120,D5,5.279
nested_global_vs_gfs_regions,Nested-EAGLE-Global (AI),GFS,southern_hemisphere,global 0.25 degree,wind_speed,wind_speed,wind_speed 850,850,144,D6,4.197
nested_global_vs_gfs_regions,Nested-EAGLE-Global (AI),GFS,southern_hemisphere,global 0.25 degree,wind_speed,wind_speed,wind_speed 850,850,168,D7,3.717
nested_global_vs_gfs_regions,Nested-EAGLE-Global (AI),GFS,southern_hemisphere,global 0.25 degree,wind_speed,wind_speed,wind_speed 850,850,192,D8,1.134
nested_global_vs_gfs_regions,Nested-EAGLE-Global (AI),GFS,southern_hemisphere,global 0.25 degree,wind_speed,wind_speed,wind_speed 850,850,216,D9,2.205
nested_global_vs_gfs_regions,Nested-EAGLE-Global (AI),GFS,southern_hemisphere,global 0.25 degree,wind_speed,wind_speed,wind_speed 850,850,240,D10,0.929
nested_global_vs_gfs_regions,Nested-EAGLE-Global (AI),GFS,southern_hemisphere,global 0.25 degree,surface,surface_pressure,surface_pressure,,24,D1,0.001
nested_global_vs_gfs_regions,Nested-EAGLE-Global (AI),GFS,southern_hemisphere,global 0.25 degree,surface,surface_pressure,surface_pressure,,48,D2,-0.014
nested_global_vs_gfs_regions,Nested-EAGLE-Global (AI),GFS,southern_hemisphere,global 0.25 degree,surface,surface_pressure,surface_pressure,,72,D3,-0.046
nested_global_vs_gfs_regions,Nested-EAGLE-Global (AI),GFS,southern_hemisphere,global 0.25 degree,surface,surface_pressure,surface_pressure,,96,D4,-0.056
nested_global_vs_gfs_regions,Nested-EAGLE-Global (AI),GFS,southern_hemisphere,global 0.25 degree,surface,surface_pressure,surface_pressure,,120,D5,-0.033
nested_global_vs_gfs_regions,Nested-EAGLE-Global (AI),GFS,southern_hemisphere,global 0.25 degree,surface,surface_pressure,surface_pressure,,144,D6,-0.033
nested_global_vs_gfs_regions,Nested-EAGLE-Global (AI),GFS,southern_hemisphere,global 0.25 degree,surface,surface_pressure,surface_pressure,,168,D7,-0.088
nested_global_vs_gfs_regions,Nested-EAGLE-Global (AI),GFS,southern_hemisphere,global 0.25 degree,surface,surface_pressure,surface_pressure,,192,D8,-0.138
nested_global_vs_gfs_regions,Nested-EAGLE-Global (AI),GFS,southern_hemisphere,global 0.25 degree,surface,surface_pressure,surface_pressure,,216,D9,-0.13
nested_global_vs_gfs_regions,Nested-EAGLE-Global (AI),GFS,southern_hemisphere,global 0.25 degree,surface,surface_pressure,surface_pressure,,240,D10,-0.018
nested_global_vs_gfs_regions,Nested-EAGLE-Global (AI),GFS,southern_hemisphere,global 0.25 degree,surface,10m_zonal_wind,10m_zonal_wind,,24,D1,1.374
nested_global_vs_gfs_regions,Nested-EAGLE-Global (AI),GFS,southern_hemisphere,global 0.25 degree,surface,10m_zonal_wind,10m_zonal_wind,,48,D2,2.131
nested_global_vs_gfs_regions,Nested-EAGLE-Global (AI),GFS,southern_hemisphere,global 0.25 degree,surface,10m_zonal_wind,10m_zonal_wind,,72,D3,2.269
nested_global_vs_gfs_regions,Nested-EAGLE-Global (AI),GFS,southern_hemisphere,global 0.25 degree,surface,10m_zonal_wind,10m_zonal_wind,,96,D4,2.836
nested_global_vs_gfs_regions,Nested-EAGLE-Global (AI),GFS,southern_hemisphere,global 0.25 degree,surface,10m_zonal_wind,10m_zonal_wind,,120,D5,3.198
nested_global_vs_gfs_regions,Nested-EAGLE-Global (AI),GFS,southern_hemisphere,global 0.25 degree,surface,10m_zonal_wind,10m_zonal_wind,,144,D6,2.744
nested_global_vs_gfs_regions,Nested-EAGLE-Global (AI),GFS,southern_hemisphere,global 0.25 degree,surface,10m_zonal_wind,10m_zonal_wind,,168,D7,3.399
nested_global_vs_gfs_regions,Nested-EAGLE-Global (AI),GFS,southern_hemisphere,global 0.25 degree,surface,10m_zonal_wind,10m_zonal_wind,,192,D8,2.418
nested_global_vs_gfs_regions,Nested-EAGLE-Global (AI),GFS,southern_hemisphere,global 0.25 degree,surface,10m_zonal_wind,10m_zonal_wind,,216,D9,2.588
nested_global_vs_gfs_regions,Nested-EAGLE-Global (AI),GFS,southern_hemisphere,global 0.25 degree,surface,10m_zonal_wind,10m_zonal_wind,,240,D10,2.739
nested_global_vs_gfs_regions,Nested-EAGLE-Global (AI),GFS,southern_hemisphere,global 0.25 degree,surface,10m_meridional_wind,10m_meridional_wind,,24,D1,1.401
nested_global_vs_gfs_regions,Nested-EAGLE-Global (AI),GFS,southern_hemisphere,global 0.25 degree,surface,10m_meridional_wind,10m_meridional_wind,,48,D2,2.028
nested_global_vs_gfs_regions,Nested-EAGLE-Global (AI),GFS,southern_hemisphere,global 0.25 degree,surface,10m_meridional_wind,10m_meridional_wind,,72,D3,2.748
nested_global_vs_gfs_regions,Nested-EAGLE-Global (AI),GFS,southern_hemisphere,global 0.25 degree,surface,10m_meridional_wind,10m_meridional_wind,,96,D4,3.101
nested_global_vs_gfs_regions,Nested-EAGLE-Global (AI),GFS,southern_hemisphere,global 0.25 degree,surface,10m_meridional_wind,10m_meridional_wind,,120,D5,3.229
nested_global_vs_gfs_regions,Nested-EAGLE-Global (AI),GFS,southern_hemisphere,global 0.25 degree,surface,10m_meridional_wind,10m_meridional_wind,,144,D6,3.136
nested_global_vs_gfs_regions,Nested-EAGLE-Global (AI),GFS,southern_hemisphere,global 0.25 degree,surface,10m_meridional_wind,10m_meridional_wind,,168,D7,3.322
nested_global_vs_gfs_regions,Nested-EAGLE-Global (AI),GFS,southern_hemisphere,global 0.25 degree,surface,10m_meridional_wind,10m_meridional_wind,,192,D8,2.862
nested_global_vs_gfs_regions,Nested-EAGLE-Global (AI),GFS,southern_hemisphere,global 0.25 degree,surface,10m_meridional_wind,10m_meridional_wind,,216,D9,2.705
nested_global_vs_gfs_regions,Nested-EAGLE-Global (AI),GFS,southern_hemisphere,global 0.25 degree,surface,10m_meridional_wind,10m_meridional_wind,,240,D10,2.705
nested_global_vs_gfs_regions,Nested-EAGLE-Global (AI),GFS,southern_hemisphere,global 0.25 degree,surface,2m_temperature,2m_temperature,,24,D1,1.652
nested_global_vs_gfs_regions,Nested-EAGLE-Global (AI),GFS,southern_hemisphere,global 0.25 degree,surface,2m_temperature,2m_temperature,,48,D2,1.806
nested_global_vs_gfs_regions,Nested-EAGLE-Global (AI),GFS,southern_hemisphere,global 0.25 degree,surface,2m_temperature,2m_temperature,,72,D3,2.076
nested_global_vs_gfs_regions,Nested-EAGLE-Global (AI),GFS,southern_hemisphere,global 0.25 degree,surface,2m_temperature,2m_temperature,,96,D4,2.238
nested_global_vs_gfs_regions,Nested-EAGLE-Global (AI),GFS,southern_hemisphere,global 0.25 degree,surface,2m_temperature,2m_temperature,,120,D5,2.686
nested_global_vs_gfs_regions,Nested-EAGLE-Global (AI),GFS,southern_hemisphere,global 0.25 degree,surface,2m_temperature,2m_temperature,,144,D6,1.895
nested_global_vs_gfs_regions,Nested-EAGLE-Global (AI),GFS,southern_hemisphere,global 0.25 degree,surface,2m_temperature,2m_temperature,,168,D7,2.112
nested_global_vs_gfs_regions,Nested-EAGLE-Global (AI),GFS,southern_hemisphere,global 0.25 degree,surface,2m_temperature,2m_temperature,,192,D8,1.11
nested_global_vs_gfs_regions,Nested-EAGLE-Global (AI),GFS,southern_hemisphere,global 0.25 degree,surface,2m_temperature,2m_temperature,,216,D9,1.271
nested_global_vs_gfs_regions,Nested-EAGLE-Global (AI),GFS,southern_hemisphere,global 0.25 degree,surface,2m_temperature,2m_temperature,,240,D10,1.633
nested_global_vs_gfs_regions,Nested-EAGLE-Global (AI),GFS,southern_hemisphere,global 0.25 degree,surface,2m_specific_humidity,2m_specific_humidity,,24,D1,4.412
nested_global_vs_gfs_regions,Nested-EAGLE-Global (AI),GFS,southern_hemisphere,global 0.25 degree,surface,2m_specific_humidity,2m_specific_humidity,,48,D2,3.726
nested_global_vs_gfs_regions,Nested-EAGLE-Global (AI),GFS,southern_hemisphere,global 0.25 degree,surface,2m_specific_humidity,2m_specific_humidity,,72,D3,3.322
nested_global_vs_gfs_regions,Nested-EAGLE-Global (AI),GFS,southern_hemisphere,global 0.25 degree,surface,2m_specific_humidity,2m_specific_humidity,,96,D4,3.266
nested_global_vs_gfs_regions,Nested-EAGLE-Global (AI),GFS,southern_hemisphere,global 0.25 degree,surface,2m_specific_humidity,2m_specific_humidity,,120,D5,3.595
nested_global_vs_gfs_regions,Nested-EAGLE-Global (AI),GFS,southern_hemisphere,global 0.25 degree,surface,2m_specific_humidity,2m_specific_humidity,,144,D6,3.665
nested_global_vs_gfs_regions,Nested-EAGLE-Global (AI),GFS,southern_hemisphere,global 0.25 degree,surface,2m_specific_humidity,2m_specific_humidity,,168,D7,2.421
nested_global_vs_gfs_regions,Nested-EAGLE-Global (AI),GFS,southern_hemisphere,global 0.25 degree,surface,2m_specific_humidity,2m_specific_humidity,,192,D8,2.315
nested_global_vs_gfs_regions,Nested-EAGLE-Global (AI),GFS,southern_hemisphere,global 0.25 degree,surface,2m_specific_humidity,2m_specific_humidity,,216,D9,1.666
nested_global_vs_gfs_regions,Nested-EAGLE-Global (AI),GFS,southern_hemisphere,global 0.25 degree,surface,2m_specific_humidity,2m_specific_humidity,,240,D10,1.721
nested_global_vs_gfs_regions,Nested-EAGLE-Global (AI),GFS,southern_hemisphere,global 0.25 degree,surface,10m_wind_speed,10m_wind_speed,,24,D1,0.062
nested_global_vs_gfs_regions,Nested-EAGLE-Global (AI),GFS,southern_hemisphere,global 0.25 degree,surface,10m_wind_speed,10m_wind_speed,,48,D2,0.475
nested_global_vs_gfs_regions,Nested-EAGLE-Global (AI),GFS,southern_hemisphere,global 0.25 degree,surface,10m_wind_speed,10m_wind_speed,,72,D3,0.597
nested_global_vs_gfs_regions,Nested-EAGLE-Global (AI),GFS,southern_hemisphere,global 0.25 degree,surface,10m_wind_speed,10m_wind_speed,,96,D4,0.789
nested_global_vs_gfs_regions,Nested-EAGLE-Global (AI),GFS,southern_hemisphere,global 0.25 degree,surface,10m_wind_speed,10m_wind_speed,,120,D5,0.916
nested_global_vs_gfs_regions,Nested-EAGLE-Global (AI),GFS,southern_hemisphere,global 0.25 degree,surface,10m_wind_speed,10m_wind_speed,,144,D6,1.014
nested_global_vs_gfs_regions,Nested-EAGLE-Global (AI),GFS,southern_hemisphere,global 0.25 degree,surface,10m_wind_speed,10m_wind_speed,,168,D7,1.29
nested_global_vs_gfs_regions,Nested-EAGLE-Global (AI),GFS,southern_hemisphere,global 0.25 degree,surface,10m_wind_speed,10m_wind_speed,,192,D8,0.76
nested_global_vs_gfs_regions,Nested-EAGLE-Global (AI),GFS,southern_hemisphere,global 0.25 degree,surface,10m_wind_speed,10m_wind_speed,,216,D9,1.019
nested_global_vs_gfs_regions,Nested-EAGLE-Global (AI),GFS,southern_hemisphere,global 0.25 degree,surface,10m_wind_speed,10m_wind_speed,,240,D10,0.85
nested_global_vs_gfs_regions,Nested-EAGLE-Global (AI),GFS,conus,global 0.25 degree,geopotential_height,geopotential_height,geopotential_height 250,250,24,D1,0.123
nested_global_vs_gfs_regions,Nested-EAGLE-Global (AI),GFS,conus,global 0.25 degree,geopotential_height,geopotential_height,geopotential_height 250,250,48,D2,-2.336
nested_global_vs_gfs_regions,Nested-EAGLE-Global (AI),GFS,conus,global 0.25 degree,geopotential_height,geopotential_height,geopotential_height 250,250,72,D3,-2.61
nested_global_vs_gfs_regions,Nested-EAGLE-Global (AI),GFS,conus,global 0.25 degree,geopotential_height,geopotential_height,geopotential_height 250,250,96,D4,-2.071
nested_global_vs_gfs_regions,Nested-EAGLE-Global (AI),GFS,conus,global 0.25 degree,geopotential_height,geopotential_height,geopotential_height 250,250,120,D5,0.654
nested_global_vs_gfs_regions,Nested-EAGLE-Global (AI),GFS,conus,global 0.25 degree,geopotential_height,geopotential_height,geopotential_height 250,250,144,D6,2.376
nested_global_vs_gfs_regions,Nested-EAGLE-Global (AI),GFS,conus,global 0.25 degree,geopotential_height,geopotential_height,geopotential_height 250,250,168,D7,5.222
nested_global_vs_gfs_regions,Nested-EAGLE-Global (AI),GFS,conus,global 0.25 degree,geopotential_height,geopotential_height,geopotential_height 250,250,192,D8,4.515
nested_global_vs_gfs_regions,Nested-EAGLE-Global (AI),GFS,conus,global 0.25 degree,geopotential_height,geopotential_height,geopotential_height 250,250,216,D9,5.378
nested_global_vs_gfs_regions,Nested-EAGLE-Global (AI),GFS,conus,global 0.25 degree,geopotential_height,geopotential_height,geopotential_height 250,250,240,D10,5.256
nested_global_vs_gfs_regions,Nested-EAGLE-Global (AI),GFS,conus,global 0.25 degree,geopotential_height,geopotential_height,geopotential_height 500,500,24,D1,6.678
nested_global_vs_gfs_regions,Nested-EAGLE-Global (AI),GFS,conus,global 0.25 degree,geopotential_height,geopotential_height,geopotential_height 500,500,48,D2,2.684
nested_global_vs_gfs_regions,Nested-EAGLE-Global (AI),GFS,conus,global 0.25 degree,geopotential_height,geopotential_height,geopotential_height 500,500,72,D3,0.575
nested_global_vs_gfs_regions,Nested-EAGLE-Global (AI),GFS,conus,global 0.25 degree,geopotential_height,geopotential_height,geopotential_height 500,500,96,D4,-1.652
nested_global_vs_gfs_regions,Nested-EAGLE-Global (AI),GFS,conus,global 0.25 degree,geopotential_height,geopotential_height,geopotential_height 500,500,120,D5,-0.367
nested_global_vs_gfs_regions,Nested-EAGLE-Global (AI),GFS,conus,global 0.25 degree,geopotential_height,geopotential_height,geopotential_height 500,500,144,D6,0.292
nested_global_vs_gfs_regions,Nested-EAGLE-Global (AI),GFS,conus,global 0.25 degree,geopotential_height,geopotential_height,geopotential_height 500,500,168,D7,3.281
nested_global_vs_gfs_regions,Nested-EAGLE-Global (AI),GFS,conus,global 0.25 degree,geopotential_height,geopotential_height,geopotential_height 500,500,192,D8,2.784
nested_global_vs_gfs_regions,Nested-EAGLE-Global (AI),GFS,conus,global 0.25 degree,geopotential_height,geopotential_height,geopotential_height 500,500,216,D9,3.224
nested_global_vs_gfs_regions,Nested-EAGLE-Global (AI),GFS,conus,global 0.25 degree,geopotential_height,geopotential_height,geopotential_height 500,500,240,D10,3.145
nested_global_vs_gfs_regions,Nested-EAGLE-Global (AI),GFS,conus,global 0.25 degree,geopotential_height,geopotential_height,geopotential_height 850,850,24,D1,14.084
nested_global_vs_gfs_regions,Nested-EAGLE-Global (AI),GFS,conus,global 0.25 degree,geopotential_height,geopotential_height,geopotential_height 850,850,48,D2,11.278
nested_global_vs_gfs_regions,Nested-EAGLE-Global (AI),GFS,conus,global 0.25 degree,geopotential_height,geopotential_height,geopotential_height 850,850,72,D3,7.21
nested_global_vs_gfs_regions,Nested-EAGLE-Global (AI),GFS,conus,global 0.25 degree,geopotential_height,geopotential_height,geopotential_height 850,850,96,D4,3.091
nested_global_vs_gfs_regions,Nested-EAGLE-Global (AI),GFS,conus,global 0.25 degree,geopotential_height,geopotential_height,geopotential_height 850,850,120,D5,1.334
nested_global_vs_gfs_regions,Nested-EAGLE-Global (AI),GFS,conus,global 0.25 degree,geopotential_height,geopotential_height,geopotential_height 850,850,144,D6,1.544
nested_global_vs_gfs_regions,Nested-EAGLE-Global (AI),GFS,conus,global 0.25 degree,geopotential_height,geopotential_height,geopotential_height 850,850,168,D7,4.565
nested_global_vs_gfs_regions,Nested-EAGLE-Global (AI),GFS,conus,global 0.25 degree,geopotential_height,geopotential_height,geopotential_height 850,850,192,D8,3.856
nested_global_vs_gfs_regions,Nested-EAGLE-Global (AI),GFS,conus,global 0.25 degree,geopotential_height,geopotential_height,geopotential_height 850,850,216,D9,6.159
nested_global_vs_gfs_regions,Nested-EAGLE-Global (AI),GFS,conus,global 0.25 degree,geopotential_height,geopotential_height,geopotential_height 850,850,240,D10,3.542
nested_global_vs_gfs_regions,Nested-EAGLE-Global (AI),GFS,conus,global 0.25 degree,zonal_wind,zonal_wind,zonal_wind 250,250,24,D1,7.621
nested_global_vs_gfs_regions,Nested-EAGLE-Global (AI),GFS,conus,global 0.25 degree,zonal_wind,zonal_wind,zonal_wind 250,250,48,D2,9.157
nested_global_vs_gfs_regions,Nested-EAGLE-Global (AI),GFS,conus,global 0.25 degree,zonal_wind,zonal_wind,zonal_wind 250,250,72,D3,8.142
nested_global_vs_gfs_regions,Nested-EAGLE-Global (AI),GFS,conus,global 0.25 degree,zonal_wind,zonal_wind,zonal_wind 250,250,96,D4,7.647
nested_global_vs_gfs_regions,Nested-EAGLE-Global (AI),GFS,conus,global 0.25 degree,zonal_wind,zonal_wind,zonal_wind 250,250,120,D5,5.327
nested_global_vs_gfs_regions,Nested-EAGLE-Global (AI),GFS,conus,global 0.25 degree,zonal_wind,zonal_wind,zonal_wind 250,250,144,D6,6.203
nested_global_vs_gfs_regions,Nested-EAGLE-Global (AI),GFS,conus,global 0.25 degree,zonal_wind,zonal_wind,zonal_wind 250,250,168,D7,6.248
nested_global_vs_gfs_regions,Nested-EAGLE-Global (AI),GFS,conus,global 0.25 degree,zonal_wind,zonal_wind,zonal_wind 250,250,192,D8,5.642
nested_global_vs_gfs_regions,Nested-EAGLE-Global (AI),GFS,conus,global 0.25 degree,zonal_wind,zonal_wind,zonal_wind 250,250,216,D9,7.207
nested_global_vs_gfs_regions,Nested-EAGLE-Global (AI),GFS,conus,global 0.25 degree,zonal_wind,zonal_wind,zonal_wind 250,250,240,D10,4.176
nested_global_vs_gfs_regions,Nested-EAGLE-Global (AI),GFS,conus,global 0.25 degree,zonal_wind,zonal_wind,zonal_wind 500,500,24,D1,5.936
nested_global_vs_gfs_regions,Nested-EAGLE-Global (AI),GFS,conus,global 0.25 degree,zonal_wind,zonal_wind,zonal_wind 500,500,48,D2,8.537
nested_global_vs_gfs_regions,Nested-EAGLE-Global (AI),GFS,conus,global 0.25 degree,zonal_wind,zonal_wind,zonal_wind 500,500,72,D3,9.811
nested_global_vs_gfs_regions,Nested-EAGLE-Global (AI),GFS,conus,global 0.25 degree,zonal_wind,zonal_wind,zonal_wind 500,500,96,D4,8.205
nested_global_vs_gfs_regions,Nested-EAGLE-Global (AI),GFS,conus,global 0.25 degree,zonal_wind,zonal_wind,zonal_wind 500,500,120,D5,6.56
nested_global_vs_gfs_regions,Nested-EAGLE-Global (AI),GFS,conus,global 0.25 degree,zonal_wind,zonal_wind,zonal_wind 500,500,144,D6,6.332
nested_global_vs_gfs_regions,Nested-EAGLE-Global (AI),GFS,conus,global 0.25 degree,zonal_wind,zonal_wind,zonal_wind 500,500,168,D7,7.033
nested_global_vs_gfs_regions,Nested-EAGLE-Global (AI),GFS,conus,global 0.25 degree,zonal_wind,zonal_wind,zonal_wind 500,500,192,D8,5.39
nested_global_vs_gfs_regions,Nested-EAGLE-Global (AI),GFS,conus,global 0.25 degree,zonal_wind,zonal_wind,zonal_wind 500,500,216,D9,5.335
nested_global_vs_gfs_regions,Nested-EAGLE-Global (AI),GFS,conus,global 0.25 degree,zonal_wind,zonal_wind,zonal_wind 500,500,240,D10,5.334
nested_global_vs_gfs_regions,Nested-EAGLE-Global (AI),GFS,conus,global 0.25 degree,zonal_wind,zonal_wind,zonal_wind 850,850,24,D1,11.447
nested_global_vs_gfs_regions,Nested-EAGLE-Global (AI),GFS,conus,global 0.25 degree,zonal_wind,zonal_wind,zonal_wind 850,850,48,D2,11.504
nested_global_vs_gfs_regions,Nested-EAGLE-Global (AI),GFS,conus,global 0.25 degree,zonal_wind,zonal_wind,zonal_wind 850,850,72,D3,10.564
nested_global_vs_gfs_regions,Nested-EAGLE-Global (AI),GFS,conus,global 0.25 degree,zonal_wind,zonal_wind,zonal_wind 850,850,96,D4,8.936
nested_global_vs_gfs_regions,Nested-EAGLE-Global (AI),GFS,conus,global 0.25 degree,zonal_wind,zonal_wind,zonal_wind 850,850,120,D5,7.87
nested_global_vs_gfs_regions,Nested-EAGLE-Global (AI),GFS,conus,global 0.25 degree,zonal_wind,zonal_wind,zonal_wind 850,850,144,D6,5.816
nested_global_vs_gfs_regions,Nested-EAGLE-Global (AI),GFS,conus,global 0.25 degree,zonal_wind,zonal_wind,zonal_wind 850,850,168,D7,7.183
nested_global_vs_gfs_regions,Nested-EAGLE-Global (AI),GFS,conus,global 0.25 degree,zonal_wind,zonal_wind,zonal_wind 850,850,192,D8,6.782
nested_global_vs_gfs_regions,Nested-EAGLE-Global (AI),GFS,conus,global 0.25 degree,zonal_wind,zonal_wind,zonal_wind 850,850,216,D9,6.437
nested_global_vs_gfs_regions,Nested-EAGLE-Global (AI),GFS,conus,global 0.25 degree,zonal_wind,zonal_wind,zonal_wind 850,850,240,D10,6.7
nested_global_vs_gfs_regions,Nested-EAGLE-Global (AI),GFS,conus,global 0.25 degree,meridional_wind,meridional_wind,meridional_wind 250,250,24,D1,8.454
nested_global_vs_gfs_regions,Nested-EAGLE-Global (AI),GFS,conus,global 0.25 degree,meridional_wind,meridional_wind,meridional_wind 250,250,48,D2,8.579
nested_global_vs_gfs_regions,Nested-EAGLE-Global (AI),GFS,conus,global 0.25 degree,meridional_wind,meridional_wind,meridional_wind 250,250,72,D3,7.328
nested_global_vs_gfs_regions,Nested-EAGLE-Global (AI),GFS,conus,global 0.25 degree,meridional_wind,meridional_wind,meridional_wind 250,250,96,D4,7.114
nested_global_vs_gfs_regions,Nested-EAGLE-Global (AI),GFS,conus,global 0.25 degree,meridional_wind,meridional_wind,meridional_wind 250,250,120,D5,7.808
nested_global_vs_gfs_regions,Nested-EAGLE-Global (AI),GFS,conus,global 0.25 degree,meridional_wind,meridional_wind,meridional_wind 250,250,144,D6,8.081
nested_global_vs_gfs_regions,Nested-EAGLE-Global (AI),GFS,conus,global 0.25 degree,meridional_wind,meridional_wind,meridional_wind 250,250,168,D7,8.394
nested_global_vs_gfs_regions,Nested-EAGLE-Global (AI),GFS,conus,global 0.25 degree,meridional_wind,meridional_wind,meridional_wind 250,250,192,D8,6.743
nested_global_vs_gfs_regions,Nested-EAGLE-Global (AI),GFS,conus,global 0.25 degree,meridional_wind,meridional_wind,meridional_wind 250,250,216,D9,4.636
nested_global_vs_gfs_regions,Nested-EAGLE-Global (AI),GFS,conus,global 0.25 degree,meridional_wind,meridional_wind,meridional_wind 250,250,240,D10,3.685
nested_global_vs_gfs_regions,Nested-EAGLE-Global (AI),GFS,conus,global 0.25 degree,meridional_wind,meridional_wind,meridional_wind 500,500,24,D1,7.301
nested_global_vs_gfs_regions,Nested-EAGLE-Global (AI),GFS,conus,global 0.25 degree,meridional_wind,meridional_wind,meridional_wind 500,500,48,D2,7.893
nested_global_vs_gfs_regions,Nested-EAGLE-Global (AI),GFS,conus,global 0.25 degree,meridional_wind,meridional_wind,meridional_wind 500,500,72,D3,9.027
nested_global_vs_gfs_regions,Nested-EAGLE-Global (AI),GFS,conus,global 0.25 degree,meridional_wind,meridional_wind,meridional_wind 500,500,96,D4,9.178
nested_global_vs_gfs_regions,Nested-EAGLE-Global (AI),GFS,conus,global 0.25 degree,meridional_wind,meridional_wind,meridional_wind 500,500,120,D5,6.99
nested_global_vs_gfs_regions,Nested-EAGLE-Global (AI),GFS,conus,global 0.25 degree,meridional_wind,meridional_wind,meridional_wind 500,500,144,D6,8.123
nested_global_vs_gfs_regions,Nested-EAGLE-Global (AI),GFS,conus,global 0.25 degree,meridional_wind,meridional_wind,meridional_wind 500,500,168,D7,8.768
nested_global_vs_gfs_regions,Nested-EAGLE-Global (AI),GFS,conus,global 0.25 degree,meridional_wind,meridional_wind,meridional_wind 500,500,192,D8,6.831
nested_global_vs_gfs_regions,Nested-EAGLE-Global (AI),GFS,conus,global 0.25 degree,meridional_wind,meridional_wind,meridional_wind 500,500,216,D9,4.432
nested_global_vs_gfs_regions,Nested-EAGLE-Global (AI),GFS,conus,global 0.25 degree,meridional_wind,meridional_wind,meridional_wind 500,500,240,D10,2.543
nested_global_vs_gfs_regions,Nested-EAGLE-Global (AI),GFS,conus,global 0.25 degree,meridional_wind,meridional_wind,meridional_wind 850,850,24,D1,10.374
nested_global_vs_gfs_regions,Nested-EAGLE-Global (AI),GFS,conus,global 0.25 degree,meridional_wind,meridional_wind,meridional_wind 850,850,48,D2,10.866
nested_global_vs_gfs_regions,Nested-EAGLE-Global (AI),GFS,conus,global 0.25 degree,meridional_wind,meridional_wind,meridional_wind 850,850,72,D3,10.004
nested_global_vs_gfs_regions,Nested-EAGLE-Global (AI),GFS,conus,global 0.25 degree,meridional_wind,meridional_wind,meridional_wind 850,850,96,D4,8.64
nested_global_vs_gfs_regions,Nested-EAGLE-Global (AI),GFS,conus,global 0.25 degree,meridional_wind,meridional_wind,meridional_wind 850,850,120,D5,7.672
nested_global_vs_gfs_regions,Nested-EAGLE-Global (AI),GFS,conus,global 0.25 degree,meridional_wind,meridional_wind,meridional_wind 850,850,144,D6,9.213
nested_global_vs_gfs_regions,Nested-EAGLE-Global (AI),GFS,conus,global 0.25 degree,meridional_wind,meridional_wind,meridional_wind 850,850,168,D7,9.218
nested_global_vs_gfs_regions,Nested-EAGLE-Global (AI),GFS,conus,global 0.25 degree,meridional_wind,meridional_wind,meridional_wind 850,850,192,D8,6.973
nested_global_vs_gfs_regions,Nested-EAGLE-Global (AI),GFS,conus,global 0.25 degree,meridional_wind,meridional_wind,meridional_wind 850,850,216,D9,4.201
nested_global_vs_gfs_regions,Nested-EAGLE-Global (AI),GFS,conus,global 0.25 degree,meridional_wind,meridional_wind,meridional_wind 850,850,240,D10,6.531
nested_global_vs_gfs_regions,Nested-EAGLE-Global (AI),GFS,conus,global 0.25 degree,temperature,temperature,temperature 250,250,24,D1,5.47
nested_global_vs_gfs_regions,Nested-EAGLE-Global (AI),GFS,conus,global 0.25 degree,temperature,temperature,temperature 250,250,48,D2,6.695
nested_global_vs_gfs_regions,Nested-EAGLE-Global (AI),GFS,conus,global 0.25 degree,temperature,temperature,temperature 250,250,72,D3,6.108
nested_global_vs_gfs_regions,Nested-EAGLE-Global (AI),GFS,conus,global 0.25 degree,temperature,temperature,temperature 250,250,96,D4,3.748
nested_global_vs_gfs_regions,Nested-EAGLE-Global (AI),GFS,conus,global 0.25 degree,temperature,temperature,temperature 250,250,120,D5,5.179
nested_global_vs_gfs_regions,Nested-EAGLE-Global (AI),GFS,conus,global 0.25 degree,temperature,temperature,temperature 250,250,144,D6,1.875
nested_global_vs_gfs_regions,Nested-EAGLE-Global (AI),GFS,conus,global 0.25 degree,temperature,temperature,temperature 250,250,168,D7,3.306
nested_global_vs_gfs_regions,Nested-EAGLE-Global (AI),GFS,conus,global 0.25 degree,temperature,temperature,temperature 250,250,192,D8,-1.342
nested_global_vs_gfs_regions,Nested-EAGLE-Global (AI),GFS,conus,global 0.25 degree,temperature,temperature,temperature 250,250,216,D9,0.58
nested_global_vs_gfs_regions,Nested-EAGLE-Global (AI),GFS,conus,global 0.25 degree,temperature,temperature,temperature 250,250,240,D10,0.752
nested_global_vs_gfs_regions,Nested-EAGLE-Global (AI),GFS,conus,global 0.25 degree,temperature,temperature,temperature 500,500,24,D1,3.571
nested_global_vs_gfs_regions,Nested-EAGLE-Global (AI),GFS,conus,global 0.25 degree,temperature,temperature,temperature 500,500,48,D2,4.362
nested_global_vs_gfs_regions,Nested-EAGLE-Global (AI),GFS,conus,global 0.25 degree,temperature,temperature,temperature 500,500,72,D3,6.835
nested_global_vs_gfs_regions,Nested-EAGLE-Global (AI),GFS,conus,global 0.25 degree,temperature,temperature,temperature 500,500,96,D4,4.844
nested_global_vs_gfs_regions,Nested-EAGLE-Global (AI),GFS,conus,global 0.25 degree,temperature,temperature,temperature 500,500,120,D5,7.059
nested_global_vs_gfs_regions,Nested-EAGLE-Global (AI),GFS,conus,global 0.25 degree,temperature,temperature,temperature 500,500,144,D6,4.951
nested_global_vs_gfs_regions,Nested-EAGLE-Global (AI),GFS,conus,global 0.25 degree,temperature,temperature,temperature 500,500,168,D7,7.003
nested_global_vs_gfs_regions,Nested-EAGLE-Global (AI),GFS,conus,global 0.25 degree,temperature,temperature,temperature 500,500,192,D8,6.022
nested_global_vs_gfs_regions,Nested-EAGLE-Global (AI),GFS,conus,global 0.25 degree,temperature,temperature,temperature 500,500,216,D9,5.597
nested_global_vs_gfs_regions,Nested-EAGLE-Global (AI),GFS,conus,global 0.25 degree,temperature,temperature,temperature 500,500,240,D10,6.365
nested_global_vs_gfs_regions,Nested-EAGLE-Global (AI),GFS,conus,global 0.25 degree,temperature,temperature,temperature 850,850,24,D1,17.815
nested_global_vs_gfs_regions,Nested-EAGLE-Global (AI),GFS,conus,global 0.25 degree,temperature,temperature,temperature 850,850,48,D2,18.919
nested_global_vs_gfs_regions,Nested-EAGLE-Global (AI),GFS,conus,global 0.25 degree,temperature,temperature,temperature 850,850,72,D3,16.37
nested_global_vs_gfs_regions,Nested-EAGLE-Global (AI),GFS,conus,global 0.25 degree,temperature,temperature,temperature 850,850,96,D4,12.107
nested_global_vs_gfs_regions,Nested-EAGLE-Global (AI),GFS,conus,global 0.25 degree,temperature,temperature,temperature 850,850,120,D5,6.586
nested_global_vs_gfs_regions,Nested-EAGLE-Global (AI),GFS,conus,global 0.25 degree,temperature,temperature,temperature 850,850,144,D6,6.638
nested_global_vs_gfs_regions,Nested-EAGLE-Global (AI),GFS,conus,global 0.25 degree,temperature,temperature,temperature 850,850,168,D7,7.215
nested_global_vs_gfs_regions,Nested-EAGLE-Global (AI),GFS,conus,global 0.25 degree,temperature,temperature,temperature 850,850,192,D8,5.21
nested_global_vs_gfs_regions,Nested-EAGLE-Global (AI),GFS,conus,global 0.25 degree,temperature,temperature,temperature 850,850,216,D9,3.059
nested_global_vs_gfs_regions,Nested-EAGLE-Global (AI),GFS,conus,global 0.25 degree,temperature,temperature,temperature 850,850,240,D10,4.182
nested_global_vs_gfs_regions,Nested-EAGLE-Global (AI),GFS,conus,global 0.25 degree,specific_humidity,specific_humidity,specific_humidity 250,250,24,D1,8.911
nested_global_vs_gfs_regions,Nested-EAGLE-Global (AI),GFS,conus,global 0.25 degree,specific_humidity,specific_humidity,specific_humidity 250,250,48,D2,12.917
nested_global_vs_gfs_regions,Nested-EAGLE-Global (AI),GFS,conus,global 0.25 degree,specific_humidity,specific_humidity,specific_humidity 250,250,72,D3,12.984
nested_global_vs_gfs_regions,Nested-EAGLE-Global (AI),GFS,conus,global 0.25 degree,specific_humidity,specific_humidity,specific_humidity 250,250,96,D4,15.188
nested_global_vs_gfs_regions,Nested-EAGLE-Global (AI),GFS,conus,global 0.25 degree,specific_humidity,specific_humidity,specific_humidity 250,250,120,D5,12.782
nested_global_vs_gfs_regions,Nested-EAGLE-Global (AI),GFS,conus,global 0.25 degree,specific_humidity,specific_humidity,specific_humidity 250,250,144,D6,13.562
nested_global_vs_gfs_regions,Nested-EAGLE-Global (AI),GFS,conus,global 0.25 degree,specific_humidity,specific_humidity,specific_humidity 250,250,168,D7,16.356
nested_global_vs_gfs_regions,Nested-EAGLE-Global (AI),GFS,conus,global 0.25 degree,specific_humidity,specific_humidity,specific_humidity 250,250,192,D8,13.883
nested_global_vs_gfs_regions,Nested-EAGLE-Global (AI),GFS,conus,global 0.25 degree,specific_humidity,specific_humidity,specific_humidity 250,250,216,D9,13.524
nested_global_vs_gfs_regions,Nested-EAGLE-Global (AI),GFS,conus,global 0.25 degree,specific_humidity,specific_humidity,specific_humidity 250,250,240,D10,13.611
nested_global_vs_gfs_regions,Nested-EAGLE-Global (AI),GFS,conus,global 0.25 degree,specific_humidity,specific_humidity,specific_humidity 500,500,24,D1,9.325
nested_global_vs_gfs_regions,Nested-EAGLE-Global (AI),GFS,conus,global 0.25 degree,specific_humidity,specific_humidity,specific_humidity 500,500,48,D2,13.067
nested_global_vs_gfs_regions,Nested-EAGLE-Global (AI),GFS,conus,global 0.25 degree,specific_humidity,specific_humidity,specific_humidity 500,500,72,D3,12.925
nested_global_vs_gfs_regions,Nested-EAGLE-Global (AI),GFS,conus,global 0.25 degree,specific_humidity,specific_humidity,specific_humidity 500,500,96,D4,14.006
nested_global_vs_gfs_regions,Nested-EAGLE-Global (AI),GFS,conus,global 0.25 degree,specific_humidity,specific_humidity,specific_humidity 500,500,120,D5,13.17
nested_global_vs_gfs_regions,Nested-EAGLE-Global (AI),GFS,conus,global 0.25 degree,specific_humidity,specific_humidity,specific_humidity 500,500,144,D6,12.746
nested_global_vs_gfs_regions,Nested-EAGLE-Global (AI),GFS,conus,global 0.25 degree,specific_humidity,specific_humidity,specific_humidity 500,500,168,D7,13.493
nested_global_vs_gfs_regions,Nested-EAGLE-Global (AI),GFS,conus,global 0.25 degree,specific_humidity,specific_humidity,specific_humidity 500,500,192,D8,14.621
nested_global_vs_gfs_regions,Nested-EAGLE-Global (AI),GFS,conus,global 0.25 degree,specific_humidity,specific_humidity,specific_humidity 500,500,216,D9,11.145
nested_global_vs_gfs_regions,Nested-EAGLE-Global (AI),GFS,conus,global 0.25 degree,specific_humidity,specific_humidity,specific_humidity 500,500,240,D10,10.518
nested_global_vs_gfs_regions,Nested-EAGLE-Global (AI),GFS,conus,global 0.25 degree,specific_humidity,specific_humidity,specific_humidity 850,850,24,D1,10.444
nested_global_vs_gfs_regions,Nested-EAGLE-Global (AI),GFS,conus,global 0.25 degree,specific_humidity,specific_humidity,specific_humidity 850,850,48,D2,13.162
nested_global_vs_gfs_regions,Nested-EAGLE-Global (AI),GFS,conus,global 0.25 degree,specific_humidity,specific_humidity,specific_humidity 850,850,72,D3,13.179
nested_global_vs_gfs_regions,Nested-EAGLE-Global (AI),GFS,conus,global 0.25 degree,specific_humidity,specific_humidity,specific_humidity 850,850,96,D4,12.487
nested_global_vs_gfs_regions,Nested-EAGLE-Global (AI),GFS,conus,global 0.25 degree,specific_humidity,specific_humidity,specific_humidity 850,850,120,D5,9.7
nested_global_vs_gfs_regions,Nested-EAGLE-Global (AI),GFS,conus,global 0.25 degree,specific_humidity,specific_humidity,specific_humidity 850,850,144,D6,11.491
nested_global_vs_gfs_regions,Nested-EAGLE-Global (AI),GFS,conus,global 0.25 degree,specific_humidity,specific_humidity,specific_humidity 850,850,168,D7,11.158
nested_global_vs_gfs_regions,Nested-EAGLE-Global (AI),GFS,conus,global 0.25 degree,specific_humidity,specific_humidity,specific_humidity 850,850,192,D8,11.597
nested_global_vs_gfs_regions,Nested-EAGLE-Global (AI),GFS,conus,global 0.25 degree,specific_humidity,specific_humidity,specific_humidity 850,850,216,D9,9.226
nested_global_vs_gfs_regions,Nested-EAGLE-Global (AI),GFS,conus,global 0.25 degree,specific_humidity,specific_humidity,specific_humidity 850,850,240,D10,7.988
nested_global_vs_gfs_regions,Nested-EAGLE-Global (AI),GFS,conus,global 0.25 degree,wind_speed,wind_speed,wind_speed 250,250,24,D1,6.675
nested_global_vs_gfs_regions,Nested-EAGLE-Global (AI),GFS,conus,global 0.25 degree,wind_speed,wind_speed,wind_speed 250,250,48,D2,8.149
nested_global_vs_gfs_regions,Nested-EAGLE-Global (AI),GFS,conus,global 0.25 degree,wind_speed,wind_speed,wind_speed 250,250,72,D3,7.056
nested_global_vs_gfs_regions,Nested-EAGLE-Global (AI),GFS,conus,global 0.25 degree,wind_speed,wind_speed,wind_speed 250,250,96,D4,6.81
nested_global_vs_gfs_regions,Nested-EAGLE-Global (AI),GFS,conus,global 0.25 degree,wind_speed,wind_speed,wind_speed 250,250,120,D5,6.029
nested_global_vs_gfs_regions,Nested-EAGLE-Global (AI),GFS,conus,global 0.25 degree,wind_speed,wind_speed,wind_speed 250,250,144,D6,5.986
nested_global_vs_gfs_regions,Nested-EAGLE-Global (AI),GFS,conus,global 0.25 degree,wind_speed,wind_speed,wind_speed 250,250,168,D7,5.341
nested_global_vs_gfs_regions,Nested-EAGLE-Global (AI),GFS,conus,global 0.25 degree,wind_speed,wind_speed,wind_speed 250,250,192,D8,4.32
nested_global_vs_gfs_regions,Nested-EAGLE-Global (AI),GFS,conus,global 0.25 degree,wind_speed,wind_speed,wind_speed 250,250,216,D9,5.349
nested_global_vs_gfs_regions,Nested-EAGLE-Global (AI),GFS,conus,global 0.25 degree,wind_speed,wind_speed,wind_speed 250,250,240,D10,3.012
nested_global_vs_gfs_regions,Nested-EAGLE-Global (AI),GFS,conus,global 0.25 degree,wind_speed,wind_speed,wind_speed 500,500,24,D1,5.579
nested_global_vs_gfs_regions,Nested-EAGLE-Global (AI),GFS,conus,global 0.25 degree,wind_speed,wind_speed,wind_speed 500,500,48,D2,7.337
nested_global_vs_gfs_regions,Nested-EAGLE-Global (AI),GFS,conus,global 0.25 degree,wind_speed,wind_speed,wind_speed 500,500,72,D3,8.992
nested_global_vs_gfs_regions,Nested-EAGLE-Global (AI),GFS,conus,global 0.25 degree,wind_speed,wind_speed,wind_speed 500,500,96,D4,6.544
nested_global_vs_gfs_regions,Nested-EAGLE-Global (AI),GFS,conus,global 0.25 degree,wind_speed,wind_speed,wind_speed 500,500,120,D5,6.105
nested_global_vs_gfs_regions,Nested-EAGLE-Global (AI),GFS,conus,global 0.25 degree,wind_speed,wind_speed,wind_speed 500,500,144,D6,5.634
nested_global_vs_gfs_regions,Nested-EAGLE-Global (AI),GFS,conus,global 0.25 degree,wind_speed,wind_speed,wind_speed 500,500,168,D7,6.235
nested_global_vs_gfs_regions,Nested-EAGLE-Global (AI),GFS,conus,global 0.25 degree,wind_speed,wind_speed,wind_speed 500,500,192,D8,3.75
nested_global_vs_gfs_regions,Nested-EAGLE-Global (AI),GFS,conus,global 0.25 degree,wind_speed,wind_speed,wind_speed 500,500,216,D9,3.45
nested_global_vs_gfs_regions,Nested-EAGLE-Global (AI),GFS,conus,global 0.25 degree,wind_speed,wind_speed,wind_speed 500,500,240,D10,3.416
nested_global_vs_gfs_regions,Nested-EAGLE-Global (AI),GFS,conus,global 0.25 degree,wind_speed,wind_speed,wind_speed 850,850,24,D1,7.612
nested_global_vs_gfs_regions,Nested-EAGLE-Global (AI),GFS,conus,global 0.25 degree,wind_speed,wind_speed,wind_speed 850,850,48,D2,8.475
nested_global_vs_gfs_regions,Nested-EAGLE-Global (AI),GFS,conus,global 0.25 degree,wind_speed,wind_speed,wind_speed 850,850,72,D3,8.553
nested_global_vs_gfs_regions,Nested-EAGLE-Global (AI),GFS,conus,global 0.25 degree,wind_speed,wind_speed,wind_speed 850,850,96,D4,6.681
nested_global_vs_gfs_regions,Nested-EAGLE-Global (AI),GFS,conus,global 0.25 degree,wind_speed,wind_speed,wind_speed 850,850,120,D5,6.08
nested_global_vs_gfs_regions,Nested-EAGLE-Global (AI),GFS,conus,global 0.25 degree,wind_speed,wind_speed,wind_speed 850,850,144,D6,5.92
nested_global_vs_gfs_regions,Nested-EAGLE-Global (AI),GFS,conus,global 0.25 degree,wind_speed,wind_speed,wind_speed 850,850,168,D7,6.497
nested_global_vs_gfs_regions,Nested-EAGLE-Global (AI),GFS,conus,global 0.25 degree,wind_speed,wind_speed,wind_speed 850,850,192,D8,5.194
nested_global_vs_gfs_regions,Nested-EAGLE-Global (AI),GFS,conus,global 0.25 degree,wind_speed,wind_speed,wind_speed 850,850,216,D9,4.491
nested_global_vs_gfs_regions,Nested-EAGLE-Global (AI),GFS,conus,global 0.25 degree,wind_speed,wind_speed,wind_speed 850,850,240,D10,4.567
nested_global_vs_gfs_regions,Nested-EAGLE-Global (AI),GFS,conus,global 0.25 degree,surface,surface_pressure,surface_pressure,,24,D1,1.881
nested_global_vs_gfs_regions,Nested-EAGLE-Global (AI),GFS,conus,global 0.25 degree,surface,surface_pressure,surface_pressure,,48,D2,1.826
nested_global_vs_gfs_regions,Nested-EAGLE-Global (AI),GFS,conus,global 0.25 degree,surface,surface_pressure,surface_pressure,,72,D3,1.344
nested_global_vs_gfs_regions,Nested-EAGLE-Global (AI),GFS,conus,global 0.25 degree,surface,surface_pressure,surface_pressure,,96,D4,0.76
nested_global_vs_gfs_regions,Nested-EAGLE-Global (AI),GFS,conus,global 0.25 degree,surface,surface_pressure,surface_pressure,,120,D5,0.515
nested_global_vs_gfs_regions,Nested-EAGLE-Global (AI),GFS,conus,global 0.25 degree,surface,surface_pressure,surface_pressure,,144,D6,0.2
nested_global_vs_gfs_regions,Nested-EAGLE-Global (AI),GFS,conus,global 0.25 degree,surface,surface_pressure,surface_pressure,,168,D7,0.406
nested_global_vs_gfs_regions,Nested-EAGLE-Global (AI),GFS,conus,global 0.25 degree,surface,surface_pressure,surface_pressure,,192,D8,0.169
nested_global_vs_gfs_regions,Nested-EAGLE-Global (AI),GFS,conus,global 0.25 degree,surface,surface_pressure,surface_pressure,,216,D9,-0.147
nested_global_vs_gfs_regions,Nested-EAGLE-Global (AI),GFS,conus,global 0.25 degree,surface,surface_pressure,surface_pressure,,240,D10,-0.642
nested_global_vs_gfs_regions,Nested-EAGLE-Global (AI),GFS,conus,global 0.25 degree,surface,10m_zonal_wind,10m_zonal_wind,,24,D1,17.285
nested_global_vs_gfs_regions,Nested-EAGLE-Global (AI),GFS,conus,global 0.25 degree,surface,10m_zonal_wind,10m_zonal_wind,,48,D2,17.509
nested_global_vs_gfs_regions,Nested-EAGLE-Global (AI),GFS,conus,global 0.25 degree,surface,10m_zonal_wind,10m_zonal_wind,,72,D3,16.644
nested_global_vs_gfs_regions,Nested-EAGLE-Global (AI),GFS,conus,global 0.25 degree,surface,10m_zonal_wind,10m_zonal_wind,,96,D4,15.256
nested_global_vs_gfs_regions,Nested-EAGLE-Global (AI),GFS,conus,global 0.25 degree,surface,10m_zonal_wind,10m_zonal_wind,,120,D5,13.591
nested_global_vs_gfs_regions,Nested-EAGLE-Global (AI),GFS,conus,global 0.25 degree,surface,10m_zonal_wind,10m_zonal_wind,,144,D6,13.186
nested_global_vs_gfs_regions,Nested-EAGLE-Global (AI),GFS,conus,global 0.25 degree,surface,10m_zonal_wind,10m_zonal_wind,,168,D7,14.111
nested_global_vs_gfs_regions,Nested-EAGLE-Global (AI),GFS,conus,global 0.25 degree,surface,10m_zonal_wind,10m_zonal_wind,,192,D8,12.362
nested_global_vs_gfs_regions,Nested-EAGLE-Global (AI),GFS,conus,global 0.25 degree,surface,10m_zonal_wind,10m_zonal_wind,,216,D9,10.251
nested_global_vs_gfs_regions,Nested-EAGLE-Global (AI),GFS,conus,global 0.25 degree,surface,10m_zonal_wind,10m_zonal_wind,,240,D10,11.151
nested_global_vs_gfs_regions,Nested-EAGLE-Global (AI),GFS,conus,global 0.25 degree,surface,10m_meridional_wind,10m_meridional_wind,,24,D1,16.543
nested_global_vs_gfs_regions,Nested-EAGLE-Global (AI),GFS,conus,global 0.25 degree,surface,10m_meridional_wind,10m_meridional_wind,,48,D2,16.829
nested_global_vs_gfs_regions,Nested-EAGLE-Global (AI),GFS,conus,global 0.25 degree,surface,10m_meridional_wind,10m_meridional_wind,,72,D3,16.104
nested_global_vs_gfs_regions,Nested-EAGLE-Global (AI),GFS,conus,global 0.25 degree,surface,10m_meridional_wind,10m_meridional_wind,,96,D4,14.985
nested_global_vs_gfs_regions,Nested-EAGLE-Global (AI),GFS,conus,global 0.25 degree,surface,10m_meridional_wind,10m_meridional_wind,,120,D5,13.322
nested_global_vs_gfs_regions,Nested-EAGLE-Global (AI),GFS,conus,global 0.25 degree,surface,10m_meridional_wind,10m_meridional_wind,,144,D6,13.932
nested_global_vs_gfs_regions,Nested-EAGLE-Global (AI),GFS,conus,global 0.25 degree,surface,10m_meridional_wind,10m_meridional_wind,,168,D7,14.184
nested_global_vs_gfs_regions,Nested-EAGLE-Global (AI),GFS,conus,global 0.25 degree,surface,10m_meridional_wind,10m_meridional_wind,,192,D8,12.889
nested_global_vs_gfs_regions,Nested-EAGLE-Global (AI),GFS,conus,global 0.25 degree,surface,10m_meridional_wind,10m_meridional_wind,,216,D9,11.803
nested_global_vs_gfs_regions,Nested-EAGLE-Global (AI),GFS,conus,global 0.25 degree,surface,10m_meridional_wind,10m_meridional_wind,,240,D10,12.656
nested_global_vs_gfs_regions,Nested-EAGLE-Global (AI),GFS,conus,global 0.25 degree,surface,2m_temperature,2m_temperature,,24,D1,23.094
nested_global_vs_gfs_regions,Nested-EAGLE-Global (AI),GFS,conus,global 0.25 degree,surface,2m_temperature,2m_temperature,,48,D2,20.822
nested_global_vs_gfs_regions,Nested-EAGLE-Global (AI),GFS,conus,global 0.25 degree,surface,2m_temperature,2m_temperature,,72,D3,18.096
nested_global_vs_gfs_regions,Nested-EAGLE-Global (AI),GFS,conus,global 0.25 degree,surface,2m_temperature,2m_temperature,,96,D4,16.042
nested_global_vs_gfs_regions,Nested-EAGLE-Global (AI),GFS,conus,global 0.25 degree,surface,2m_temperature,2m_temperature,,120,D5,12.671
nested_global_vs_gfs_regions,Nested-EAGLE-Global (AI),GFS,conus,global 0.25 degree,surface,2m_temperature,2m_temperature,,144,D6,10.468
nested_global_vs_gfs_regions,Nested-EAGLE-Global (AI),GFS,conus,global 0.25 degree,surface,2m_temperature,2m_temperature,,168,D7,9.71
nested_global_vs_gfs_regions,Nested-EAGLE-Global (AI),GFS,conus,global 0.25 degree,surface,2m_temperature,2m_temperature,,192,D8,6.631
nested_global_vs_gfs_regions,Nested-EAGLE-Global (AI),GFS,conus,global 0.25 degree,surface,2m_temperature,2m_temperature,,216,D9,4.547
nested_global_vs_gfs_regions,Nested-EAGLE-Global (AI),GFS,conus,global 0.25 degree,surface,2m_temperature,2m_temperature,,240,D10,3.773
nested_global_vs_gfs_regions,Nested-EAGLE-Global (AI),GFS,conus,global 0.25 degree,surface,2m_specific_humidity,2m_specific_humidity,,24,D1,12.351
nested_global_vs_gfs_regions,Nested-EAGLE-Global (AI),GFS,conus,global 0.25 degree,surface,2m_specific_humidity,2m_specific_humidity,,48,D2,11.988
nested_global_vs_gfs_regions,Nested-EAGLE-Global (AI),GFS,conus,global 0.25 degree,surface,2m_specific_humidity,2m_specific_humidity,,72,D3,11.072
nested_global_vs_gfs_regions,Nested-EAGLE-Global (AI),GFS,conus,global 0.25 degree,surface,2m_specific_humidity,2m_specific_humidity,,96,D4,9.702
nested_global_vs_gfs_regions,Nested-EAGLE-Global (AI),GFS,conus,global 0.25 degree,surface,2m_specific_humidity,2m_specific_humidity,,120,D5,9.049
nested_global_vs_gfs_regions,Nested-EAGLE-Global (AI),GFS,conus,global 0.25 degree,surface,2m_specific_humidity,2m_specific_humidity,,144,D6,8.036
nested_global_vs_gfs_regions,Nested-EAGLE-Global (AI),GFS,conus,global 0.25 degree,surface,2m_specific_humidity,2m_specific_humidity,,168,D7,7.529
nested_global_vs_gfs_regions,Nested-EAGLE-Global (AI),GFS,conus,global 0.25 degree,surface,2m_specific_humidity,2m_specific_humidity,,192,D8,7.055
nested_global_vs_gfs_regions,Nested-EAGLE-Global (AI),GFS,conus,global 0.25 degree,surface,2m_specific_humidity,2m_specific_humidity,,216,D9,5.856
nested_global_vs_gfs_regions,Nested-EAGLE-Global (AI),GFS,conus,global 0.25 degree,surface,2m_specific_humidity,2m_specific_humidity,,240,D10,5.152
nested_global_vs_gfs_regions,Nested-EAGLE-Global (AI),GFS,conus,global 0.25 degree,surface,10m_wind_speed,10m_wind_speed,,24,D1,12.521
nested_global_vs_gfs_regions,Nested-EAGLE-Global (AI),GFS,conus,global 0.25 degree,surface,10m_wind_speed,10m_wind_speed,,48,D2,12.62
nested_global_vs_gfs_regions,Nested-EAGLE-Global (AI),GFS,conus,global 0.25 degree,surface,10m_wind_speed,10m_wind_speed,,72,D3,12.139
nested_global_vs_gfs_regions,Nested-EAGLE-Global (AI),GFS,conus,global 0.25 degree,surface,10m_wind_speed,10m_wind_speed,,96,D4,11.234
nested_global_vs_gfs_regions,Nested-EAGLE-Global (AI),GFS,conus,global 0.25 degree,surface,10m_wind_speed,10m_wind_speed,,120,D5,10.288
nested_global_vs_gfs_regions,Nested-EAGLE-Global (AI),GFS,conus,global 0.25 degree,surface,10m_wind_speed,10m_wind_speed,,144,D6,10.531
nested_global_vs_gfs_regions,Nested-EAGLE-Global (AI),GFS,conus,global 0.25 degree,surface,10m_wind_speed,10m_wind_speed,,168,D7,10.223
nested_global_vs_gfs_regions,Nested-EAGLE-Global (AI),GFS,conus,global 0.25 degree,surface,10m_wind_speed,10m_wind_speed,,192,D8,9.165
nested_global_vs_gfs_regions,Nested-EAGLE-Global (AI),GFS,conus,global 0.25 degree,surface,10m_wind_speed,10m_wind_speed,,216,D9,8.464
nested_global_vs_gfs_regions,Nested-EAGLE-Global (AI),GFS,conus,global 0.25 degree,surface,10m_wind_speed,10m_wind_speed,,240,D10,9.702
